-- MySQL dump 10.16  Distrib 10.1.34-MariaDB, for Linux (x86_64)
--
-- Host: localhost    Database: db_lab3
-- ------------------------------------------------------
-- Server version	10.1.34-MariaDB

/*!40101 SET @OLD_CHARACTER_SET_CLIENT=@@CHARACTER_SET_CLIENT */;
/*!40101 SET @OLD_CHARACTER_SET_RESULTS=@@CHARACTER_SET_RESULTS */;
/*!40101 SET @OLD_COLLATION_CONNECTION=@@COLLATION_CONNECTION */;
/*!40101 SET NAMES utf8 */;
/*!40103 SET @OLD_TIME_ZONE=@@TIME_ZONE */;
/*!40103 SET TIME_ZONE='+00:00' */;
/*!40014 SET @OLD_UNIQUE_CHECKS=@@UNIQUE_CHECKS, UNIQUE_CHECKS=0 */;
/*!40014 SET @OLD_FOREIGN_KEY_CHECKS=@@FOREIGN_KEY_CHECKS, FOREIGN_KEY_CHECKS=0 */;
/*!40101 SET @OLD_SQL_MODE=@@SQL_MODE, SQL_MODE='NO_AUTO_VALUE_ON_ZERO' */;
/*!40111 SET @OLD_SQL_NOTES=@@SQL_NOTES, SQL_NOTES=0 */;

--
-- Current Database: `db_lab3`
--

CREATE DATABASE /*!32312 IF NOT EXISTS*/ `db_lab3` /*!40100 DEFAULT CHARACTER SET utf8mb4 COLLATE utf8mb4_unicode_ci */;

USE `db_lab3`;

--
-- Table structure for table `Course`
--

DROP TABLE IF EXISTS `Course`;
/*!40101 SET @saved_cs_client     = @@character_set_client */;
/*!40101 SET character_set_client = utf8 */;
CREATE TABLE `Course` (
  `id` char(10) COLLATE utf8mb4_unicode_ci NOT NULL,
  `name` varchar(50) CHARACTER SET utf8 NOT NULL,
  `span` int(11) DEFAULT NULL,
  `season` int(11) DEFAULT NULL,
  PRIMARY KEY (`id`)
) ENGINE=InnoDB DEFAULT CHARSET=utf8mb4 COLLATE=utf8mb4_unicode_ci;
/*!40101 SET character_set_client = @saved_cs_client */;

--
-- Dumping data for table `Course`
--

LOCK TABLES `Course` WRITE;
/*!40000 ALTER TABLE `Course` DISABLE KEYS */;
INSERT INTO `Course` VALUES ('C201800001','线性代数（一）',40,5),('C201800002','概率论与数理统计（三）',40,1),('C201800003','复变函数与积分变换',40,5),('C201800004','人文社科类选修课程',160,2),('C201800005','C语言程序设计',48,3),('C201800006','C语言程序设计实验',32,1),('C201800007','电路理论（五）',64,4),('C201800008','模拟电子技术（二）',48,1),('C201800009','信号与线性系统',40,4),('C201800010','数字电路与逻辑设计（一）',56,1),('C201800011','数字电路与逻辑设计实验',16,5),('C201800012','计算机通信与网络',40,4),('C201800013','计算机通信与网络实践',32,4),('C201800014','离散数学（一）',40,6),('C201800015','离散数学（二）',40,3),('C201800016','数据结构',48,8),('C201800017','数据结构实验',32,8),('C201800018','汇编语言程序设计',24,7),('C201800019','汇编语言程序设计实践',32,1),('C201800020','计算机组成原理',48,8),('C201800021','计算机组成原理实验',16,7),('C201800022','操作系统原理',56,7),('C201800023','操作系统原理实验',16,4),('C201800024','数据库系统原理',48,7),('C201800025','数据库系统原理实践',32,3),('C201800026','计算机系统结构',40,1),('C201800027','Verilog 语言 ',32,3),('C201800028','计算机系统基础 ',40,7),('C201800029','数值分析',32,2),('C201800030','信息安全概论',32,7),('C201800031','嵌入式系统',32,4),('C201800032','信息存储技术',24,1),('C201800033','软件工程',40,2),('C201800034','C++ 程序设计',40,2),('C201800035','JAVA语言程序设计',40,6),('C201800036','并行编程原理与实践',32,8),('C201800037','云计算与虚拟化',24,4),('C201800038','游戏软件开发导论',32,2),('C201800039','游戏开发核心技术',40,2),('C201800040','基于平台的编程',24,4),('C201800041','社会网络与计算',24,7),('C201800042','移动终端软件开发',24,3),('C201800043','机器学习',24,1),('C201800044','搜索引擎技术基础',24,3),('C201800045','数字图像处理',24,7),('C201800046','军事训练',80,2),('C201800047','电工实习',80,7),('C201800048','生产实习',120,4),('C201800049','C语言课程设计',18,1),('C201800050','数字逻辑课程设计',40,2);
/*!40000 ALTER TABLE `Course` ENABLE KEYS */;
UNLOCK TABLES;

--
-- Table structure for table `Manager`
--

DROP TABLE IF EXISTS `Manager`;
/*!40101 SET @saved_cs_client     = @@character_set_client */;
/*!40101 SET character_set_client = utf8 */;
CREATE TABLE `Manager` (
  `id` char(10) COLLATE utf8mb4_unicode_ci NOT NULL,
  `name` varchar(50) CHARACTER SET utf8 NOT NULL,
  `username` varchar(20) COLLATE utf8mb4_unicode_ci DEFAULT NULL,
  `password` char(64) COLLATE utf8mb4_unicode_ci NOT NULL,
  PRIMARY KEY (`id`),
  UNIQUE KEY `username` (`username`)
) ENGINE=InnoDB DEFAULT CHARSET=utf8mb4 COLLATE=utf8mb4_unicode_ci;
/*!40101 SET character_set_client = @saved_cs_client */;

--
-- Dumping data for table `Manager`
--

LOCK TABLES `Manager` WRITE;
/*!40000 ALTER TABLE `Manager` DISABLE KEYS */;
INSERT INTO `Manager` VALUES ('M201800001','邰如凡','M201800001','61dcd36e613263a7e5ccc30b7568ec83'),('M201800002','孙莎莎','M201800002','d4857b82a3037ebd6907393b619a52f3'),('M201800003','苍寄波','M201800003','23c9486eb710f6271f41da279151d589'),('M201800004','郗明凝','M201800004','025183a911450cb2796e4e64048a4b60'),('M201800005','沃子蕙','M201800005','5258f733b8de0042748b427a1c8bd799'),('M201800006','燕谷菱','M201800006','6b90fc8404b282185c48cd065608bb7a'),('M201800007','冯欣彩','M201800007','ccbd051313090bf7ac6f341b8d01f76c'),('M201800008','江蕙兰','M201800008','d27a5f79e6ad1afe5d48ddad69403b83'),('M201800009','羿鹤梅','M201800009','7c0bbf1890f2f53f743c446908c84c4b'),('M201800010','空鸾瑶','M201800010','41d0be004d53ea5d865f7443dc72fd16'),('M201800011','伊华荣','M201800011','29fd6a42274cb07e497d8c589cba4316'),('M201800012','池乐人','M201800012','027bd4a87fc36bb5b6a8a01649e2d90e'),('M201800013','通锐意','M201800013','be89fbef65d2926695466a1bff8542cf'),('M201800014','龙元亮','M201800014','36f73a4bf69b41e263af918209707fd6'),('M201800015','空伟才','M201800015','2b395be28cf8b42e7d330fd8b6b97e6a'),('M201800016','郜鸿羲','M201800016','7a0ce8bfd347a4d7d84f965de0a41e95'),('M201800017','尚德佑','M201800017','832aff158df9a96ec4f76c87737cfa91'),('M201800018','慕天赋','M201800018','fbefd62bc1d67c4b1170459b8590e000'),('M201800019','邰立辉','M201800019','eb1e6b226dd0391ff9a86c79c615e6ed'),('M201800020','夏宏大','M201800020','569178b57efb4d632419b12a5ebc8653');
/*!40000 ALTER TABLE `Manager` ENABLE KEYS */;
UNLOCK TABLES;

--
-- Table structure for table `Student`
--

DROP TABLE IF EXISTS `Student`;
/*!40101 SET @saved_cs_client     = @@character_set_client */;
/*!40101 SET character_set_client = utf8 */;
CREATE TABLE `Student` (
  `id` char(10) COLLATE utf8mb4_unicode_ci NOT NULL,
  `name` varchar(50) CHARACTER SET utf8 NOT NULL,
  `username` varchar(20) COLLATE utf8mb4_unicode_ci DEFAULT NULL,
  `password` char(64) COLLATE utf8mb4_unicode_ci NOT NULL,
  PRIMARY KEY (`id`),
  UNIQUE KEY `username` (`username`)
) ENGINE=InnoDB DEFAULT CHARSET=utf8mb4 COLLATE=utf8mb4_unicode_ci;
/*!40101 SET character_set_client = @saved_cs_client */;

--
-- Dumping data for table `Student`
--

LOCK TABLES `Student` WRITE;
/*!40000 ALTER TABLE `Student` DISABLE KEYS */;
INSERT INTO `Student` VALUES ('S201800001','李德彧','S201800001','69fdf3fe5f69c460f48a70f2062e6a0b'),('S201800002','刘楼林','S201800002','04cf8ece1c47fd653f6b9a2834845b06'),('S201800003','朱增晶','S201800003','7e3b0debdac5313dc15e4b1b4f73eaa7'),('S201800004','曹德余','S201800004','458fb6dbda6e3a184c70f7bce2b0db70'),('S201800005','黄小华','S201800005','c0753ab155df1b5702ef0c25c2f33827'),('S201800006','王耀健','S201800006','e93264d8fba783c8f21a56a8e8b72070'),('S201800007','顾云芳','S201800007','b7d800ae5b59f61a24b8f85945ef74ca'),('S201800008','吴思玉','S201800008','da7eff0edea2453c4625a8f43bde64a8'),('S201800009','张志双','S201800009','4f6007ae539caa38c74507c7f4802495'),('S201800010','韩牧盛','S201800010','1a7085cf03f4f8b39d11a279497e5c03'),('S201800011','罗福晶','S201800011','9225b8061d224ffcc59f3be638ade1b7'),('S201800012','黄定婷','S201800012','b9f127f9731db2d68550f3e333e2f895'),('S201800013','谢凤淇','S201800013','68303babdf4a558e2b06d2e386f6ef38'),('S201800014','李明永','S201800014','8f2e5c32033a5ecd65ae5e9291762145'),('S201800015','袁伶长','S201800015','2f85f4fffb3850577b216eca049bc3b3'),('S201800016','宋卫涛','S201800016','bc01373c791d9e3a68e9d03a7839c66d'),('S201800017','王巧良','S201800017','c7385d211737a30d2845d826780ec828'),('S201800018','张继汉','S201800018','da05fca45006f22ce5abf466ccc4e9b7'),('S201800019','袁毅娘','S201800019','01264ad67e816af7876ffa2c524a13ce'),('S201800020','杨敏哲','S201800020','f25dba20e2f5a5014a02c89fd2057d4f'),('S201800021','陈毅主','S201800021','70ca19e33d66af1be2bd9aaa5ae0de0d'),('S201800022','王云兴','S201800022','a947a1d354ef19dd4f7cecb6418a0c97'),('S201800023','高蜀伟','S201800023','785f4fa522ea77c965b9ff73fd824510'),('S201800024','郭歆溪','S201800024','d298c5516b57f61e1a8595c2c428e1b7'),('S201800025','罗玉珊','S201800025','08b74b33d76aa021be9e5c27519d4cde'),('S201800026','王明和','S201800026','4737990e94163f13ab71eae483bb9c59'),('S201800027','许韶妹','S201800027','2600891d48bb52d80c2c84824cc084e4'),('S201800028','罗志新','S201800028','c6f5c34861fdf94a91084c9039a5e34f'),('S201800029','张新楠','S201800029','e97310a1bc75d0fa6ebaa5a9272e5fb1'),('S201800030','高亚飞','S201800030','9a478cfecfa53becdb3b78f265efb308'),('S201800031','郑秀定','S201800031','706a653bcddca26584e2a775d78f6e28'),('S201800032','陈星福','S201800032','b997979692d98cadc3e9bb1690511f30'),('S201800033','张杭敏','S201800033','b16673deb13901b99f9b4964b2a731db'),('S201800034','彭小贞','S201800034','e69c21ea4b3adfd27b40a7a6cd25bc62'),('S201800035','陆文华','S201800035','9585ac6393195a0004f97c7a710732c8'),('S201800036','邓惠通','S201800036','784238fa9c0bebdf3a69c3e7e0da73b5'),('S201800037','张昊千','S201800037','005525c42f86fe1c5e3b720cdc2af74c'),('S201800038','刘贤显','S201800038','625859123b9537c5255a98978872cbc1'),('S201800039','张郁伟','S201800039','4c91c8078f28bdd7f8260b13e2abcd6a'),('S201800040','萧正佼','S201800040','d5a6d8923aae4a91d39090638534a63d'),('S201800041','李坤美','S201800041','3c604a74e645312ce0b617bc3e71087c'),('S201800042','赵涵格','S201800042','763c2d8e4cd2aeee528677ec66a00696'),('S201800043','吴惠丽','S201800043','41cf9d82c345c875d575c1890db67fce'),('S201800044','刘飞玮','S201800044','a763db9f6b0d082649aa6d8d06ee84af'),('S201800045','胡文媚','S201800045','da81ba28abc4602b8bbb3a83229950ef'),('S201800046','吴申彦','S201800046','467d6c261e5d16d365fb26b0ccdc3cd5'),('S201800047','李鹏会','S201800047','2c4a42ccc0d9e071ac5dcb6300efabcd'),('S201800048','王巍岚','S201800048','9b3ee60f7337c7bea7c4c4321120f7d8'),('S201800049','李雅丽','S201800049','802abe78526ba3c59a779ae273d8ff29'),('S201800050','熊中春','S201800050','a0ceabe9bebd4700a813972d87d0c498'),('S201800051','黄毅凤','S201800051','b1872506bfef224146e486a9055742e7'),('S201800052','吴镛玲','S201800052','49a80a1b501307c2fd6ccc72b7196b9c'),('S201800053','高卫闻','S201800053','0c503d0ed6ab587285f106da2a88b149'),('S201800054','叶凯华','S201800054','85f12a4a35dc9552d79b99e31ce5f6bb'),('S201800055','李心志','S201800055','16210378c3629f6d82b25543af03ea65'),('S201800056','李宽典','S201800056','9881c0079b992c52ec834a3fc7b23fbc'),('S201800057','刘名君','S201800057','d88645d2d2bc2ff2cc88fff8336589ad'),('S201800058','郭小友','S201800058','8c6d57bbb37e9f8b72aecf5f20c5ddec'),('S201800059','张晨宜','S201800059','e5968ee92c821043d6c60cffedfbc6ed'),('S201800060','徐妮权','S201800060','6654a8e7b06f3787fcd349006141a9ef'),('S201800061','黎贾露','S201800061','1ecc04ceb1e074f04a6e0c669f233e60'),('S201800062','李崇言','S201800062','8ec3264dc36a98d75e0fd5f10ea4a72e'),('S201800063','蔡椒珏','S201800063','ea728a32926c9dcc3896c4e0b24bbef3'),('S201800064','刘永文','S201800064','31ebd59493de9cdfb6b93cbdfa809f38'),('S201800065','杨广山','S201800065','ffaba3b90d53d544358c4e673ad8cd63'),('S201800066','石岩菊','S201800066','1298825f8af20128d0f5ebcef8f10ad9'),('S201800067','林赟超','S201800067','8aab1cdd18f15c0c19c638804b9585c0'),('S201800068','赵立委','S201800068','34c2675427dc4024fbf81b660a8acd3c'),('S201800069','李佳年','S201800069','d573300fcac9e6374bcccc6f6a3a5252'),('S201800070','黄家祥','S201800070','e031313d98c694f4996e382489398259'),('S201800071','梁木永','S201800071','deb428a92b1db7c82aecde44ff1b5569'),('S201800072','沈静科','S201800072','1df4574ebf6c178281f10288ef53fd2c'),('S201800073','王佩珠','S201800073','3ffcaf44219a1ceec3b22310ad4f6433'),('S201800074','康丹杰','S201800074','481e4c4961c2cd8320d46386c2535189'),('S201800075','张璟飘','S201800075','6ee08478717b05924b427039596cd341'),('S201800076','宋佩华','S201800076','0749d9565ef5a82ec5c391fac6c3b064'),('S201800077','李国娇','S201800077','ef235ca4582fe5af718cbf71a8f6e001'),('S201800078','李麒銮','S201800078','1c411c8aa2f7d9541ccac6672f15480b'),('S201800079','陈恂明','S201800079','369b7db14efc8bbb16f7cb04e0355264'),('S201800080','王凤萃','S201800080','e022f908fe2d7133749d22b71b2e20cf'),('S201800081','王梵玉','S201800081','5f723aaa7b56accbbac07b283b76be7d'),('S201800082','叶原娟','S201800082','bc1c178d8f32476afe8688ba43674096'),('S201800083','陆路云','S201800083','0bdf13c20e39d753b0dedcf37f03ad7b'),('S201800084','李建兴','S201800084','3d2bd393970dd8728697fa0127cc000a'),('S201800085','胡文杰','S201800085','da13a732be22819484ecd9b6ad3a7dab'),('S201800086','李梁波','S201800086','086b2958a8578f657f5b8a0f2067d001'),('S201800087','李翠勇','S201800087','09a0ba695058a15000d9f890c4fa3b31'),('S201800088','李浩彤','S201800088','2331349eb99ed3cf4a3d2d2467d78523'),('S201800089','薛蓬枫','S201800089','23be9cb6c7a98729ac80117bb7159b12'),('S201800090','刘丽兰','S201800090','7ade7522623aad6f0b3e5533ac7051ae'),('S201800091','马建琳','S201800091','1e97593069f4f9b36a746c6bca09bd3e'),('S201800092','杨仙民','S201800092','7993e8070009df1564fa530f960e015a'),('S201800093','于聪宇','S201800093','ceced289e563a61f81d51a4064977a82'),('S201800094','宋全梅','S201800094','3a00426937a3fd1443218f412ad48985'),('S201800095','张文君','S201800095','2a80d58ca8d03d56d21a1900532b8a61'),('S201800096','邵宪萍','S201800096','f8a0491b7237a73027eac909f6dc32a7'),('S201800097','刘雯智','S201800097','3e31fa4c35f5c230f4ab91a790146cb0'),('S201800098','刘乃楠','S201800098','226ec1eee4f99ec7259178ac402c67ff'),('S201800099','黄文梅','S201800099','fdd6e284b1375b38012f221982cadfb7'),('S201800100','刘文奇','S201800100','7511929524d076c29349949cbfe82954'),('S201800101','李丽华','S201800101','ba3b0c22e549dbc5c28fc2bb4268f7db'),('S201800102','赵挥玉','S201800102','8fc9f6218e0ae2962c009305f04c2616'),('S201800103','李宝会','S201800103','00ce6c97c24fb6214ea9ed96f86a6740'),('S201800104','董晓生','S201800104','1ac906aa70245a522ee1d3ee29b378a0'),('S201800105','傅斌辉','S201800105','2115d361d38b6d44b386e2d23b4fd54a'),('S201800106','刘允炎','S201800106','732f4fe8e74cde2f7d05e96a0e16d4a9'),('S201800107','薛烈祺','S201800107','de890b04d55968c18be8aa77e7b2dd67'),('S201800108','罗鹏如','S201800108','14896d1f931044c94196e0d21dba271f'),('S201800109','韩俊兴','S201800109','c7c634179548e86a4a7b47d77b6a124c'),('S201800110','杨理旋','S201800110','a03b7a9f348e0de326efe33c471eb098'),('S201800111','王歆珊','S201800111','d8a411810560d1459094cac951c7bd56'),('S201800112','谭夏欣','S201800112','8ddc8c4db95a2477b00f5be85426922f'),('S201800113','高士展','S201800113','1973a49b3e6aef8cbecf8f8c28afcb6b'),('S201800114','顾九玉','S201800114','6f7700cd91afce23068d2d99b89c193a'),('S201800115','方玲英','S201800115','46334089899f7ae2e723cfed05ae9153'),('S201800116','杨鹤雅','S201800116','3d8991f5d7da377c156e2d335ba27c4f'),('S201800117','周成新','S201800117','0d7bf28c2265403660b471a1da8ccfd2'),('S201800118','徐亚国','S201800118','4213d107bc61da54d2927132021dec27'),('S201800119','杨瀚萍','S201800119','d589e313c9919e51c703d0c669a50087'),('S201800120','杨景颖','S201800120','ddaa442c91c42be805ecb871f588411b'),('S201800121','吴翊心','S201800121','4afdb5c0a637949a2209358ac9751601'),('S201800122','萧思凯','S201800122','2ca93bcb8470ef9ba896eb96288e63a1'),('S201800123','汤儒舜','S201800123','79da2e00c4f498acfaad656b68e58105'),('S201800124','杨建江','S201800124','8e56008ff28d3233b314d8122f19af9c'),('S201800125','刘九铭','S201800125','0f8c769620eaa234aa9c135766fb7dac'),('S201800126','马慧红','S201800126','e6989e5501b04e7787e1d54a06a3ada3'),('S201800127','裴适秋','S201800127','6430dfa51f3168e23adc781fae9bb929'),('S201800128','王太春','S201800128','4b1705ba82f281dea49b59423d4fbf7a'),('S201800129','余召红','S201800129','64a94de98563a3c532f3cf2ca719595d'),('S201800130','张文凤','S201800130','43dfec9e9ad006f9fd25b3541c5e13e8'),('S201800131','韩楚霞','S201800131','664e2e517e554527999affe1b69e041a'),('S201800132','杨正祥','S201800132','d708d273d92475c2f10004c43a2ba807'),('S201800133','刘林雷','S201800133','fbccd7323511f2b48417de2667007fac'),('S201800134','吴明宁','S201800134','216970d59c773abc493bb72e094a33de'),('S201800135','崔凝鸿','S201800135','6929139322e69c2ea165b6d2e073e6b5'),('S201800136','江广宇','S201800136','2d80b775f4a46e6ca615a673da45d388'),('S201800137','王吉人','S201800137','9ad629e9477e8b24e1e8f982de82f958'),('S201800138','郑丙松','S201800138','6444789771137260cd84b57f04a711e2'),('S201800139','秦智玲','S201800139','9261c1b970cf148ddfc4f24f7aab244a'),('S201800140','李金丽','S201800140','169aaecc081056632003eb3613770303'),('S201800141','彭媛韵','S201800141','a900675c5b2148643f6d816dde7d7e9c'),('S201800142','汪淑娟','S201800142','53e50193c910ee07b5ce74f289c1721a'),('S201800143','李哲明','S201800143','e0ab95725beebd399df4df0e193f3e24'),('S201800144','王莉然','S201800144','2e92686dd7098ab20e85698e012b1920'),('S201800145','赵激琳','S201800145','b933b816bf480c366aff9af0ffe51097'),('S201800146','杨允龙','S201800146','b85514917cb9ccf5e8abb1d0757c4b4b'),('S201800147','侯鑫球','S201800147','c9baadc10395ddec3f4c16ae83d834fd'),('S201800148','孔林红','S201800148','8a5b59f9a2f39eeb7c10b20ac715e4b6'),('S201800149','曾亦军','S201800149','3c0e0c6508f64a3526acccb870156843'),('S201800150','王跃哲','S201800150','acd6cdf1ddb90869b2b56ba49c4b9703'),('S201800151','钟立芬','S201800151','63c42649f171cb850fc7030d9949280a'),('S201800152','黄恂煌','S201800152','65d363316bca8c16ff553a165262cb3e'),('S201800153','陈平玲','S201800153','52101667c177a5ff01da8d37cdf77b28'),('S201800154','李若文','S201800154','41fd472fb390e8b2f13ff17e78e214c4'),('S201800155','李昱延','S201800155','39d4026b56d6cc26427fe5d46802b794'),('S201800156','康小耘','S201800156','962118aa8f7f17d9f04baf84e2e7b770'),('S201800157','魏猛全','S201800157','98973bd34b82f022a4b3777bbbb4cbdd'),('S201800158','林勤崇','S201800158','cdc5678e26982ba71fd4dd66c3f7feca'),('S201800159','石大宁','S201800159','4e8901cf56e021346a7d3ae7d072e729'),('S201800160','陈永军','S201800160','2ea447d38f3c8758316c9cca28f9fbc2'),('S201800161','耿玮琼','S201800161','6d0fa9796ebb930386025a4c2c0d0a2a'),('S201800162','杨滟芳','S201800162','b7ba2e544c452280e33c9721b870ee58'),('S201800163','谢灿民','S201800163','475623a049e9e80c00a5e88d3edb56d3'),('S201800164','张买麟','S201800164','2c422cc3529c7ea01f0961e907a615dc'),('S201800165','谢承祥','S201800165','66a9d4b7befc3f56e2347d9bb7d5d095'),('S201800166','颜文蝉','S201800166','98e0c9efaa29da9580ce7c894d825957'),('S201800167','张爱豪','S201800167','045232e1ea8409060e00a73acada0e60'),('S201800168','王海琴','S201800168','81ad051096f5f198a96e2fd4d8065edd'),('S201800169','张志静','S201800169','d7aa1fffc4c0467fb6664d8dda3a00df'),('S201800170','刘春利','S201800170','dc49ee8575258871b98300bd6dfda733'),('S201800171','吴发霞','S201800171','fb68a27bb3c7be4a08a42be07c321939'),('S201800172','韩天苏','S201800172','4085a2f6b53f5d5e706ac3a9a24b84a7'),('S201800173','李盛春','S201800173','beebebdda0be51ab9f9da71eace287c4'),('S201800174','陈雨飞','S201800174','c3006860ab3e2b0c91b6887a549d44f1'),('S201800175','魏咏玲','S201800175','04e88617be7e3d653f307f794a386452'),('S201800176','邓少学','S201800176','9af51926048eaa7010c3bad736d76acb'),('S201800177','张立强','S201800177','1f99c963a22c80e95bd90784240dcc35'),('S201800178','尹孜成','S201800178','4b222c22ab37dc4d7d8a58b440f46c88'),('S201800179','刘韧武','S201800179','be5389b6abf1d3714a56923bd4124b3a'),('S201800180','方诺超','S201800180','472200bb35651a58f4a3ab1a042992b2'),('S201800181','朱弘勇','S201800181','88d58ef54c526dc01e7c819468db0c8b'),('S201800182','兰立星','S201800182','cf3304144b159b2da0e2f61a4e378565'),('S201800183','吕照玉','S201800183','aaafbcacd963938670c70f363b661ab9'),('S201800184','梁荣良','S201800184','cbe3fc4c8d2b94a2cb7ee408bee7f5f4'),('S201800185','刘建斐','S201800185','1d350462dec3cf28f45df904719f62e8'),('S201800186','黄育效','S201800186','23d1fe517f84fcbd59a2e395f6c9c3b5'),('S201800187','袁晓峰','S201800187','b0de8414bf14e5a76c1b71ca87d3ca60'),('S201800188','李清羚','S201800188','5cd2999647468830a4a62ffd1fe68363'),('S201800189','李群霞','S201800189','297f474a268b17a573762db3e0c32119'),('S201800190','赵慧曼','S201800190','047b700f54a29813370f57c6b6df568d'),('S201800191','戴学燕','S201800191','72247e1b6f645f47e8d0c088edce5edb'),('S201800192','王普青','S201800192','49a21e094099ec8569563c9edd472d58'),('S201800193','谢服扬','S201800193','4ddfdf7c38844cf8cb05819459e7ef52'),('S201800194','杜仕波','S201800194','360456cc9d75cd9c18a22c99928e6429'),('S201800195','杨希超','S201800195','86312ca979c189aee0e3120682a88c20'),('S201800196','熊汉芳','S201800196','c27297bdaae240ebce54262d0b40adea'),('S201800197','梁主信','S201800197','77acb4ac73d17e7532bfaf0957cf6137'),('S201800198','田奕莉','S201800198','541ee4923ca87536ad865045bfb505db'),('S201800199','董跃薇','S201800199','125130dadb798cec231c85749e1f9539'),('S201800200','李山飞','S201800200','ad2c6b5dd93e1b720427b9ef8ff67ddc'),('S201800201','宋小达','S201800201','73edb4987af17c83aab47fbcfd3287d9'),('S201800202','范璐曾','S201800202','538c51f19a4b0d5389519054ead14949'),('S201800203','田军婷','S201800203','dd563af9d57c3edbb234d2eca3d4af92'),('S201800204','徐马峰','S201800204','c04864b64a2bfc6b082bec2fa3788bbb'),('S201800205','杨敬华','S201800205','a4348c7bc1401679bb7f10c3b6134987'),('S201800206','李长清','S201800206','93e1ecfa06e4a4a1909c5be0f67abc9b'),('S201800207','阎红妙','S201800207','8ffc40679612e339a6b7a9db9312abea'),('S201800208','文鹤旦','S201800208','5c52f6e4064a170c06c06c6986b6f900'),('S201800209','梁文珠','S201800209','15890cbdf9980548dd646d25d9739d95'),('S201800210','胡风曼','S201800210','750fece05c3202c82a99182b1dff1509'),('S201800211','于雁浩','S201800211','731b68efe4761e910029210c6dacd47f'),('S201800212','傅岩伟','S201800212','c08ff23cefd1a4f324b61cca6b061994'),('S201800213','李梓华','S201800213','f0351ac8d2955e204d6d1a208e82e3e3'),('S201800214','陈再国','S201800214','bdc1dce201dc8791e2ef8f14f930aafc'),('S201800215','韩莎琴','S201800215','a9972d8b279793bb6b130818da92bcb5'),('S201800216','彭炎民','S201800216','78bc98343b22e04b827dbc45b9d3cd7d'),('S201800217','谢绪永','S201800217','68eb65b62b2a7d0e47a9f945b921d9b3'),('S201800218','杨曙康','S201800218','1a8cef7190290d559957fe9ca27d7022'),('S201800219','刘玉青','S201800219','912a1d94d336cdb42d5030109de7a597'),('S201800220','张行姬','S201800220','a3785d66d7f4604bd17c0f1676fe3068'),('S201800221','陆木生','S201800221','61d8632b946372a830e54d4629f0eab7'),('S201800222','赵梦青','S201800222','4aff59187d5ea8dbbe0cdff8d47e11a1'),('S201800223','刘潇昊','S201800223','4fdbb66116adacd56ae05ba6e4fd8a6b'),('S201800224','萧逸飞','S201800224','03baa575b9c75dd0589d5409e08a8b72'),('S201800225','张文民','S201800225','cb901111551d1c9d238de210f9a087d1'),('S201800226','尹荣蒙','S201800226','e664dd74ab4add111d3e23cf89c829c8'),('S201800227','宋镇登','S201800227','1c6c9e37413295dd346a86e4834378bd'),('S201800228','龙祥涛','S201800228','1e46c71ffdf33f393be2989f9df5ce12'),('S201800229','刘利轩','S201800229','f25d553b69ff12f705712859c9e0c47c'),('S201800230','罗志丰','S201800230','f41b4d9a60db5fc45cdc00ca603fbb4d'),('S201800231','张一斌','S201800231','368359e5f05892c01f667d4e881b89f2'),('S201800232','张雨凤','S201800232','00c053165011e5b37614126941a65575'),('S201800233','钟亚阳','S201800233','d34dc549cf4a47bcfbf965198ea9e3e8'),('S201800234','林铁刚','S201800234','acdae280e6b7e6fa19e9ba1277a2e218'),('S201800235','金恩月','S201800235','33012b87be99dae3ef638999f6164016'),('S201800236','陈为祥','S201800236','748d727fc1c22adaabdce30e28493b63'),('S201800237','郭伟艳','S201800237','ac0f520886120e49814eb143b5148378'),('S201800238','李树军','S201800238','f5bf2abe5cfe95ffa3581d9592163808'),('S201800239','罗凤芳','S201800239','62aa016f792f2e53d7550f1ea05a61e6'),('S201800240','常基林','S201800240','392cb334138c2b0326587a14de795975'),('S201800241','王佳丽','S201800241','334a27bd7ef09ce477bdb58f5120861f'),('S201800242','梁舒亮','S201800242','5497ca29f48df5f90a07d4dcf502f2e0'),('S201800243','陆光华','S201800243','aadc1baffda08b9dc53c577f130796ee'),('S201800244','李天英','S201800244','d7d4937ce914cf6aed236fd80d86b660'),('S201800245','梁坚波','S201800245','1cdc852926443c8f1f12eb59d683395d'),('S201800246','王所玲','S201800246','ab23142e2f551aa0973956b4f9643df0'),('S201800247','郭安铭','S201800247','0e602284faa0ab867e7224e7b5128e26'),('S201800248','涂妮奋','S201800248','0cfdabc44233403be1d46f8e8d35e6f9'),('S201800249','贾森楠','S201800249','f1c342247fa8d9b1d71f328a0eeea58f'),('S201800250','赵彪金','S201800250','02e44678edd4e34ab22e925c690de566'),('S201800251','吴家艳','S201800251','24536853ed706b0ef48fd36e2237f208'),('S201800252','冯礼源','S201800252','3bfd52110c4c044037ca4aa8eab326d6'),('S201800253','王圭红','S201800253','1d64bda5ac12e7f7e7b8387d38b4b06e'),('S201800254','周效华','S201800254','3505b27890f542a3abbe8420d969add9'),('S201800255','周仕柏','S201800255','fb0d467cfe286375809b8538140edb69'),('S201800256','刘若刚','S201800256','e813d7c2edaf205fa4433e879969662a'),('S201800257','赖瑞敬','S201800257','c017b92640f362c2deef13388a30fe0e'),('S201800258','谢国波','S201800258','1a0ea5e77db12805e30c18fecec14e43'),('S201800259','贾汉蓉','S201800259','19b70807264a4fd6f6d8ce3c518b7d8e'),('S201800260','张秀萍','S201800260','89103dd318a8f5a02edf6e5f69b469dd'),('S201800261','陈佳忱','S201800261','add3ef2bef21883e0f5d735cf1fa32cc'),('S201800262','董来菊','S201800262','ed5d4deb3a50c7eb2eb8656759780cc4'),('S201800263','周桑行','S201800263','d2c6ca835f5e30b37c1ed042e0b7fa60'),('S201800264','赵杰艳','S201800264','6784aeb21ffca51643a23b065a37dd0b'),('S201800265','李革泓','S201800265','27644fd6e248f7201bbd0c7b4ad6de39'),('S201800266','徐照华','S201800266','caa4118bfe5c88cb5f26a24c4f0cc13d'),('S201800267','李宏礼','S201800267','04e8ca1c6a9b67a85be02cc03bd7a4b9'),('S201800268','王敏华','S201800268','e2dd0b29ee8b22125155cf55e8c83c08'),('S201800269','高东曼','S201800269','f74bba0279047c80256a08a8eab7ba9c'),('S201800270','崔顺斌','S201800270','77541de1c1502a34a263c9c33ceaeb4d'),('S201800271','王淑华','S201800271','278b17caad8d9aa2fad9513cf233601d'),('S201800272','何岷华','S201800272','35f5458a7b358eb41d56518b66de8dc7'),('S201800273','刘治荣','S201800273','e89012f0269f761407f7b437af4fb389'),('S201800274','章莉鑫','S201800274','a5eb01fee39ab51ec5eb2e2e4ac07056'),('S201800275','汤文洪','S201800275','a8eccb3cabed38a8f840efb51136e4d9'),('S201800276','尤苗晓','S201800276','775d959c0a4eafa0a413604c9934f852'),('S201800277','李益华','S201800277','8617dc807e2425087413461c8f46e1be'),('S201800278','王轩文','S201800278','a44902ae425ccde0e43267e806dca6ae'),('S201800279','叶仲敏','S201800279','cb81d451639bb8e598435491a05fad7d'),('S201800280','倪建翔','S201800280','5341545e83e5e2f3c9969ac302dcdee4'),('S201800281','周俸平','S201800281','bdfffa38a4e9bde99b8d076b72021ac2'),('S201800282','陈祖兴','S201800282','7bcb21f0c7df8091ff33340328904baf'),('S201800283','周家铭','S201800283','759edce3e62c91c568b61a9e820e256f'),('S201800284','王子弘','S201800284','625e6360afafbf658823c2ebca64042f'),('S201800285','胡作鑫','S201800285','304fb93d83f9a085f0401acb684da4f2'),('S201800286','韩昕利','S201800286','dbe40a22a9cb0e46879a87ffebec6cd2'),('S201800287','陆韵有','S201800287','24565278a52797ed14f310111852404e'),('S201800288','叶文杰','S201800288','21cd58c83a0dce8a546c8f07f0777125'),('S201800289','张汉莉','S201800289','c5b9e949b1d8795dbb8a55bc2c5643e7'),('S201800290','蔡罗明','S201800290','adc0420b6399764220a79cd1ad90ceda'),('S201800291','孙页刚','S201800291','e01e24fbe7786561b6be00ae8addbf77'),('S201800292','周磊雨','S201800292','bd6ac817484f151e0fed8b8b978317b4'),('S201800293','王健军','S201800293','87851445849f5aeaee5afe95c1d7bd3c'),('S201800294','李艳川','S201800294','11269d9950efcba02fc5dead25833957'),('S201800295','史德宝','S201800295','ad46ea36ff0b00335087bafd8f8fdd14'),('S201800296','史庆军','S201800296','1a1ed7e0a27652cfac6f9396477e9999'),('S201800297','杨安民','S201800297','c82b14f21e5e7525ffabcfc587fd3ed8'),('S201800298','孙占海','S201800298','0f264bc5dd3a1f2586dd0cd437a4a764'),('S201800299','黄平涵','S201800299','7ff5655c853a0d54bc8504493d5d5609'),('S201800300','邢英凤','S201800300','28e2d20a3424fd6d23253e63fb099776'),('S201800301','王凤汇','S201800301','a3f06fdc1f2fa33994c04f15a94b7a54'),('S201800302','林卓玲','S201800302','e9574b10c4c9b1d8c775d8766b939b98'),('S201800303','王新五','S201800303','4dd5bd4a6a3a2e31964542ecb33361c2'),('S201800304','薛志荣','S201800304','5516cede919fa7558db5110997787850'),('S201800305','傅杰文','S201800305','665d9a95cded6c6914df14aef69131ed'),('S201800306','罗李圣','S201800306','ee480b7dbb556c44c9155d078dc2c4bc'),('S201800307','李永博','S201800307','804cc798f213d37b04ea685cfa70036f'),('S201800308','吴曙贵','S201800308','43fdb8b8fe2d0d6869e6eab17e622047'),('S201800309','王胜法','S201800309','13adcc6278f0d4eed12ff0771428f18c'),('S201800310','韦理莲','S201800310','04cacc7b04790b17da81dcb3d5935c06'),('S201800311','罗文飞','S201800311','399f3b3d767b426e4a1ccea6003c2adf'),('S201800312','彭争心','S201800312','3eaa706eaff61586780acd7b15e36563'),('S201800313','陈宏龙','S201800313','f677565e9d26644a1470c78b3979db0f'),('S201800314','赵群杰','S201800314','839e948faf24ef67164716b32e3d3547'),('S201800315','郭媛星','S201800315','024e3b18d14b36d19323c5d6f7ef47af'),('S201800316','郭天芳','S201800316','8089907153a0d6d1fa934322150efb27'),('S201800317','龙永忠','S201800317','e6e70481ceabe2d2f75498149e2b59a5'),('S201800318','陈青公','S201800318','dbe7e86fdfe7dbefbe0d8879dcd19d90'),('S201800319','苏宝毅','S201800319','8e64abaa386543db2d006ecdfc1512b6'),('S201800320','黄修凝','S201800320','e284cfd5c8b48b634c7545e0d6dd4e83'),('S201800321','马海雯','S201800321','096b90cde6473d0c88c61d2515e0e86d'),('S201800322','范琮明','S201800322','b5f1561e1833906281dfc459d585530e'),('S201800323','胡师玄','S201800323','7483b77cc2ac5b49529ec7d9edb25693'),('S201800324','史维燕','S201800324','4f1cdfc32a6471caf807da3bb2a1ad7b'),('S201800325','陈浩琛','S201800325','b7147a4487cc961699f0f9b8d4c9544e'),('S201800326','吕桂公','S201800326','73891551c4a1a0aaeadc782d28b5b998'),('S201800327','刘满凯','S201800327','bacf1e660829a78258deee94d2f06d4f'),('S201800328','唐利华','S201800328','f14ccf1a698038e9b365bd1bfe0149cc'),('S201800329','王启平','S201800329','2fd9bc13263a696350e387ee636049bd'),('S201800330','丁小军','S201800330','86e3c99a1838b73bfa32bac26fb55226'),('S201800331','李琛红','S201800331','36626172e3eeb006e8dc543367a13341'),('S201800332','李玉祖','S201800332','d20d06450a1c274a963cd00b0f54f545'),('S201800333','温卫忍','S201800333','45529a1f276f9fa5eb5041c52659074a'),('S201800334','宋国基','S201800334','84bd0aefc247e3b5c829dcdc01e6aa76'),('S201800335','高文洁','S201800335','c0aa171c77ca96b33abf6280832016a4'),('S201800336','李雪藩','S201800336','12e12b71e14b109406a3c0d370934b55'),('S201800337','黄选吉','S201800337','49d2731eac37bae3185be3cccbf7db2c'),('S201800338','温泓立','S201800338','e141c570361916e0b287243bc474eae9'),('S201800339','李汉敏','S201800339','06bff44ea742e2ab96913364e82dc311'),('S201800340','孙子聪','S201800340','24516769dc7555c3995c18740c8851d9'),('S201800341','石会瑜','S201800341','073fc58574782cabaab75e2b5aef8417'),('S201800342','林剑茹','S201800342','b20069ffb6b3d6f41a29c2b0caaefb98'),('S201800343','陆晓化','S201800343','fb8fcc674ffd1d535a26c323fe83f001'),('S201800344','刘国鸿','S201800344','89add113d163fadd63511da9082398d4'),('S201800345','戴新寿','S201800345','17d6af1b550b95741b39735531818b77'),('S201800346','程征静','S201800346','ba2dcf254472aad9dbc6ba27f5919fe4'),('S201800347','陈雪强','S201800347','8862bad5068647bc0fb0e4b91d2e56be'),('S201800348','刘凤帆','S201800348','e4953a26a9aa9c5b18e7751497c16132'),('S201800349','高和斌','S201800349','b4c3c199554f6c381fe1906b65786226'),('S201800350','李秋荣','S201800350','0e76845f812e93284dc041e9a67735c7'),('S201800351','张十荣','S201800351','e56957439d357b19f2ef457fb57c40e8'),('S201800352','姜风益','S201800352','8dc5818f3f33a3d791037b82e0856c27'),('S201800353','徐家杰','S201800353','1fde07877452b153bfad2621453f0cb6'),('S201800354','罗隐玲','S201800354','0ed1c5563e9441c366dcda81df808288'),('S201800355','申国军','S201800355','05bbdd3a86a636a213781c327accfc52'),('S201800356','萧泰妍','S201800356','7d16a70df1e23e3326c5d4c2bce22c17'),('S201800357','龙子君','S201800357','494778e575748409d5f66d42b0259190'),('S201800358','刘少西','S201800358','55385f762eecf6ee79466c7d08f7ee6e'),('S201800359','杨为强','S201800359','f4434e21349816ebbaef948267db98db'),('S201800360','安裕山','S201800360','09122e5030ec3f8b3b5b0974ae726ff2'),('S201800361','武玉明','S201800361','d45d4f3874eca985f6f255ed96c7d3c7'),('S201800362','聂芳雄','S201800362','2c6cfc265536f25b91560c9191ced4f8'),('S201800363','常宏法','S201800363','79bfb697f70bb407d0eb6660bf9b3cfe'),('S201800364','张少雯','S201800364','1bd4dec841a7bca43d7419d1fc6e0fcb'),('S201800365','曾国柱','S201800365','4f43303d5831bac41c354e8faa636a3b'),('S201800366','陈益林','S201800366','349e4b9c6c66f578b046d0e10d2850c2'),('S201800367','杨献平','S201800367','29d79d7d718d57dc140ec1670c7516ea'),('S201800368','刘宇霞','S201800368','a9ee63a753e0b42bff930f8b5835446c'),('S201800369','杨宇伟','S201800369','10f319e5c6ba2f63e78c18eb8c32138f'),('S201800370','叶晓娴','S201800370','b3e6c2f89bcf3d5ddfb1752e978ffbd7'),('S201800371','侯秋雨','S201800371','8b7afe99ef41af02601e480454c7f2d5'),('S201800372','邱峰园','S201800372','326aebe90614cc4b79cf783227cb2c51'),('S201800373','董桂红','S201800373','8c334e382a3a4b63f03ddf58e85719ae'),('S201800374','于勇萍','S201800374','a739860a48a0c5c8023f860f52f223c6'),('S201800375','卢文涛','S201800375','c27af6eaf3d7a3acb218528d3f946a7e'),('S201800376','朱雨琦','S201800376','77f6063dcc594f4b43e4bbe0d8606a5d'),('S201800377','何红洋','S201800377','574b17dcca86585fc12bbac3fb655efe'),('S201800378','何夏平','S201800378','9da0ff2b0e143a88720afa26ce282b61'),('S201800379','刘冠坤','S201800379','5902cf273303239358dbd6da19ddbbb8'),('S201800380','徐汉文','S201800380','2a34d53dd793b433e51eb117e7897c31'),('S201800381','杨倩柱','S201800381','5a24e86d4b932e7be68ee4246d43d389'),('S201800382','王晓滢','S201800382','c0c2f64d19de76653370383b2acf6fc3'),('S201800383','石炜宇','S201800383','cebca2f843fb8ad4707c67503793284e'),('S201800384','张亮民','S201800384','b03c6bbfe2c396267589a4ecdf9523b0'),('S201800385','黄德婷','S201800385','2854e924e108559e69ff7d422f97bd87'),('S201800386','周世江','S201800386','5a1313d5e9815cb0ba45dbd949f1da57'),('S201800387','李佰琦','S201800387','104bfd17c70a0056b33c056fd9ca9371'),('S201800388','王正军','S201800388','5321f817902e72832249e18bcfc5b10e'),('S201800389','吴田琴','S201800389','5cf5c2eb45575abbfe7b282f895a549a'),('S201800390','熊世杨','S201800390','39df46404231ba262adcb18ae99337c2'),('S201800391','丛一磊','S201800391','ae36f0918e98facb7e95bf6a1e01c440'),('S201800392','刘开花','S201800392','190cdc098210bdea7cfe476aa880e2ad'),('S201800393','孔雄烨','S201800393','bd3bf5d242f4012c2a21367e3aa74d1f'),('S201800394','袁孟标','S201800394','c633e1fa75002bd7cb5c0008bb5ca466'),('S201800395','王慈艳','S201800395','44ecfc9a1ccc39a87cfab4c98d862aae'),('S201800396','陈俊凤','S201800396','f409fe0583be6452f2bf104755c52e15'),('S201800397','林贤飞','S201800397','0ab8d776cab7e71b9da976b6cf2a9fa7'),('S201800398','范小宝','S201800398','24ec3f3f13e9e0bdb4d217b2faf0b182'),('S201800399','赵美翠','S201800399','cb628219b1649bef4a163ee22b8d47ff'),('S201800400','宋亚兵','S201800400','ac10aa439257f1273f89e5f294f85ead'),('S201800401','张洪刚','S201800401','d16ea8cf566e6ae37eb8291b00a53441'),('S201800402','何淼霞','S201800402','e77ec2e9497120a4c9c324ebea9173b7'),('S201800403','史镜林','S201800403','2f34c4ee57c65bdc9ffa9ec7b3ccad37'),('S201800404','黄纯俊','S201800404','65ef411ea2271f20b311b8d3723d264b'),('S201800405','何东祖','S201800405','a45f0623dfd1d1c295c5947497b3d59c'),('S201800406','詹世峰','S201800406','87d36e43b15e6e46492da5879468720b'),('S201800407','邵敏康','S201800407','a890d58c86d3b64671ffa44ab86afb3d'),('S201800408','张彬迈','S201800408','ce924972d6619d0ba9755d80eea3baad'),('S201800409','向艺贵','S201800409','e1696b090fff5eed54c9d3d0a5d29841'),('S201800410','杨惜中','S201800410','562408f98369ce2c7a9d386f42a147dc'),('S201800411','孙德明','S201800411','67f5680b89b77756d52d3521a306ccf2'),('S201800412','李素枫','S201800412','25f70be8883de5678c37d887c2044ec1'),('S201800413','杨魁雯','S201800413','f5c6de2b5c58dcf2e8b5401b751954a5'),('S201800414','许菱勇','S201800414','a67fd14fa280367493610c5fa7f3f939'),('S201800415','黄学舟','S201800415','6849b906ec52287f95a028a2748c4155'),('S201800416','萧其汉','S201800416','15d1aa5b1912c00ba6bee054f52c6b7b'),('S201800417','张福伟','S201800417','dc1efdeb33620823d005b6115c694854'),('S201800418','张立玮','S201800418','07748e800a335e19743f09336d97876a'),('S201800419','秦国蝶','S201800419','0bea8f7b5922a51293715dd5bce24d57'),('S201800420','徐杭来','S201800420','db9934d799acd87eb8dcef09014bb26c'),('S201800421','李奕亮','S201800421','a37afe7a35f168ae5d95fe7142c9d602'),('S201800422','王国官','S201800422','4fef7f290864c4e020bdde500cc71474'),('S201800423','张建岩','S201800423','03faa7066c75fca471f78f95e0e802e3'),('S201800424','王国洁','S201800424','e3cebd90d40e802f3a818ff8d588f379'),('S201800425','黄昌明','S201800425','20c9dca4d9937ed70038136f2011d2b7'),('S201800426','周长康','S201800426','b178975a17f018718444c825ef969d10'),('S201800427','管威蕊','S201800427','e974c2148b54ebaa4019b5b733b899cd'),('S201800428','胡门楠','S201800428','42469abf8db1ba13f4d95cb4f680cd7c'),('S201800429','李潇东','S201800429','12a16c79c4478d74ae2bf8f6359cc3c8'),('S201800430','周世洪','S201800430','69de523b93601f2063ed7b963c0c206f'),('S201800431','杨蔡梅','S201800431','e612f6539252af54430a23e6d210cecf'),('S201800432','张思良','S201800432','bc2ab39a4869c7e5a0338047338b9a7b'),('S201800433','徐国友','S201800433','9b249748cea93b9b4daf4c6401db66c0'),('S201800434','史家光','S201800434','b35ca54897c9e917ed556ac52ee7e98e'),('S201800435','王锡聚','S201800435','81c530ed3e7bc1567958292ffefb1575'),('S201800436','张春娓','S201800436','c04f59cacedb59473d6751e3b37afb02'),('S201800437','韩子利','S201800437','4ae06f870eabf3dcaa42c76f25a2430c'),('S201800438','刘志嘉','S201800438','d12bc7731b9b0b6702d2237a70f4b840'),('S201800439','吴镇敬','S201800439','19dcea1535c2f4d44122819d4345b110'),('S201800440','陈凯兰','S201800440','32fa17412643c3361c15d0d33969c5fb'),('S201800441','刘克材','S201800441','282b0f243814e32262a65094aec0e872'),('S201800442','武高其','S201800442','aeb903436bafbfd0e6c3ebaa442c0455'),('S201800443','刘毅初','S201800443','c5f853f3e15f905f884fca91db6aefef'),('S201800444','刘榛良','S201800444','dea9da7f2cfd2568a63ebece907d6536'),('S201800445','王晓娜','S201800445','433e6cf6b64a53be9933d9a7835f5e19'),('S201800446','潘晨聪','S201800446','a70e993b8688617f7a400079a008d4b8'),('S201800447','段辰凤','S201800447','54e443a26c63fb9ee70a06f157cef7c4'),('S201800448','赵宏忠','S201800448','c1f414e4c01f4386d0ea164088b47948'),('S201800449','朱雅利','S201800449','a0ec812148d03a61d18bb6d8529c3aa2'),('S201800450','赵刘跃','S201800450','4369e23c4d213cec14411a76d9800c65'),('S201800451','杨露英','S201800451','d2fd98dc1b82e9db2058f218359204f4'),('S201800452','郑庆芳','S201800452','dd8d3a2cb6cb36cdf9050107f169680c'),('S201800453','张坛武','S201800453','d8bc31d64a135a6a066690beaba6a72c'),('S201800454','钟凤红','S201800454','5617421dadcc8e0d74baaa094da5cfda'),('S201800455','卢卫求','S201800455','ae18c176819b66fdee54ab2974fc2915'),('S201800456','梁俊恬','S201800456','6663d3dbdfd98b1a69d866c26fa77e12'),('S201800457','李虹亮','S201800457','a8d2f1198effbfd7edb62c30e342d862'),('S201800458','宋荣胜','S201800458','8d5da286b0374587811603fc64ee67a5'),('S201800459','侯琢城','S201800459','52424213d656aa8142c648ccd724f972'),('S201800460','曹敏成','S201800460','bf5bc9b8d91e342d7c5ec0e2685ac42b'),('S201800461','李进武','S201800461','f2fd56d9b5604f000102b46e89995ea2'),('S201800462','宋亚庆','S201800462','1cf015ce1844969a7955f209dd0279db'),('S201800463','孙航涛','S201800463','e7fa5338dbe352b8e75fb4ba74eb7b66'),('S201800464','姜万影','S201800464','5ef38704ac90363ad6aa2db89972bcbd'),('S201800465','王蕊奇','S201800465','0964d29222e568df16272c2ebe35a9ae'),('S201800466','贾金丽','S201800466','7c13abdbad963d508f21c05f58832ebc'),('S201800467','刘清翌','S201800467','7e20c1c4b7cb849b795c279f856e42a9'),('S201800468','段平清','S201800468','f7f1144a054f982e38bbedd94e4cdbb1'),('S201800469','许雪彪','S201800469','c8e0fbe018f45df645a8e2c9ddc2a746'),('S201800470','徐和璋','S201800470','93c1e698765ef2a8ce738dc9be50c471'),('S201800471','林剑雄','S201800471','0109a63cca75ab68a134d643d8ba7374'),('S201800472','周劲国','S201800472','83af5ede9466cc8fb0c7d0d562d419c3'),('S201800473','周德虎','S201800473','57c8debc34ecc679a00153e1d28ae8e9'),('S201800474','石兆虹','S201800474','2c1da06e72560fae589fd237e40e5f4b'),('S201800475','刘家娟','S201800475','360176e9884c253db455eb82a6d3c564'),('S201800476','李昆先','S201800476','a40b9151de641552d36310eeece4d3f3'),('S201800477','张古熙','S201800477','fe79a82b57770c4c61e96a9c5f35ff5c'),('S201800478','高济轩','S201800478','38cca2eb3e41a593dcdffc8d14da1ccf'),('S201800479','陈春奇','S201800479','fdab8e469ba87b3db70640dd8195c99b'),('S201800480','杨传刚','S201800480','e69670c1d1dcddfd37d73bea46a15d0f'),('S201800481','林同敦','S201800481','d0ceb27beddd33f53d82be772d785621'),('S201800482','何墨瑶','S201800482','448e24fdb57b919fceb0cecafe22d6d2'),('S201800483','周永程','S201800483','c45817dd30a0b53cc29022524f7704f8'),('S201800484','王海娜','S201800484','3c97e708c4c888ab9fe17bfa185f7d42'),('S201800485','周文国','S201800485','7bed312d95c51d3fdfe712d25c81dd4f'),('S201800486','黄韦达','S201800486','a9446512cd4801d2520d5f4ac08cebbb'),('S201800487','李声义','S201800487','fe18da35684ab5fc61c0b17cd8ecd9b1'),('S201800488','孙吉生','S201800488','b564368d45796fc40b726c43390e3d42'),('S201800489','赵妃琼','S201800489','1c1acf5c26a0f9f0b729e1b19d34ecea'),('S201800490','张秀燕','S201800490','9b6c7b0c5fbf09ed3d1a9b8fd100b412'),('S201800491','刘雨生','S201800491','9d2050cff15ab600d850594c7dcb8ebf'),('S201800492','施秀刚','S201800492','62f8aea408f2b904678045dd21664a42'),('S201800493','任雄梅','S201800493','66f4ce1685a8945536a69d27dc14c48a'),('S201800494','罗玉波','S201800494','c4fdce63932fb9f6e3fd044f88901db7'),('S201800495','苏交宏','S201800495','659df6cec07205f2f8841ef58b65157f'),('S201800496','张起光','S201800496','cc7d8f5a616f87a0a45ad8feda4dd3f8'),('S201800497','陈梦飞','S201800497','a3acd2c4605bd666d0659cc424c02b35'),('S201800498','张骞文','S201800498','32ca3c2d04cfbda7c7b3cc60c40d9542'),('S201800499','蔡亦萍','S201800499','8c6d8627bc06861e5c97538c26ee0614'),('S201800500','魏科华','S201800500','d58b0a71b239076fe3224366b02249c7'),('S201800501','刘士群','S201800501','590f708e5672e82acccae52eef92b388'),('S201800502','李江吉','S201800502','ef06c4812f197540ccf36199207c0b80'),('S201800503','胡战甫','S201800503','bcfeae4ae96626d563e8c5205127d337'),('S201800504','郑俪岭','S201800504','e99fe82a706ce625e80a60fa080b0dcf'),('S201800505','阎少飞','S201800505','e003c12de7ddb29567c54f735e44d133'),('S201800506','范建春','S201800506','103adfac95d026f4fe51b31f403fcc95'),('S201800507','张兴霄','S201800507','56e2b27dd8b23d2fefee22c4f1763546'),('S201800508','李纳源','S201800508','7bd38b5957a0ca5cb6896db6507b51f4'),('S201800509','许科远','S201800509','8415f1c9fe5a45424cb9a1918a7faa53'),('S201800510','李巽平','S201800510','2877f61f98a11d774f5ff7bc78eb9895'),('S201800511','刘烨强','S201800511','23e1aaa93c1ad485633739e5e6622944'),('S201800512','潘福江','S201800512','42444a9e011a90f0df0e27a4fe7bc72d'),('S201800513','刘珂玲','S201800513','e519a41dbe16f6321c37af3c4ece7d5b'),('S201800514','沈美峰','S201800514','5f8923c9627e7468cf0e32d43d5c2019'),('S201800515','陈静芝','S201800515','31cf907be87e40b20e6913149b63b364'),('S201800516','吴志兴','S201800516','dfc67cd4c1cd2d403eba795600c19985'),('S201800517','许亚渊','S201800517','959de64a03d9c5a130adbae56c673733'),('S201800518','王汝丹','S201800518','a778dec03ac0d699823acbce296a8514'),('S201800519','李永蔚','S201800519','18267a9ee52421bc35b0b539f5a306f4'),('S201800520','王国明','S201800520','4be33f152dd6c16420073a0d066243e4'),('S201800521','冯好德','S201800521','c1da0ff0f0f5ff7b50c689eda66434b4'),('S201800522','郭永源','S201800522','aaf597181d9bd67e7cbf86c4ecffd0ba'),('S201800523','谢正欣','S201800523','c5baabd67dd27a70b88e0aa805ad4d7a'),('S201800524','叶兰影','S201800524','e119d6ba1129808fd41ccb15100851ef'),('S201800525','徐登一','S201800525','171ba1a3ed81c4c67f68897935fddfb6'),('S201800526','张春庭','S201800526','eb02523ef3083d8a550c73c7bd1385b8'),('S201800527','韦伟莉','S201800527','65bca18b0c0e7aa89361bf6bf43744f5'),('S201800528','姜军水','S201800528','86942a8728b2752cc67b8143556f2629'),('S201800529','刘秀豫','S201800529','01d71376158eb496e2abc8ab6826d7d9'),('S201800530','陈雷三','S201800530','9aae0921707dd34b086aedf719bfc943'),('S201800531','殷仕洪','S201800531','40d520ff66675d96c2792f2ce3fa0f2d'),('S201800532','高启巨','S201800532','0fac1d035028d036484f421c22916a0f'),('S201800533','罗谦梅','S201800533','85e7bbfb68f91cb44129ed762313bc58'),('S201800534','王文宙','S201800534','386a195f752f476b39592a8b66508f19'),('S201800535','张逸德','S201800535','f9ed1847e572af056228992e629e491f'),('S201800536','方源玲','S201800536','68a65b05220ab4eb3a03c1a2ebb99ab8'),('S201800537','黄雨勇','S201800537','06d4970479037f7d0e4b537839496ace'),('S201800538','郑天初','S201800538','9836dfdc526daa7f8812823117692387'),('S201800539','张俊良','S201800539','163fa823441bcaf19b53bbd97e1f5551'),('S201800540','盛广泉','S201800540','293fa9a4410e431de1a1383b1b1a02be'),('S201800541','韩贵明','S201800541','343e3d03362e774272bc9f5873c152db'),('S201800542','彭国芳','S201800542','cdd7f37e794bf0ebebe08740afaf8690'),('S201800543','刘正武','S201800543','357a44b294926f12006f6f7e3478c9fc'),('S201800544','余淼慧','S201800544','a2f9400df8c54340786c2f9f5980e7ff'),('S201800545','徐素威','S201800545','26d2c1a5ea6fbadf4e45ac8047dab4f8'),('S201800546','张荣明','S201800546','c547dd5b72a384c177246c2ac41762a3'),('S201800547','陈志成','S201800547','75673768b01c5ee48d1e3b9a5f747831'),('S201800548','严洪菊','S201800548','19bedf88e0549a1bba3fc30bf1a6d6a8'),('S201800549','张禹华','S201800549','2b7ce7de52647a5f269573fbd50b95ca'),('S201800550','李省锐','S201800550','4f7d8dc06949769617d69fc7efd8d9c0'),('S201800551','刘茜玉','S201800551','38f1e2207985163d6d0ec718edeed7f9'),('S201800552','李春婴','S201800552','629dc974ed55ed509c0a944036dcc474'),('S201800553','王斌谷','S201800553','e9753ca05625071249ad2e6e97c730d0'),('S201800554','程琳英','S201800554','84f54d858d2e8711a6693eff4751f151'),('S201800555','孙望熙','S201800555','69e1e147f8551e0645719df54691a470'),('S201800556','王瑞铧','S201800556','28940f5a7df341d85c945095ef8ec616'),('S201800557','郑庆明','S201800557','06888a1f34231752f1a20c442409aaa2'),('S201800558','林金娈','S201800558','116a3f734859af4e3536ab532649db80'),('S201800559','陈恩昭','S201800559','c5157e8655d7562b8cb2f5c95d19a93e'),('S201800560','夏公瑰','S201800560','364cb210603cb7b4324cddc7425084f7'),('S201800561','张宏磊','S201800561','6f65628fd4ac0b8698646e088fd1ad9d'),('S201800562','易耀平','S201800562','79f719b9d2dd435312183a7c2635d93c'),('S201800563','龙哲家','S201800563','1e3f1e8e2bd84fdbacf19279a54e4ace'),('S201800564','韩敏霞','S201800564','bf59ab52200c73619e07f1dd35313a37'),('S201800565','唐欣鑫','S201800565','ca3b54e0c662c61259e3a25ce9d4a90a'),('S201800566','王昀霖','S201800566','a210a08ae93c696705b4800196441c85'),('S201800567','李继华','S201800567','611b6240b435cc22da26e681d8bec64b'),('S201800568','刘妙龙','S201800568','1444963151ef212324cebba523a0fba8'),('S201800569','孙子复','S201800569','da45d3fcc5540b6b4e130898bc72eabc'),('S201800570','陈火凤','S201800570','77b0fcc13487e93d32bd9f6e14eaa92f'),('S201800571','王午波','S201800571','e01c3650a84830e395a4a4f6270f5f91'),('S201800572','杨点菊','S201800572','e77c39c7cdc3f8b107b204965b4468e9'),('S201800573','王淑超','S201800573','5f802888af6246fc43b6789c816c5dd8'),('S201800574','阎立华','S201800574','4241ef2b1076cdf7bd7e0459bf7fde10'),('S201800575','周凤洲','S201800575','0c5c91259f4b21468490bbc9b0123ac3'),('S201800576','何力泰','S201800576','8e9491e9a489b2de36618352df39975a'),('S201800577','程玥琴','S201800577','9bb4bc183fe8030f3123a95fdba08cc0'),('S201800578','徐路飞','S201800578','9e88cfef7b966b3beb8944aa1ea48e98'),('S201800579','张鹏东','S201800579','b10d10e83736f2e213cf2cb4de32e5e1'),('S201800580','胡卫光','S201800580','87054b8a9ce54ca518ab69d01dd33be0'),('S201800581','宋久雯','S201800581','49ed31305df2c421328369fbf38d3191'),('S201800582','张晶亚','S201800582','0fc0b1b2f621da3c77b37a73dc9e65b0'),('S201800583','刘芬力','S201800583','f5e5f264b9cf7f69bee0f729e60b13a9'),('S201800584','薛竹友','S201800584','d63c0edb21cde88e261c3c52388c5bbf'),('S201800585','王彩古','S201800585','28a859e856617cb321a5398da3828b7c'),('S201800586','刘豪花','S201800586','a7358b3d14d648d871f7b929d21821b7'),('S201800587','徐丹飞','S201800587','9fdb15d11869226320798c8f519b457e'),('S201800588','胡一华','S201800588','e8518c69e26f48d6546499e3b6c3148b'),('S201800589','李颂明','S201800589','cc49697a476d5c18b895ae1dd69517a8'),('S201800590','陈高芝','S201800590','2a57758896dbd87569e7376b8c3bb2c8'),('S201800591','李衍卿','S201800591','7b27b3b20abb05e37cdaa37b6cef7e7e'),('S201800592','温艳丽','S201800592','9be4b1cfe37e750f73f9a9fb15621f8d'),('S201800593','黄陈飞','S201800593','59436faf5c0ba950f3fa4cf01130c6ac'),('S201800594','陈思生','S201800594','e02e5be0446df0cc9261d107c5dc4294'),('S201800595','朱飞薇','S201800595','6f03da329ff7de599c3bfe7f056fa9db'),('S201800596','李竞忠','S201800596','22ff880b0bd3a23568b36f90a18639f2'),('S201800597','刘淑超','S201800597','667df9d41ddc6d87c7bb4ef719db8445'),('S201800598','赵伽裕','S201800598','a448933b20a2c87223923c9ca4e7138e'),('S201800599','傅显明','S201800599','c353c8369dd59a91126633b9d40eac75'),('S201800600','李苏慧','S201800600','6b01ba6b706414a15dde85772962ebe7'),('S201800601','李璇军','S201800601','4b4c6fd4eb057b644591fdd48738fb33'),('S201800602','孙彦莲','S201800602','0c141d60e3dba809ab276c41af233479'),('S201800603','陈双望','S201800603','c342c5f6a5349c5cce9740cbf91bd870'),('S201800604','梅小云','S201800604','41873b7f56bf16770c01c6eae0efab0c'),('S201800605','曾宇全','S201800605','4b63d21a742807d9ff2ca12f587176a1'),('S201800606','刘世科','S201800606','ed5b977e4f7d63eb8ce78e1616467d02'),('S201800607','周雪萍','S201800607','969dd98b1f52e46071537cb3a3c6c8c8'),('S201800608','林康强','S201800608','42996ba505e7e5feb04e126f14ceaf50'),('S201800609','于权杰','S201800609','2b3b52507698b66b22dd1394f3a36db2'),('S201800610','洪智明','S201800610','bdc1cd35685eb6ddecd6189f549e1788'),('S201800611','韩祥浓','S201800611','078c745730536c15a73c1803512bc32c'),('S201800612','刘梦新','S201800612','b465c2cb2f1d31334a1d61e62444bd1a'),('S201800613','张月庆','S201800613','bacd1639eeaed21847a49ef8427bd48d'),('S201800614','朱董康','S201800614','6236a034739db5fd73546c9d3c735f84'),('S201800615','汪德武','S201800615','65b4833fd1480ec823c0fc2ad5fa4a29'),('S201800616','李亚梅','S201800616','8b613488e59f65893beb9b223d40fb66'),('S201800617','刘张霞','S201800617','94e8ceb97e63772f2a979a3200c61f44'),('S201800618','毕普栋','S201800618','00485228509794f8d16ce706e668d465'),('S201800619','陈兰宁','S201800619','2414cd48e9e20da2e033e8255720ef7b'),('S201800620','郑云宽','S201800620','f0ddd80f3405c40d51c25afc05e9cb02'),('S201800621','钟旭林','S201800621','e5be8f4b91e2577f8b4131fb0afdb1fb'),('S201800622','戴剑然','S201800622','ede4fe93f6db2845264ada1b6bd36d2b'),('S201800623','张利娟','S201800623','a0e7a76fc13a308e8a46249f4be580de'),('S201800624','宋涛媛','S201800624','9649eda5bd9067c8aad109bfbbfffcda'),('S201800625','张雨当','S201800625','408bb6bb773c3b39ebfbe7e336513e9b'),('S201800626','周可会','S201800626','a9b7e0a302c5e6a2dcad298d637b3cf8'),('S201800627','唐琪凤','S201800627','320ec319447b193a62231a8bcff534ff'),('S201800628','方立栋','S201800628','495c58bfe78f0b07be705a18b354ed17'),('S201800629','黄洁红','S201800629','a4218de9ad81fc6643850900f501a79b'),('S201800630','赵玉杰','S201800630','8561c45e35033fe0a5dbaf9c9057c911'),('S201800631','刘延飞','S201800631','41463e62743dd7c0b82639636311b54b'),('S201800632','陈军萍','S201800632','51b9d014dbcc3fd5cbcc7157339624de'),('S201800633','郭震维','S201800633','440245e1ef18b247086e2af4e42f91b2'),('S201800634','唐朝刚','S201800634','135d1bad00b3ea0bb764a06b9077b0a0'),('S201800635','吴秋娟','S201800635','ec387132c997c6e1fe817deeb169059e'),('S201800636','任星群','S201800636','4e007c30513467d9db0e563d693efe6b'),('S201800637','张子伟','S201800637','38f581224a10f96d8fac2f1623e06e97'),('S201800638','宋利飞','S201800638','076d8bd75bd3bf516b0388e0adecfbc9'),('S201800639','柏哥珍','S201800639','6aefddeefa3b972e8599c65408fd3418'),('S201800640','刘成英','S201800640','049a6519a602fc73f1d256761142054e'),('S201800641','李贵焱','S201800641','933f7f698adc7bf2d6fbf1639cee13c9'),('S201800642','黄心举','S201800642','8a4620913740f4f30be1fc317410193b'),('S201800643','李正静','S201800643','a70b5cddf3e999dd34e005be6141ffb8'),('S201800644','赵国茂','S201800644','cfc9ca38d9f2e289a4e3c94c8fc34841'),('S201800645','刘瑶湾','S201800645','8f9c2d903dccc914617fa3e4b68d52f4'),('S201800646','谢瑞哲','S201800646','74c71dd40ba7a4b5ba1eb7ab95be3819'),('S201800647','邓竺华','S201800647','cb8341fecb98336a0d8508a50836b99b'),('S201800648','张建飞','S201800648','db6088fc66885dc26a4dddafb6aa63ca'),('S201800649','唐正斯','S201800649','9fe0fe0d1f69bc0fcf310b99fa7ce02c'),('S201800650','兰法妮','S201800650','c862202e235b4df6d46d13b0fecf7348'),('S201800651','高先辰','S201800651','ae728767b1f09eaea434b8a24d715654'),('S201800652','彭君禾','S201800652','aab73f6e12c2dd4ce64e9a6994a91208'),('S201800653','周彪锋','S201800653','266e3d06d93e30c53f906ee62e735133'),('S201800654','杨士兰','S201800654','81612232f39e6a61b2ab1d3dc3069510'),('S201800655','杨付哲','S201800655','d20ad55876296bcb19d9cdceb77acec1'),('S201800656','董小敏','S201800656','ca93b216adba70be64c37ffbce4a3776'),('S201800657','赵继薇','S201800657','b7cfa39219595cdb2156bf469afa7ee5'),('S201800658','刘松兰','S201800658','1150990c3fd13b11e3df41aeda9402d9'),('S201800659','王凡婷','S201800659','4a6335153680c9504efed2ef17cec82b'),('S201800660','张彦梅','S201800660','6a71abe0b2933a2b60cd7b4fc27831f2'),('S201800661','李标宏','S201800661','f418a4487a422e075902eb9ca872d8e1'),('S201800662','张显纯','S201800662','3958e9808368c7951ac928617695d203'),('S201800663','张鹏霞','S201800663','13530222ff2d9a99e8f28ec71b6f690b'),('S201800664','翟红菊','S201800664','e1241558c50d42347d886c7fb6e66aaf'),('S201800665','孔雅珏','S201800665','7a78cf0a6145fa5ab0848560cf8c4e8c'),('S201800666','杨小妮','S201800666','698efb8f2269abd214f9b64a08eb17a3'),('S201800667','杨云志','S201800667','062076947782e4daa9ee21cb96b69824'),('S201800668','郝朗爵','S201800668','930e93c182177df7fad394eccd0e5883'),('S201800669','阎邦丹','S201800669','775391967a2f7f5150f293807bd579d3'),('S201800670','萧兴娟','S201800670','51b114f695ad2090cbce87aa64ae6269'),('S201800671','林晨春','S201800671','b233140c9881b297dfef576f046ed6ec'),('S201800672','高绍峰','S201800672','203aca0fa2d1304849c5faf69ddc2179'),('S201800673','徐雪骞','S201800673','ff0a7bca421137e894ff7b5a1221fd72'),('S201800674','胡宝林','S201800674','bf35492831143b0e53a73cfd373d7e5a'),('S201800675','沈薛青','S201800675','140e9183457e4c4ee0732d48f5efcb5e'),('S201800676','陈子铭','S201800676','7e7aff409b000a26f93c47ad7cf830d9'),('S201800677','王峰旦','S201800677','b3cb46f30787521651df25b6020afacc'),('S201800678','梁海宽','S201800678','9682132895a05fdf6f431900012e44a8'),('S201800679','张柯丰','S201800679','3d7c72146861510ffb15117932578c16'),('S201800680','张铮贵','S201800680','04096a208d718a52a55f8d6607e1c237'),('S201800681','杨志颖','S201800681','d565c643fa8ec27aa9f792a531cdae3c'),('S201800682','何富胜','S201800682','b319ceb0cad6b7bfd9020cae6a914cfb'),('S201800683','邓慧冬','S201800683','1d152b21aee979d2a87a77117f1c68a5'),('S201800684','钟代丹','S201800684','346cb656d39538f15590c2c6d787aeb4'),('S201800685','孔金龙','S201800685','6c63cdd065a2af3486d7382285700647'),('S201800686','薛华斗','S201800686','2291ceda4afae8f36deddc862911d3de'),('S201800687','倪少彦','S201800687','4efa80fc6c9ee0967237f17659b50588'),('S201800688','胡建楚','S201800688','a7d91af24e359bd5315e3156413970d1'),('S201800689','刘述平','S201800689','431f16d5fc1c355484d9176179fbfb19'),('S201800690','王华录','S201800690','19f7cb390fe429403be4fa17aa13e5dc'),('S201800691','余同峰','S201800691','6e09c0a29806b1f706e58da3e7b2e828'),('S201800692','朱拥圣','S201800692','3046e2c355abeae2f1576244db666e75'),('S201800693','左雅华','S201800693','7d51da2437f27e56a41d8dc78aa9bc92'),('S201800694','王志芹','S201800694','9c97379b723ae3b0484b71757d7ac482'),('S201800695','黄燚杭','S201800695','34ac762313670c00d24b551f2991eeb8'),('S201800696','徐连欣','S201800696','6d06cb54a853f22eff89e3ab5df8303b'),('S201800697','张亚月','S201800697','942de7d7fb0a12465f899b11985da693'),('S201800698','张宝峰','S201800698','b2f28785c6bca0282bce3bda3e40f764'),('S201800699','侯正英','S201800699','d0f7b9f8652b144b7516871be03bbf11'),('S201800700','高桐婷','S201800700','d4874ae6c485fcfa33a28b15e0488739'),('S201800701','杨景川','S201800701','4b9d15cefa27c12e11946a3619c4138a'),('S201800702','张君朋','S201800702','5823ad7e7e09c88970836d0874fa7173'),('S201800703','王万强','S201800703','4779e211f602248756761d31f220f110'),('S201800704','夏海如','S201800704','381ab6096777490b919aa1456e43e50d'),('S201800705','朱扶丰','S201800705','1ed04fa5b82a27965f955f089f27591d'),('S201800706','萧情峰','S201800706','a7638314f1e1b6a3bc210ef6d52e4927'),('S201800707','高伯锴','S201800707','0fa24653e055a372784a9cbaa8ce506e'),('S201800708','李念英','S201800708','f43bba991bcae77f88438f94fe485491'),('S201800709','胡德范','S201800709','a70eb7246f55f70cea2eaf587aa0bbe6'),('S201800710','张林杰','S201800710','43af50c18f7c975a48aa2b2c17e34762'),('S201800711','刘林康','S201800711','ba6713ef3d88b5253ad44a12c35679c0'),('S201800712','朱然强','S201800712','bb2d4ea4eb2c566749175341f62ad6b6'),('S201800713','杨炎平','S201800713','d8a24bb383614f5b3490162471adab19'),('S201800714','张大泉','S201800714','14d88c58816870bd72c0f9e7c9d4cfd4'),('S201800715','王玲红','S201800715','60c7e2fc31efe022762eb74d9a17995b'),('S201800716','马米辉','S201800716','792bfa21b6b79233439fddd136c0ae2f'),('S201800717','王丽婧','S201800717','e57ac27af5822fc3ac049d6bca286cb1'),('S201800718','薛卓升','S201800718','f54259cee353af983d2f4c8953840a21'),('S201800719','范亚杰','S201800719','9d6a5eb9c2b5226711d58c1a1fa64249'),('S201800720','李璧伟','S201800720','989158c42d294f78db70755947b4fe7d'),('S201800721','张忆琪','S201800721','0fd8af671841081833b43265ebe91238'),('S201800722','刘启泽','S201800722','43605faf90ac53d1809751c94d2d0426'),('S201800723','杨锦伟','S201800723','df5b99f61d3ea65e293f6685e5a21b0a'),('S201800724','于声军','S201800724','720d775f113a852d3c8cd05c57e4aa9c'),('S201800725','周景君','S201800725','f63a2e16b1df2c06343b266c026322bc'),('S201800726','朱微慧','S201800726','db29fb3883f21d6d8f42de66cc08c710'),('S201800727','潘付慧','S201800727','334eea2a02f3c00d674667f532878361'),('S201800728','王妙德','S201800728','dc246a5fa47f9c6b203fbcb0578effee'),('S201800729','李龄军','S201800729','e1ae5c8e9b1827169e1339232864ba61'),('S201800730','黄广瑜','S201800730','2b11e0578ec2c9c4e7f3f1599f7796ce'),('S201800731','杨松甫','S201800731','3b25f26b497041c4c301b247098b710b'),('S201800732','孙茂霞','S201800732','ae1432e64b483cd3687f965eb0f2d360'),('S201800733','宋芳兵','S201800733','66446078c384d92e2ed7c9d389f5135a'),('S201800734','孙芝拉','S201800734','ade7adc5bff9684d241727b534bd9491'),('S201800735','林鸿超','S201800735','7e19fa307a8b07b25741b2a19a36cec8'),('S201800736','王菲洁','S201800736','2f718f36a6ddd13d1e882530cb319c54'),('S201800737','冯凤乔','S201800737','00d8d72a852b8a22bba3c44920e344db'),('S201800738','朱如藜','S201800738','39a186bd8578e6cffa6897cd5fee1506'),('S201800739','陈磊凯','S201800739','cba11a8e3d4dfe80393b3d4a125007f3'),('S201800740','刘海宇','S201800740','a6fd20a30c12cc8303904f8073d4be4c'),('S201800741','郭敬雨','S201800741','c0414aac6249849a2505379b88398301'),('S201800742','赵之辉','S201800742','05ee92a7e34ae3da5e6aafc388429ebf'),('S201800743','余玥君','S201800743','611982e24b25bfdb597e450c070597e2'),('S201800744','杨云萍','S201800744','c152fa66b9248c1ff89864ac64a225e2'),('S201800745','魏文沁','S201800745','5d9f12b0066f0e918d36f49b69c2c98e'),('S201800746','李晓唐','S201800746','00f23e13df2e2bdec000242c21704a63'),('S201800747','余媚敏','S201800747','a7bb06fc12f7e21b31fa710872d6353a'),('S201800748','徐军卿','S201800748','10a167a940ef093d6ea99b9e2cf17ba5'),('S201800749','周彦辉','S201800749','7daec42dc7c079bb7f405d34d8ef0d6b'),('S201800750','梅载宇','S201800750','6a072ccd0ec6f687600531258313fe67'),('S201800751','夏志泓','S201800751','d6b27272fd1e5c62080adfe92f30f33c'),('S201800752','刘果东','S201800752','9384018bd3c1ef070a9d48be64882fc5'),('S201800753','崔俸敏','S201800753','aa303ef73976893e5f9fd638add20a30'),('S201800754','张闻刚','S201800754','07e5927b785957211efc3cae62e83468'),('S201800755','钟亚容','S201800755','906a3a1882c00c873cd498d802a6b7a7'),('S201800756','萧衣民','S201800756','c06d1214e0be720802cb0002dd6adde7'),('S201800757','郭美萍','S201800757','6a4923bf413300b008615b2834a18bef'),('S201800758','杨一强','S201800758','557e0436798170bff6d624bce9a52537'),('S201800759','王丰丹','S201800759','908d903b868275c38f1ba17d8fb0512a'),('S201800760','张逸江','S201800760','a32583e931b455ea36bf067e5f39e509'),('S201800761','刘明龙','S201800761','e78b2b97e696265645096b01b7790ba5'),('S201800762','刘楠甲','S201800762','e3e8422f499f28b548a0444d54d53b32'),('S201800763','陈介营','S201800763','8bd8d2f072766ddb85d552a4f0787b9d'),('S201800764','张永薇','S201800764','7777702d5788c9d618b804daf1ad49c4'),('S201800765','杨灵松','S201800765','fba2ad1f8fcb1c15d00ba2834581acf1'),('S201800766','白梓保','S201800766','fce313f5127b1a23f6ccec13a6de563f'),('S201800767','刘舒芊','S201800767','318ef5af8cfd9b3978b76643851effb4'),('S201800768','刘国亮','S201800768','095476403f310480f642e6ed7c54649d'),('S201800769','杨先顺','S201800769','005db384817687077f4d226a7474845f'),('S201800770','李步青','S201800770','e8f08952091898f44d98fb2747fa6a98'),('S201800771','焦钺娟','S201800771','7299ada9bea8191288aabd458c5e6f0d'),('S201800772','辛婉若','S201800772','9cf84f5ee569be68419630cdb1330232'),('S201800773','林艳春','S201800773','94d0514156af8758ca371f6b595e1727'),('S201800774','孙保婷','S201800774','35b203581cde4f1243b271bf542c6eca'),('S201800775','唐秀希','S201800775','9c58376371500bee2c76126167cfc36b'),('S201800776','李元夏','S201800776','66fb719cf9a955beb02486142614a9df'),('S201800777','梁佳华','S201800777','8541c62c2c6d3534dfded6be1368bba0'),('S201800778','林政娇','S201800778','6fb1e3dee6da8f9f76eeebe87ef1e677'),('S201800779','傅清鸿','S201800779','9a69c505b4b1bb04eef8e520ca9a9eea'),('S201800780','陆萍圆','S201800780','68c9736df94954c15219fc558c9f17eb'),('S201800781','郑曾波','S201800781','3a5513edaf7e47d38709c8d534d9a3d6'),('S201800782','孙淑昂','S201800782','c347b010cd0a06d01e3fcfc327a4534e'),('S201800783','陈紫宇','S201800783','7af721261c561b26111d3d9a520982e7'),('S201800784','张艳娜','S201800784','2f704b7f8387c177c48068eb7210d282'),('S201800785','钟晓君','S201800785','ac6b9bc251e3ce2f042a6c155078a3d2'),('S201800786','陈炜雄','S201800786','52ee5b5e63f5eea7991a2ce4dd9d558c'),('S201800787','徐雪奇','S201800787','9ef9e29a1785e2784b1b9b7d9098788f'),('S201800788','胡建岚','S201800788','8e6b5f6cac54c858cf37cdbad84a379d'),('S201800789','傅明水','S201800789','17a87f0ba5402367273e9f4d5e279208'),('S201800790','张献满','S201800790','4c6c392a7f2b519f43cf22901f059271'),('S201800791','李贵艳','S201800791','48f7629a8a5b086b4772fcb609247154'),('S201800792','张柯魁','S201800792','e988887aaf19fa4dfeb447d1426382dc'),('S201800793','王仕民','S201800793','ed7cfcad9784f3a5ab5751ff36b5e608'),('S201800794','韩鹏业','S201800794','7fc608c52b072e90b1f534d22a1c1bbf'),('S201800795','贾世祥','S201800795','025b01313a03e13dcb1d9c15eca3361e'),('S201800796','刘革卉','S201800796','a3c8e54f9b55563f9435f6539bd741c2'),('S201800797','林宏玉','S201800797','5b07817983d569d7a2b258a0efbf86f1'),('S201800798','洪从光','S201800798','2394328c82c0b4c671a55b990ba11727'),('S201800799','蒋明轩','S201800799','f9bce148bc8b5918fd40f595a727db23'),('S201800800','贺柱波','S201800800','8509ec88f4d05de4da6fc4af8168c1ef'),('S201800801','邵菲香','S201800801','bef97a8fcade7f5f0a469573d64fcdc4'),('S201800802','薛寒华','S201800802','a9fe33a838b49a9bf8725f5896378fd3'),('S201800803','卢世萍','S201800803','01d56bde59b3f8e79e8b76cc72ad8912'),('S201800804','钟全江','S201800804','ea949e5c123dece90c00639b4bf165a1'),('S201800805','陈松韵','S201800805','59f44d6022b7f335b488a55dcc7dbbf8'),('S201800806','张庆峰','S201800806','0b1e6eb92b32755b59a3be639f73b815'),('S201800807','孙玉滨','S201800807','a7e8d2c3d4d587027b287346538a8eae'),('S201800808','陈升梅','S201800808','6dcb68c3e673d8559c6521801f3bdb51'),('S201800809','魏志伯','S201800809','c50e0eda75b156c2436ef046dc295f24'),('S201800810','庞闻勇','S201800810','531c84a54515524436ffd95cb4ebdd38'),('S201800811','李杭芳','S201800811','de5b9a85e9d08a63130ff5af8dc421af'),('S201800812','张厚青','S201800812','84531e6e9b511b7f0734a9902229a9ec'),('S201800813','杨国辉','S201800813','0c1416f7d06ca92201f652859e09ae7e'),('S201800814','胡澄春','S201800814','4c5c49840cbed8d0462f4a495734778e'),('S201800815','王雅霖','S201800815','96a9bfe98685bc9e23bc05cff68f41d2'),('S201800816','张夏玲','S201800816','6a17512f75dae309d4b7f48796e43f80'),('S201800817','高永锋','S201800817','f2b0655a7632088c74bd73f535a8ed3e'),('S201800818','汪多权','S201800818','0d065e94468aed9ea9c06b211d196bc7'),('S201800819','吴野荪','S201800819','d7ae2959f3ee632c7e99d892fd140233'),('S201800820','张家洪','S201800820','8a53db722e39b88abdd35212e51610a7'),('S201800821','黄贻芝','S201800821','006f290b7c781ea5bb0722ee57e74d6c'),('S201800822','何永爱','S201800822','9993159ff82feb929c59cd94195b8194'),('S201800823','黄祥帅','S201800823','8827d2affdcc62bbdc0bf2a0ff8ce210'),('S201800824','刘峻峰','S201800824','f25b795725acaee4a10c98d8de56bf5a'),('S201800825','龙玄方','S201800825','8f76376e3a258c851c9c5c091d485c98'),('S201800826','熊贝发','S201800826','aeec118a2dc63bdea0765aea97213bc5'),('S201800827','曹永光','S201800827','59400e09187cb7732b3db6b2766b09b7'),('S201800828','刘秋虎','S201800828','aee7e44565e5c7fcab5de7448cd7da87'),('S201800829','徐一树','S201800829','e76240e64e4f56349146b9610ecfd8b0'),('S201800830','王春平','S201800830','4eff93c7c8d9064318af9dbcbd8669a6'),('S201800831','王大禾','S201800831','0b2dc5e175d306829952cb790bec8f1b'),('S201800832','王成彬','S201800832','2878f74e81f9dbd6ad04e2d48d59bf11'),('S201800833','严会莹','S201800833','a9c52ab3d8a4311c1a7440de18a47f8d'),('S201800834','陈至菲','S201800834','812c2ba804c34dbd574080f16cad7ed2'),('S201800835','张向英','S201800835','a58f10912faa8a68c74bd5ca9188bd4a'),('S201800836','刘桂进','S201800836','a7837f5b2136ffb5dcee2d2971bf21b0'),('S201800837','黄小慧','S201800837','28a8b263c3677a75c4a7ecca83510532'),('S201800838','林仁波','S201800838','2293260ff97fe56ece8218ba39f41099'),('S201800839','柳乐荣','S201800839','0d14dba23ce08119509ab0f261cc3652'),('S201800840','陈仁琴','S201800840','6eae16120291b5faffeec1210112e055'),('S201800841','李罗锋','S201800841','a52210770de0c1d5df001e5311ea0191'),('S201800842','郑序妹','S201800842','f57e89aec0bd7ff246f3558e75ccabea'),('S201800843','朱敏静','S201800843','57075ced56fcc0f9cba30574b72b7bba'),('S201800844','徐远海','S201800844','ddfbfb827be4c45721c421f1706ff9ec'),('S201800845','宋文冬','S201800845','d208ae8ef45d7e43a13daa076709b08c'),('S201800846','范万玲','S201800846','f8cbf98a725db5f3bbdd19e026a18a68'),('S201800847','李佳锋','S201800847','777bcf33f5def02742d0487782d0a95e'),('S201800848','刘先容','S201800848','851da5620aae26ed659c4d0a1326e420'),('S201800849','徐会祥','S201800849','b22ae169cd1b9dce6da6020af6cecb44'),('S201800850','陈学林','S201800850','1bd3c7c79e1cc19e560e31ca8b8e8e03'),('S201800851','徐广亮','S201800851','1ecebb8f37f036c94dc20bced9cf040d'),('S201800852','张松国','S201800852','a7ddb84533ce0f49e11e7b845b451baf'),('S201800853','卢小生','S201800853','e9280ba0da6534e1e6e828aef7222fc3'),('S201800854','彭岱彪','S201800854','f702ff95114eaf4beb83ca9771ec8648'),('S201800855','李孟柱','S201800855','8b366d3123d425af779b99a4c9c181f7'),('S201800856','曹文红','S201800856','8a5619429b25407e874d66bc91e22c90'),('S201800857','刘卢雄','S201800857','aea0c648ed3e21dbfddec0dc66e883b1'),('S201800858','姚一洲','S201800858','5502a9bf787c5c57341b54210a29a6dd'),('S201800859','杨朝晴','S201800859','d01e3a0cffac018086545cbd974213a4'),('S201800860','孙时国','S201800860','bd4b43eea3d9522507dc0a765453b51e'),('S201800861','马小敏','S201800861','4c50926e376a950157f91008d340bba0'),('S201800862','朱琳宁','S201800862','b8d89ce38d734df1eb92d7b41d9e0cb0'),('S201800863','罗芸伟','S201800863','89b52747cee7d93398a3f588fbcdee70'),('S201800864','谢瑜亮','S201800864','744ded2b57e5797917e34f811c94e945'),('S201800865','刘天华','S201800865','d60d5674b67a9efc64f180889032fabc'),('S201800866','何冬文','S201800866','b449423792d2026009baea0448e40a94'),('S201800867','李基健','S201800867','558eca9526b2a5c9cd9ad68481804bb3'),('S201800868','胡铭静','S201800868','1e247fdfd1fcca6e8190adbcf2aa48ee'),('S201800869','刘林超','S201800869','372476d1811100a2c44453371487f830'),('S201800870','冯吟荣','S201800870','54f93310facc0de25124400429a2f841'),('S201800871','陈羽飞','S201800871','d7fc1dca2b1d558b951a99812f0c943e'),('S201800872','余芳诚','S201800872','2f9b763ec338b5a4a6e7266138adf72a'),('S201800873','杨璜鲁','S201800873','c90ee3ba277ec73819b6244d1798d779'),('S201800874','李孝挺','S201800874','c85ab290578ce274b088bd083d26fcf8'),('S201800875','马利莉','S201800875','1c1f13403ff7b3536435231a469b5292'),('S201800876','温立奎','S201800876','eb70ffc5a170cc670467a01e28204dea'),('S201800877','汪立毅','S201800877','1da1a9092dc9938ce55e80e2cc6f64ed'),('S201800878','任国婷','S201800878','5ea49064215abdafde4fcaed763b277c'),('S201800879','姜永宝','S201800879','d1e955910d225083a9a935ac842fd425'),('S201800880','王月桥','S201800880','7d4c803e323d40cdf6a6b3b4b52b5a03'),('S201800881','孟安文','S201800881','a9740aac719adb62a942adfcaa07639a'),('S201800882','杨蓉祥','S201800882','2137c2b341223fd6381d74909953924a'),('S201800883','严晓群','S201800883','4733193f2719fdb8b49f82f2982c80e6'),('S201800884','余静悠','S201800884','8ed11fca34b6da761991cc1fa78b95d7'),('S201800885','黄兰白','S201800885','fa3e8990942b37e03c8a85cf99957d10'),('S201800886','陈铁祺','S201800886','88f683c48ebeaa2cc3d614ad988c4df8'),('S201800887','李瑶福','S201800887','de848ce79adcc88e3b867f8aa21231e3'),('S201800888','白公恒','S201800888','19c22ab61e050cbc71de5b92d7b97e38'),('S201800889','萧薪军','S201800889','3b157cdd9b90269ac764838e61a3e5ed'),('S201800890','林金发','S201800890','f89a54b711ea65d69aac6b31a66916f7'),('S201800891','黄之龙','S201800891','35ce4b87f5dd3297ae8f3009c2a816e9'),('S201800892','向继竹','S201800892','f5b01d65f9432df063b76bed6f90c854'),('S201800893','程二鹏','S201800893','b44a5669c251beba3dd01239110c43c6'),('S201800894','孟宇闪','S201800894','2e9d561b3ca46ee7dbf25f5a2a080d57'),('S201800895','王佩平','S201800895','f7c6c7333f8e2eb7177745b7abcffe01'),('S201800896','戴向露','S201800896','411aec9e71cd4a2ce016989135d09bb3'),('S201800897','陈立海','S201800897','2702c6a029a2261de6edbdac41ce2450'),('S201800898','宋静利','S201800898','88f853df573cf263812ec7f4706786fb'),('S201800899','王永杰','S201800899','ed3667a4d89c4918d561a6a88f9941b2'),('S201800900','蔡维宁','S201800900','5562ca949fad3d5629c19b8ad2ae2f29'),('S201800901','张志芝','S201800901','37a31cdacbae40db2faaaa04083b93a3'),('S201800902','王玉枫','S201800902','6816ba492ecb3eca6703dfaf7132a00d'),('S201800903','贺友秀','S201800903','89dd2fe6ec94eb9b76a5aca5a82462be'),('S201800904','张馨理','S201800904','d31b70e96db0e62a4f31b72bfb5a249e'),('S201800905','杜文昕','S201800905','67457de193f3dc3ff671663c4ae255c8'),('S201800906','陈治桥','S201800906','2ef57cd01572aa26187cce6119998e5d'),('S201800907','叶晓水','S201800907','c1efea7c510254617f722cc937e2f659'),('S201800908','祝岳达','S201800908','33bc35356984f117f831db01f9ff9a48'),('S201800909','李建荣','S201800909','440f445979c57e3eea52c43b4cab1ee1'),('S201800910','黄国弘','S201800910','7595493f7af8b10afebf54189decfa5d'),('S201800911','王泽妮','S201800911','1f50319912c9222f38f59dd0124c2437'),('S201800912','陈林石','S201800912','f7fc87aa40130f6a29884cfdd0078414'),('S201800913','罗秉富','S201800913','e275289375a0c7135bcf5e45c5094ecb'),('S201800914','傅广虎','S201800914','50de6912929942f5b3e2af0bccb1b82f'),('S201800915','陈列英','S201800915','e4fb54b7144ae0b8787d04b08f9ba884'),('S201800916','汪艳安','S201800916','4c61a8b44c828e50e0de2e3528fc3084'),('S201800917','马宗杰','S201800917','2b0e7aa20e5319afcf9bcbce9c42d452'),('S201800918','许轩婷','S201800918','610d9d540514389b52783e6708a4c016'),('S201800919','钱茂江','S201800919','f38de32bf2fd46227c2059ab82ee75a7'),('S201800920','胡崇琼','S201800920','560f4da4449dc0adf45acc635d3ed59d'),('S201800921','倪伟群','S201800921','d46ce6c99c3d5b5659ae3de972d0cedf'),('S201800922','罗明勇','S201800922','5df0977c92dbeae8423a11ba36a18f1b'),('S201800923','赵澄芳','S201800923','82b062fb689e223b9e8e48d1d4b4476f'),('S201800924','程光午','S201800924','ae3f974fbc36aa9901ba5b6cca613507'),('S201800925','韩超雁','S201800925','7dc97805ee282f49e3d19f62446c6b11'),('S201800926','刘少毅','S201800926','20b620714b3cc2bddcc64d0ed0410d02'),('S201800927','邓炜刚','S201800927','ccef2685c3888ca0439616891744d245'),('S201800928','田进花','S201800928','5c4cdb4b9a886ee16bcc0171c18c8dba'),('S201800929','刘航道','S201800929','f7dec3032767841ea8f89f2569f921b4'),('S201800930','戴佩杰','S201800930','2bab12c51b51a6a34721fdd1e9a8a56d'),('S201800931','李猪敏','S201800931','5b7eeeece10237713ec27aa60ef8c077'),('S201800932','邹语祥','S201800932','3446003f7ebd680af2a8addcc20c555f'),('S201800933','杨凤庸','S201800933','53c6cb421ad2c34645d0decfc171a21b'),('S201800934','周小洪','S201800934','37de294eb8560b5e2881747cab9544f9'),('S201800935','张亚舰','S201800935','2eebb9391c4cb2aaf745e78e8129871e'),('S201800936','王陈造','S201800936','5539acb3077d43f7afc48d643a7d0c93'),('S201800937','王继卿','S201800937','65711c00b3c86e190453ad3db30c3f6b'),('S201800938','黄永彪','S201800938','df138158b4db76a70bd1d09469f4e215'),('S201800939','谭松真','S201800939','6fb79dbdc69d8045b89397a678a0a382'),('S201800940','张珠儒','S201800940','7e936ddfee061dff4749ad27c4f56d33'),('S201800941','高若梅','S201800941','5a0a6cef8ade72419aa280216ec47a8d'),('S201800942','罗月萌','S201800942','b6771f62855881510ad847904b94082f'),('S201800943','梅庆寿','S201800943','dfb0b14738bacbc2a26873e4f24a12ce'),('S201800944','刘中财','S201800944','65062a360d0c7480ab0dd9d9bad7bf8b'),('S201800945','万卫音','S201800945','3ca6e79a06a75f913361bb0eb6002606'),('S201800946','高明凡','S201800946','a7a04f3f29749c15baa5389d2dab1768'),('S201800947','常巧言','S201800947','d4c745104d00bf88a6f03ec5680fa977'),('S201800948','孔润航','S201800948','d8fd186ff337c77f37c6d7867a18c9a2'),('S201800949','周芯杰','S201800949','7ec561148d1d86cd4d50607b3544f0e8'),('S201800950','刘恩琳','S201800950','93ed68372e8dbbe0d613f4dd0d38c94b'),('S201800951','徐增杰','S201800951','0665e133c1abe77da877cc89c7958285'),('S201800952','韩盼方','S201800952','7eb5eae64b38f2ed481b5f98924dad68'),('S201800953','吕清敏','S201800953','8d9bdd8a4faff7bcffe8184168877b4c'),('S201800954','刘丽天','S201800954','a7003f9a21af4ac9dd445cae0599024c'),('S201800955','乔述亮','S201800955','2d0bf265f534377e244337424afa5c8d'),('S201800956','于仙东','S201800956','8aacbfa7d86a18ffe6dc4033b301c750'),('S201800957','何健成','S201800957','702fcce52f66ac1c1c3278c769aa055b'),('S201800958','王文涛','S201800958','db2ba50303acb1fa3abb8ac47574f2b0'),('S201800959','吴达元','S201800959','96a4800c6960cb678733533a271463d0'),('S201800960','唐芳红','S201800960','61941a137f36c8004179e49c5b73153d'),('S201800961','高丰娟','S201800961','7e5e96bd882cfbca6c60f52a9d3b249e'),('S201800962','陈兰骞','S201800962','da4eb55bcb3be581d960e05aa39864ce'),('S201800963','张熠新','S201800963','ac66eb694b97172cffdcb1e40182b2f4'),('S201800964','李社文','S201800964','0fe74f28188776dd9d87b2869170619e'),('S201800965','陈桂芳','S201800965','966049e1c20a5aa8e34185ed6bd8d2a5'),('S201800966','夏佳进','S201800966','c06bd6bfa7aba414a58b3015c4220ee4'),('S201800967','徐春文','S201800967','fdecb7512380ebcade2527a2b78d09c8'),('S201800968','杨由鲁','S201800968','5408f28cc1329ffe995f3c9fa17229e0'),('S201800969','刘朝昊','S201800969','f75f9beef853574225a263d759b82818'),('S201800970','王凌宸','S201800970','8238f0c83119450029bb46c47870d961'),('S201800971','吴秀平','S201800971','27aaeb4309c1a1bb294497e649fa1cb1'),('S201800972','颜泽义','S201800972','48f8f5c43acec09cc4228d37a17b1a60'),('S201800973','兰德友','S201800973','7e41e09ac27b2043d692a9d7aee915ae'),('S201800974','张福娟','S201800974','87329d057c2860630eb49d7b640a361c'),('S201800975','何泽奇','S201800975','259898943eb0fe80fb674b56d90fbfe4'),('S201800976','高思晖','S201800976','a5eed1a5a18d0c2866a3d27a584eb5a5'),('S201800977','李宝乐','S201800977','8ff9db53c62c5b1b754b7d142f40874a'),('S201800978','汤欣粉','S201800978','01b7fd858656e980cc0cbd67a910bb3e'),('S201800979','张翼月','S201800979','8a03c73285c72d3abed461c9d19f7998'),('S201800980','杨芊克','S201800980','151305b04b46bf3052e8e1b110cfff09'),('S201800981','张贤铭','S201800981','6f1ac232d9e83724f998d29005e342b3'),('S201800982','朱军霞','S201800982','2accd49678d86d1f35e9cf663c0a70bc'),('S201800983','刘大保','S201800983','63fafb646f27ad64c0e1368857337a33'),('S201800984','杨艳琳','S201800984','f2fbaa731a74e3ab939bc3f8171ea033'),('S201800985','林荣玉','S201800985','30382567fb1a1e685c39597931d1253a'),('S201800986','熊航德','S201800986','4de1474305157e6ecc50dd682b3da497'),('S201800987','王韫玲','S201800987','91f8ddc674dce48fb30e847e7d64ab3d'),('S201800988','王馥海','S201800988','ef8fc3a3c28cbf76792e7a8652d52608'),('S201800989','张运成','S201800989','c776948464f61e9f8fbec9b80fccddf2'),('S201800990','宋利玲','S201800990','eb846f2ec46591558daa8620978badf5'),('S201800991','秦珣建','S201800991','60a55f67b9c972bc8183893a340ae96b'),('S201800992','殷东飞','S201800992','b556cd401640c37b9e2ff51471362c3c'),('S201800993','汪功兰','S201800993','b5d2fff58d6730175f42cdd8a5b84eb6'),('S201800994','刘学淑','S201800994','e403f08036ff156a475c5710ea19ca7b'),('S201800995','王月木','S201800995','a835b4f9db5049f82d17d0236f7aacea'),('S201800996','黄秀子','S201800996','e772a10eb31878d05870acdb5dc8ef1c'),('S201800997','李冈敏','S201800997','90856acb02b65c80c91683f3bb9ab32a'),('S201800998','陈士丽','S201800998','b73fa926d60711a581e756cc9047ed74'),('S201800999','龚丽洋','S201800999','ace365c5da07868c959637859869282c'),('S201801000','温志芳','S201801000','5b201c39ffcd7e8b6b3d8a000b7fb715'),('U201514898','胡思勖','husixu','6c4790805964c98b7b7887c2e0ab00fb');
/*!40000 ALTER TABLE `Student` ENABLE KEYS */;
UNLOCK TABLES;

--
-- Table structure for table `StudentApplication`
--

DROP TABLE IF EXISTS `StudentApplication`;
/*!40101 SET @saved_cs_client     = @@character_set_client */;
/*!40101 SET character_set_client = utf8 */;
CREATE TABLE `StudentApplication` (
  `id` char(10) COLLATE utf8mb4_unicode_ci NOT NULL,
  `statement` text COLLATE utf8mb4_unicode_ci,
  `studentId` char(10) COLLATE utf8mb4_unicode_ci NOT NULL,
  `approved` tinyint(1) DEFAULT NULL,
  `managerId` char(10) COLLATE utf8mb4_unicode_ci DEFAULT NULL,
  PRIMARY KEY (`id`),
  KEY `studentId` (`studentId`),
  KEY `managerId` (`managerId`),
  CONSTRAINT `StudentApplication_ibfk_1` FOREIGN KEY (`studentId`) REFERENCES `Student` (`id`) ON DELETE CASCADE ON UPDATE CASCADE,
  CONSTRAINT `StudentApplication_ibfk_2` FOREIGN KEY (`managerId`) REFERENCES `Manager` (`id`) ON DELETE SET NULL ON UPDATE CASCADE
) ENGINE=InnoDB DEFAULT CHARSET=utf8mb4 COLLATE=utf8mb4_unicode_ci;
/*!40101 SET character_set_client = @saved_cs_client */;

--
-- Dumping data for table `StudentApplication`
--

LOCK TABLES `StudentApplication` WRITE;
/*!40000 ALTER TABLE `StudentApplication` DISABLE KEYS */;
/*!40000 ALTER TABLE `StudentApplication` ENABLE KEYS */;
UNLOCK TABLES;

--
-- Table structure for table `StudentCourse`
--

DROP TABLE IF EXISTS `StudentCourse`;
/*!40101 SET @saved_cs_client     = @@character_set_client */;
/*!40101 SET character_set_client = utf8 */;
CREATE TABLE `StudentCourse` (
  `studentId` char(10) COLLATE utf8mb4_unicode_ci NOT NULL,
  `courseId` char(10) COLLATE utf8mb4_unicode_ci NOT NULL,
  PRIMARY KEY (`courseId`,`studentId`),
  KEY `studentId` (`studentId`),
  CONSTRAINT `StudentCourse_ibfk_1` FOREIGN KEY (`studentId`) REFERENCES `Student` (`id`) ON DELETE CASCADE ON UPDATE CASCADE,
  CONSTRAINT `StudentCourse_ibfk_2` FOREIGN KEY (`courseId`) REFERENCES `Course` (`id`) ON DELETE CASCADE ON UPDATE CASCADE
) ENGINE=InnoDB DEFAULT CHARSET=utf8mb4 COLLATE=utf8mb4_unicode_ci;
/*!40101 SET character_set_client = @saved_cs_client */;

--
-- Dumping data for table `StudentCourse`
--

LOCK TABLES `StudentCourse` WRITE;
/*!40000 ALTER TABLE `StudentCourse` DISABLE KEYS */;
INSERT INTO `StudentCourse` VALUES ('S201800002','C201800001'),('S201800015','C201800001'),('S201800032','C201800001'),('S201800034','C201800001'),('S201800052','C201800001'),('S201800065','C201800001'),('S201800068','C201800001'),('S201800075','C201800001'),('S201800086','C201800001'),('S201800108','C201800001'),('S201800110','C201800001'),('S201800116','C201800001'),('S201800124','C201800001'),('S201800140','C201800001'),('S201800150','C201800001'),('S201800181','C201800001'),('S201800202','C201800001'),('S201800203','C201800001'),('S201800226','C201800001'),('S201800239','C201800001'),('S201800241','C201800001'),('S201800256','C201800001'),('S201800271','C201800001'),('S201800274','C201800001'),('S201800286','C201800001'),('S201800294','C201800001'),('S201800321','C201800001'),('S201800323','C201800001'),('S201800325','C201800001'),('S201800353','C201800001'),('S201800364','C201800001'),('S201800368','C201800001'),('S201800371','C201800001'),('S201800384','C201800001'),('S201800388','C201800001'),('S201800391','C201800001'),('S201800401','C201800001'),('S201800413','C201800001'),('S201800415','C201800001'),('S201800419','C201800001'),('S201800435','C201800001'),('S201800451','C201800001'),('S201800469','C201800001'),('S201800472','C201800001'),('S201800484','C201800001'),('S201800487','C201800001'),('S201800491','C201800001'),('S201800492','C201800001'),('S201800498','C201800001'),('S201800512','C201800001'),('S201800536','C201800001'),('S201800574','C201800001'),('S201800601','C201800001'),('S201800604','C201800001'),('S201800605','C201800001'),('S201800609','C201800001'),('S201800634','C201800001'),('S201800637','C201800001'),('S201800638','C201800001'),('S201800652','C201800001'),('S201800711','C201800001'),('S201800719','C201800001'),('S201800720','C201800001'),('S201800735','C201800001'),('S201800739','C201800001'),('S201800746','C201800001'),('S201800753','C201800001'),('S201800767','C201800001'),('S201800784','C201800001'),('S201800811','C201800001'),('S201800817','C201800001'),('S201800824','C201800001'),('S201800832','C201800001'),('S201800911','C201800001'),('S201800920','C201800001'),('S201800923','C201800001'),('S201800945','C201800001'),('S201800958','C201800001'),('S201800991','C201800001'),('S201800996','C201800001'),('S201800002','C201800002'),('S201800008','C201800002'),('S201800009','C201800002'),('S201800010','C201800002'),('S201800015','C201800002'),('S201800018','C201800002'),('S201800027','C201800002'),('S201800042','C201800002'),('S201800063','C201800002'),('S201800103','C201800002'),('S201800129','C201800002'),('S201800138','C201800002'),('S201800160','C201800002'),('S201800215','C201800002'),('S201800218','C201800002'),('S201800278','C201800002'),('S201800282','C201800002'),('S201800297','C201800002'),('S201800324','C201800002'),('S201800350','C201800002'),('S201800359','C201800002'),('S201800360','C201800002'),('S201800386','C201800002'),('S201800389','C201800002'),('S201800393','C201800002'),('S201800416','C201800002'),('S201800436','C201800002'),('S201800457','C201800002'),('S201800566','C201800002'),('S201800574','C201800002'),('S201800577','C201800002'),('S201800593','C201800002'),('S201800603','C201800002'),('S201800607','C201800002'),('S201800609','C201800002'),('S201800624','C201800002'),('S201800640','C201800002'),('S201800652','C201800002'),('S201800666','C201800002'),('S201800668','C201800002'),('S201800672','C201800002'),('S201800675','C201800002'),('S201800676','C201800002'),('S201800682','C201800002'),('S201800711','C201800002'),('S201800717','C201800002'),('S201800740','C201800002'),('S201800761','C201800002'),('S201800786','C201800002'),('S201800796','C201800002'),('S201800830','C201800002'),('S201800843','C201800002'),('S201800857','C201800002'),('S201800930','C201800002'),('S201800968','C201800002'),('S201800989','C201800002'),('S201800002','C201800003'),('S201800007','C201800003'),('S201800025','C201800003'),('S201800028','C201800003'),('S201800046','C201800003'),('S201800072','C201800003'),('S201800116','C201800003'),('S201800128','C201800003'),('S201800140','C201800003'),('S201800142','C201800003'),('S201800143','C201800003'),('S201800152','C201800003'),('S201800171','C201800003'),('S201800179','C201800003'),('S201800183','C201800003'),('S201800186','C201800003'),('S201800203','C201800003'),('S201800219','C201800003'),('S201800256','C201800003'),('S201800260','C201800003'),('S201800270','C201800003'),('S201800286','C201800003'),('S201800297','C201800003'),('S201800299','C201800003'),('S201800308','C201800003'),('S201800329','C201800003'),('S201800331','C201800003'),('S201800350','C201800003'),('S201800366','C201800003'),('S201800371','C201800003'),('S201800374','C201800003'),('S201800375','C201800003'),('S201800376','C201800003'),('S201800399','C201800003'),('S201800458','C201800003'),('S201800465','C201800003'),('S201800476','C201800003'),('S201800498','C201800003'),('S201800529','C201800003'),('S201800557','C201800003'),('S201800558','C201800003'),('S201800613','C201800003'),('S201800618','C201800003'),('S201800627','C201800003'),('S201800668','C201800003'),('S201800669','C201800003'),('S201800673','C201800003'),('S201800674','C201800003'),('S201800676','C201800003'),('S201800715','C201800003'),('S201800749','C201800003'),('S201800755','C201800003'),('S201800766','C201800003'),('S201800808','C201800003'),('S201800859','C201800003'),('S201800879','C201800003'),('S201800883','C201800003'),('S201800891','C201800003'),('S201800892','C201800003'),('S201800894','C201800003'),('S201800895','C201800003'),('S201800896','C201800003'),('S201800919','C201800003'),('S201800970','C201800003'),('S201800983','C201800003'),('S201800010','C201800004'),('S201800028','C201800004'),('S201800064','C201800004'),('S201800077','C201800004'),('S201800084','C201800004'),('S201800090','C201800004'),('S201800098','C201800004'),('S201800118','C201800004'),('S201800122','C201800004'),('S201800135','C201800004'),('S201800148','C201800004'),('S201800153','C201800004'),('S201800157','C201800004'),('S201800167','C201800004'),('S201800172','C201800004'),('S201800184','C201800004'),('S201800187','C201800004'),('S201800197','C201800004'),('S201800213','C201800004'),('S201800222','C201800004'),('S201800230','C201800004'),('S201800238','C201800004'),('S201800240','C201800004'),('S201800244','C201800004'),('S201800254','C201800004'),('S201800257','C201800004'),('S201800259','C201800004'),('S201800280','C201800004'),('S201800303','C201800004'),('S201800321','C201800004'),('S201800323','C201800004'),('S201800363','C201800004'),('S201800371','C201800004'),('S201800381','C201800004'),('S201800387','C201800004'),('S201800388','C201800004'),('S201800391','C201800004'),('S201800406','C201800004'),('S201800407','C201800004'),('S201800416','C201800004'),('S201800420','C201800004'),('S201800448','C201800004'),('S201800463','C201800004'),('S201800466','C201800004'),('S201800480','C201800004'),('S201800520','C201800004'),('S201800594','C201800004'),('S201800596','C201800004'),('S201800604','C201800004'),('S201800629','C201800004'),('S201800632','C201800004'),('S201800660','C201800004'),('S201800664','C201800004'),('S201800666','C201800004'),('S201800671','C201800004'),('S201800747','C201800004'),('S201800760','C201800004'),('S201800781','C201800004'),('S201800792','C201800004'),('S201800807','C201800004'),('S201800816','C201800004'),('S201800821','C201800004'),('S201800825','C201800004'),('S201800829','C201800004'),('S201800830','C201800004'),('S201800839','C201800004'),('S201800844','C201800004'),('S201800869','C201800004'),('S201800871','C201800004'),('S201800883','C201800004'),('S201800936','C201800004'),('S201800949','C201800004'),('S201800962','C201800004'),('S201800993','C201800004'),('S201800997','C201800004'),('S201800019','C201800005'),('S201800021','C201800005'),('S201800044','C201800005'),('S201800077','C201800005'),('S201800086','C201800005'),('S201800093','C201800005'),('S201800098','C201800005'),('S201800113','C201800005'),('S201800132','C201800005'),('S201800182','C201800005'),('S201800209','C201800005'),('S201800241','C201800005'),('S201800259','C201800005'),('S201800273','C201800005'),('S201800331','C201800005'),('S201800349','C201800005'),('S201800351','C201800005'),('S201800365','C201800005'),('S201800368','C201800005'),('S201800374','C201800005'),('S201800378','C201800005'),('S201800391','C201800005'),('S201800392','C201800005'),('S201800442','C201800005'),('S201800455','C201800005'),('S201800458','C201800005'),('S201800464','C201800005'),('S201800502','C201800005'),('S201800538','C201800005'),('S201800572','C201800005'),('S201800575','C201800005'),('S201800592','C201800005'),('S201800601','C201800005'),('S201800603','C201800005'),('S201800609','C201800005'),('S201800620','C201800005'),('S201800628','C201800005'),('S201800634','C201800005'),('S201800637','C201800005'),('S201800648','C201800005'),('S201800655','C201800005'),('S201800685','C201800005'),('S201800694','C201800005'),('S201800714','C201800005'),('S201800716','C201800005'),('S201800719','C201800005'),('S201800725','C201800005'),('S201800736','C201800005'),('S201800740','C201800005'),('S201800746','C201800005'),('S201800762','C201800005'),('S201800765','C201800005'),('S201800774','C201800005'),('S201800791','C201800005'),('S201800816','C201800005'),('S201800824','C201800005'),('S201800830','C201800005'),('S201800847','C201800005'),('S201800849','C201800005'),('S201800866','C201800005'),('S201800879','C201800005'),('S201800884','C201800005'),('S201800898','C201800005'),('S201800914','C201800005'),('S201800930','C201800005'),('S201800952','C201800005'),('S201800967','C201800005'),('S201800981','C201800005'),('S201800017','C201800006'),('S201800019','C201800006'),('S201800030','C201800006'),('S201800038','C201800006'),('S201800050','C201800006'),('S201800055','C201800006'),('S201800070','C201800006'),('S201800082','C201800006'),('S201800085','C201800006'),('S201800102','C201800006'),('S201800120','C201800006'),('S201800134','C201800006'),('S201800170','C201800006'),('S201800172','C201800006'),('S201800177','C201800006'),('S201800191','C201800006'),('S201800199','C201800006'),('S201800218','C201800006'),('S201800223','C201800006'),('S201800252','C201800006'),('S201800256','C201800006'),('S201800303','C201800006'),('S201800331','C201800006'),('S201800336','C201800006'),('S201800365','C201800006'),('S201800369','C201800006'),('S201800377','C201800006'),('S201800413','C201800006'),('S201800458','C201800006'),('S201800461','C201800006'),('S201800468','C201800006'),('S201800473','C201800006'),('S201800488','C201800006'),('S201800498','C201800006'),('S201800500','C201800006'),('S201800505','C201800006'),('S201800506','C201800006'),('S201800517','C201800006'),('S201800585','C201800006'),('S201800629','C201800006'),('S201800633','C201800006'),('S201800652','C201800006'),('S201800685','C201800006'),('S201800704','C201800006'),('S201800719','C201800006'),('S201800733','C201800006'),('S201800744','C201800006'),('S201800747','C201800006'),('S201800752','C201800006'),('S201800782','C201800006'),('S201800785','C201800006'),('S201800786','C201800006'),('S201800822','C201800006'),('S201800835','C201800006'),('S201800838','C201800006'),('S201800901','C201800006'),('S201800906','C201800006'),('S201800911','C201800006'),('S201800929','C201800006'),('S201800942','C201800006'),('S201800955','C201800006'),('S201800972','C201800006'),('S201800984','C201800006'),('S201800018','C201800007'),('S201800026','C201800007'),('S201800035','C201800007'),('S201800055','C201800007'),('S201800056','C201800007'),('S201800066','C201800007'),('S201800085','C201800007'),('S201800088','C201800007'),('S201800098','C201800007'),('S201800117','C201800007'),('S201800138','C201800007'),('S201800139','C201800007'),('S201800170','C201800007'),('S201800185','C201800007'),('S201800189','C201800007'),('S201800201','C201800007'),('S201800220','C201800007'),('S201800249','C201800007'),('S201800283','C201800007'),('S201800317','C201800007'),('S201800327','C201800007'),('S201800347','C201800007'),('S201800352','C201800007'),('S201800355','C201800007'),('S201800358','C201800007'),('S201800370','C201800007'),('S201800384','C201800007'),('S201800389','C201800007'),('S201800409','C201800007'),('S201800453','C201800007'),('S201800472','C201800007'),('S201800495','C201800007'),('S201800535','C201800007'),('S201800538','C201800007'),('S201800549','C201800007'),('S201800576','C201800007'),('S201800579','C201800007'),('S201800594','C201800007'),('S201800597','C201800007'),('S201800599','C201800007'),('S201800621','C201800007'),('S201800632','C201800007'),('S201800648','C201800007'),('S201800652','C201800007'),('S201800660','C201800007'),('S201800665','C201800007'),('S201800674','C201800007'),('S201800675','C201800007'),('S201800677','C201800007'),('S201800682','C201800007'),('S201800684','C201800007'),('S201800703','C201800007'),('S201800716','C201800007'),('S201800743','C201800007'),('S201800751','C201800007'),('S201800756','C201800007'),('S201800759','C201800007'),('S201800763','C201800007'),('S201800772','C201800007'),('S201800783','C201800007'),('S201800818','C201800007'),('S201800839','C201800007'),('S201800843','C201800007'),('S201800860','C201800007'),('S201800882','C201800007'),('S201800956','C201800007'),('S201800957','C201800007'),('S201800972','C201800007'),('S201800974','C201800007'),('S201800977','C201800007'),('S201800985','C201800007'),('S201800986','C201800007'),('S201800991','C201800007'),('S201800001','C201800008'),('S201800013','C201800008'),('S201800023','C201800008'),('S201800029','C201800008'),('S201800041','C201800008'),('S201800045','C201800008'),('S201800063','C201800008'),('S201800089','C201800008'),('S201800099','C201800008'),('S201800102','C201800008'),('S201800125','C201800008'),('S201800128','C201800008'),('S201800157','C201800008'),('S201800192','C201800008'),('S201800206','C201800008'),('S201800211','C201800008'),('S201800213','C201800008'),('S201800230','C201800008'),('S201800248','C201800008'),('S201800250','C201800008'),('S201800257','C201800008'),('S201800262','C201800008'),('S201800274','C201800008'),('S201800292','C201800008'),('S201800295','C201800008'),('S201800349','C201800008'),('S201800354','C201800008'),('S201800375','C201800008'),('S201800386','C201800008'),('S201800424','C201800008'),('S201800429','C201800008'),('S201800440','C201800008'),('S201800449','C201800008'),('S201800483','C201800008'),('S201800495','C201800008'),('S201800504','C201800008'),('S201800547','C201800008'),('S201800550','C201800008'),('S201800572','C201800008'),('S201800585','C201800008'),('S201800589','C201800008'),('S201800595','C201800008'),('S201800603','C201800008'),('S201800611','C201800008'),('S201800617','C201800008'),('S201800636','C201800008'),('S201800647','C201800008'),('S201800664','C201800008'),('S201800669','C201800008'),('S201800670','C201800008'),('S201800732','C201800008'),('S201800734','C201800008'),('S201800738','C201800008'),('S201800741','C201800008'),('S201800754','C201800008'),('S201800756','C201800008'),('S201800780','C201800008'),('S201800787','C201800008'),('S201800795','C201800008'),('S201800798','C201800008'),('S201800802','C201800008'),('S201800818','C201800008'),('S201800836','C201800008'),('S201800841','C201800008'),('S201800867','C201800008'),('S201800874','C201800008'),('S201800895','C201800008'),('S201800897','C201800008'),('S201800900','C201800008'),('S201800912','C201800008'),('S201800950','C201800008'),('S201800953','C201800008'),('S201800964','C201800008'),('S201800971','C201800008'),('S201800999','C201800008'),('S201800036','C201800009'),('S201800050','C201800009'),('S201800076','C201800009'),('S201800079','C201800009'),('S201800089','C201800009'),('S201800128','C201800009'),('S201800146','C201800009'),('S201800156','C201800009'),('S201800165','C201800009'),('S201800170','C201800009'),('S201800173','C201800009'),('S201800211','C201800009'),('S201800214','C201800009'),('S201800221','C201800009'),('S201800228','C201800009'),('S201800235','C201800009'),('S201800242','C201800009'),('S201800253','C201800009'),('S201800271','C201800009'),('S201800304','C201800009'),('S201800314','C201800009'),('S201800326','C201800009'),('S201800354','C201800009'),('S201800355','C201800009'),('S201800368','C201800009'),('S201800379','C201800009'),('S201800385','C201800009'),('S201800449','C201800009'),('S201800455','C201800009'),('S201800463','C201800009'),('S201800476','C201800009'),('S201800480','C201800009'),('S201800517','C201800009'),('S201800539','C201800009'),('S201800541','C201800009'),('S201800546','C201800009'),('S201800558','C201800009'),('S201800586','C201800009'),('S201800618','C201800009'),('S201800629','C201800009'),('S201800634','C201800009'),('S201800638','C201800009'),('S201800644','C201800009'),('S201800664','C201800009'),('S201800674','C201800009'),('S201800675','C201800009'),('S201800679','C201800009'),('S201800681','C201800009'),('S201800705','C201800009'),('S201800717','C201800009'),('S201800781','C201800009'),('S201800782','C201800009'),('S201800800','C201800009'),('S201800834','C201800009'),('S201800835','C201800009'),('S201800849','C201800009'),('S201800870','C201800009'),('S201800879','C201800009'),('S201800894','C201800009'),('S201800945','C201800009'),('S201800955','C201800009'),('S201800959','C201800009'),('S201800975','C201800009'),('S201800993','C201800009'),('S201800001','C201800010'),('S201800014','C201800010'),('S201800027','C201800010'),('S201800047','C201800010'),('S201800057','C201800010'),('S201800078','C201800010'),('S201800089','C201800010'),('S201800101','C201800010'),('S201800110','C201800010'),('S201800125','C201800010'),('S201800128','C201800010'),('S201800139','C201800010'),('S201800144','C201800010'),('S201800145','C201800010'),('S201800148','C201800010'),('S201800150','C201800010'),('S201800167','C201800010'),('S201800173','C201800010'),('S201800195','C201800010'),('S201800197','C201800010'),('S201800199','C201800010'),('S201800213','C201800010'),('S201800214','C201800010'),('S201800220','C201800010'),('S201800233','C201800010'),('S201800237','C201800010'),('S201800241','C201800010'),('S201800246','C201800010'),('S201800296','C201800010'),('S201800306','C201800010'),('S201800308','C201800010'),('S201800315','C201800010'),('S201800343','C201800010'),('S201800345','C201800010'),('S201800363','C201800010'),('S201800379','C201800010'),('S201800386','C201800010'),('S201800389','C201800010'),('S201800400','C201800010'),('S201800402','C201800010'),('S201800437','C201800010'),('S201800450','C201800010'),('S201800451','C201800010'),('S201800453','C201800010'),('S201800462','C201800010'),('S201800465','C201800010'),('S201800497','C201800010'),('S201800500','C201800010'),('S201800505','C201800010'),('S201800514','C201800010'),('S201800536','C201800010'),('S201800577','C201800010'),('S201800589','C201800010'),('S201800600','C201800010'),('S201800602','C201800010'),('S201800612','C201800010'),('S201800634','C201800010'),('S201800636','C201800010'),('S201800658','C201800010'),('S201800696','C201800010'),('S201800702','C201800010'),('S201800717','C201800010'),('S201800764','C201800010'),('S201800784','C201800010'),('S201800795','C201800010'),('S201800807','C201800010'),('S201800808','C201800010'),('S201800813','C201800010'),('S201800822','C201800010'),('S201800828','C201800010'),('S201800845','C201800010'),('S201800852','C201800010'),('S201800859','C201800010'),('S201800864','C201800010'),('S201800886','C201800010'),('S201800887','C201800010'),('S201800888','C201800010'),('S201800956','C201800010'),('S201800984','C201800010'),('S201800032','C201800011'),('S201800033','C201800011'),('S201800056','C201800011'),('S201800066','C201800011'),('S201800091','C201800011'),('S201800120','C201800011'),('S201800121','C201800011'),('S201800126','C201800011'),('S201800129','C201800011'),('S201800130','C201800011'),('S201800139','C201800011'),('S201800174','C201800011'),('S201800178','C201800011'),('S201800183','C201800011'),('S201800184','C201800011'),('S201800189','C201800011'),('S201800207','C201800011'),('S201800229','C201800011'),('S201800239','C201800011'),('S201800244','C201800011'),('S201800249','C201800011'),('S201800258','C201800011'),('S201800274','C201800011'),('S201800275','C201800011'),('S201800276','C201800011'),('S201800284','C201800011'),('S201800347','C201800011'),('S201800367','C201800011'),('S201800379','C201800011'),('S201800396','C201800011'),('S201800412','C201800011'),('S201800448','C201800011'),('S201800451','C201800011'),('S201800460','C201800011'),('S201800508','C201800011'),('S201800513','C201800011'),('S201800521','C201800011'),('S201800540','C201800011'),('S201800560','C201800011'),('S201800572','C201800011'),('S201800584','C201800011'),('S201800591','C201800011'),('S201800592','C201800011'),('S201800597','C201800011'),('S201800599','C201800011'),('S201800601','C201800011'),('S201800604','C201800011'),('S201800624','C201800011'),('S201800651','C201800011'),('S201800658','C201800011'),('S201800660','C201800011'),('S201800664','C201800011'),('S201800671','C201800011'),('S201800697','C201800011'),('S201800719','C201800011'),('S201800733','C201800011'),('S201800747','C201800011'),('S201800750','C201800011'),('S201800763','C201800011'),('S201800779','C201800011'),('S201800792','C201800011'),('S201800806','C201800011'),('S201800817','C201800011'),('S201800829','C201800011'),('S201800857','C201800011'),('S201800860','C201800011'),('S201800870','C201800011'),('S201800872','C201800011'),('S201800875','C201800011'),('S201800902','C201800011'),('S201800906','C201800011'),('S201800908','C201800011'),('S201800921','C201800011'),('S201800958','C201800011'),('S201800971','C201800011'),('S201800972','C201800011'),('S201800980','C201800011'),('S201800993','C201800011'),('S201800019','C201800012'),('S201800033','C201800012'),('S201800036','C201800012'),('S201800038','C201800012'),('S201800055','C201800012'),('S201800057','C201800012'),('S201800062','C201800012'),('S201800066','C201800012'),('S201800083','C201800012'),('S201800090','C201800012'),('S201800094','C201800012'),('S201800111','C201800012'),('S201800121','C201800012'),('S201800132','C201800012'),('S201800157','C201800012'),('S201800169','C201800012'),('S201800181','C201800012'),('S201800195','C201800012'),('S201800208','C201800012'),('S201800245','C201800012'),('S201800276','C201800012'),('S201800280','C201800012'),('S201800287','C201800012'),('S201800290','C201800012'),('S201800301','C201800012'),('S201800304','C201800012'),('S201800309','C201800012'),('S201800323','C201800012'),('S201800335','C201800012'),('S201800353','C201800012'),('S201800358','C201800012'),('S201800410','C201800012'),('S201800466','C201800012'),('S201800473','C201800012'),('S201800491','C201800012'),('S201800501','C201800012'),('S201800540','C201800012'),('S201800547','C201800012'),('S201800554','C201800012'),('S201800582','C201800012'),('S201800592','C201800012'),('S201800602','C201800012'),('S201800616','C201800012'),('S201800626','C201800012'),('S201800627','C201800012'),('S201800643','C201800012'),('S201800651','C201800012'),('S201800669','C201800012'),('S201800674','C201800012'),('S201800697','C201800012'),('S201800718','C201800012'),('S201800750','C201800012'),('S201800781','C201800012'),('S201800789','C201800012'),('S201800804','C201800012'),('S201800820','C201800012'),('S201800832','C201800012'),('S201800844','C201800012'),('S201800873','C201800012'),('S201800890','C201800012'),('S201800923','C201800012'),('S201800925','C201800012'),('S201800929','C201800012'),('S201800932','C201800012'),('S201800980','C201800012'),('S201800995','C201800012'),('S201800007','C201800013'),('S201800032','C201800013'),('S201800043','C201800013'),('S201800048','C201800013'),('S201800056','C201800013'),('S201800088','C201800013'),('S201800107','C201800013'),('S201800132','C201800013'),('S201800135','C201800013'),('S201800151','C201800013'),('S201800154','C201800013'),('S201800174','C201800013'),('S201800188','C201800013'),('S201800214','C201800013'),('S201800228','C201800013'),('S201800264','C201800013'),('S201800273','C201800013'),('S201800317','C201800013'),('S201800325','C201800013'),('S201800328','C201800013'),('S201800347','C201800013'),('S201800369','C201800013'),('S201800399','C201800013'),('S201800404','C201800013'),('S201800405','C201800013'),('S201800439','C201800013'),('S201800441','C201800013'),('S201800445','C201800013'),('S201800448','C201800013'),('S201800449','C201800013'),('S201800491','C201800013'),('S201800497','C201800013'),('S201800500','C201800013'),('S201800502','C201800013'),('S201800560','C201800013'),('S201800575','C201800013'),('S201800588','C201800013'),('S201800594','C201800013'),('S201800665','C201800013'),('S201800688','C201800013'),('S201800693','C201800013'),('S201800724','C201800013'),('S201800764','C201800013'),('S201800779','C201800013'),('S201800794','C201800013'),('S201800803','C201800013'),('S201800811','C201800013'),('S201800860','C201800013'),('S201800880','C201800013'),('S201800901','C201800013'),('S201800911','C201800013'),('S201800925','C201800013'),('S201800928','C201800013'),('S201800940','C201800013'),('S201800952','C201800013'),('S201800953','C201800013'),('S201800959','C201800013'),('S201800965','C201800013'),('S201800970','C201800013'),('S201800026','C201800014'),('S201800027','C201800014'),('S201800053','C201800014'),('S201800055','C201800014'),('S201800064','C201800014'),('S201800073','C201800014'),('S201800093','C201800014'),('S201800097','C201800014'),('S201800104','C201800014'),('S201800112','C201800014'),('S201800120','C201800014'),('S201800125','C201800014'),('S201800126','C201800014'),('S201800129','C201800014'),('S201800135','C201800014'),('S201800152','C201800014'),('S201800156','C201800014'),('S201800161','C201800014'),('S201800163','C201800014'),('S201800185','C201800014'),('S201800210','C201800014'),('S201800232','C201800014'),('S201800244','C201800014'),('S201800253','C201800014'),('S201800257','C201800014'),('S201800270','C201800014'),('S201800271','C201800014'),('S201800275','C201800014'),('S201800303','C201800014'),('S201800310','C201800014'),('S201800325','C201800014'),('S201800326','C201800014'),('S201800334','C201800014'),('S201800371','C201800014'),('S201800380','C201800014'),('S201800397','C201800014'),('S201800415','C201800014'),('S201800470','C201800014'),('S201800507','C201800014'),('S201800527','C201800014'),('S201800543','C201800014'),('S201800549','C201800014'),('S201800552','C201800014'),('S201800573','C201800014'),('S201800578','C201800014'),('S201800597','C201800014'),('S201800617','C201800014'),('S201800627','C201800014'),('S201800629','C201800014'),('S201800666','C201800014'),('S201800672','C201800014'),('S201800701','C201800014'),('S201800720','C201800014'),('S201800758','C201800014'),('S201800761','C201800014'),('S201800767','C201800014'),('S201800768','C201800014'),('S201800805','C201800014'),('S201800818','C201800014'),('S201800868','C201800014'),('S201800881','C201800014'),('S201800922','C201800014'),('S201800924','C201800014'),('S201800925','C201800014'),('S201800938','C201800014'),('S201800972','C201800014'),('S201800983','C201800014'),('S201800003','C201800015'),('S201800004','C201800015'),('S201800005','C201800015'),('S201800009','C201800015'),('S201800011','C201800015'),('S201800023','C201800015'),('S201800025','C201800015'),('S201800030','C201800015'),('S201800031','C201800015'),('S201800043','C201800015'),('S201800044','C201800015'),('S201800053','C201800015'),('S201800061','C201800015'),('S201800069','C201800015'),('S201800070','C201800015'),('S201800094','C201800015'),('S201800099','C201800015'),('S201800105','C201800015'),('S201800106','C201800015'),('S201800110','C201800015'),('S201800114','C201800015'),('S201800144','C201800015'),('S201800146','C201800015'),('S201800160','C201800015'),('S201800184','C201800015'),('S201800189','C201800015'),('S201800214','C201800015'),('S201800216','C201800015'),('S201800248','C201800015'),('S201800267','C201800015'),('S201800297','C201800015'),('S201800319','C201800015'),('S201800346','C201800015'),('S201800422','C201800015'),('S201800425','C201800015'),('S201800430','C201800015'),('S201800433','C201800015'),('S201800436','C201800015'),('S201800440','C201800015'),('S201800455','C201800015'),('S201800467','C201800015'),('S201800496','C201800015'),('S201800506','C201800015'),('S201800538','C201800015'),('S201800542','C201800015'),('S201800573','C201800015'),('S201800587','C201800015'),('S201800593','C201800015'),('S201800610','C201800015'),('S201800632','C201800015'),('S201800665','C201800015'),('S201800671','C201800015'),('S201800673','C201800015'),('S201800681','C201800015'),('S201800683','C201800015'),('S201800689','C201800015'),('S201800714','C201800015'),('S201800717','C201800015'),('S201800720','C201800015'),('S201800721','C201800015'),('S201800722','C201800015'),('S201800742','C201800015'),('S201800765','C201800015'),('S201800788','C201800015'),('S201800846','C201800015'),('S201800852','C201800015'),('S201800854','C201800015'),('S201800856','C201800015'),('S201800857','C201800015'),('S201800878','C201800015'),('S201800887','C201800015'),('S201800900','C201800015'),('S201800903','C201800015'),('S201800908','C201800015'),('S201800910','C201800015'),('S201800928','C201800015'),('S201800936','C201800015'),('S201800943','C201800015'),('S201800969','C201800015'),('S201800973','C201800015'),('S201800985','C201800015'),('S201800013','C201800016'),('S201800019','C201800016'),('S201800022','C201800016'),('S201800024','C201800016'),('S201800032','C201800016'),('S201800034','C201800016'),('S201800037','C201800016'),('S201800042','C201800016'),('S201800048','C201800016'),('S201800095','C201800016'),('S201800096','C201800016'),('S201800100','C201800016'),('S201800112','C201800016'),('S201800130','C201800016'),('S201800133','C201800016'),('S201800165','C201800016'),('S201800170','C201800016'),('S201800184','C201800016'),('S201800195','C201800016'),('S201800228','C201800016'),('S201800260','C201800016'),('S201800269','C201800016'),('S201800285','C201800016'),('S201800295','C201800016'),('S201800301','C201800016'),('S201800308','C201800016'),('S201800314','C201800016'),('S201800326','C201800016'),('S201800331','C201800016'),('S201800332','C201800016'),('S201800385','C201800016'),('S201800410','C201800016'),('S201800443','C201800016'),('S201800444','C201800016'),('S201800447','C201800016'),('S201800448','C201800016'),('S201800472','C201800016'),('S201800498','C201800016'),('S201800501','C201800016'),('S201800525','C201800016'),('S201800538','C201800016'),('S201800539','C201800016'),('S201800543','C201800016'),('S201800560','C201800016'),('S201800569','C201800016'),('S201800583','C201800016'),('S201800586','C201800016'),('S201800587','C201800016'),('S201800598','C201800016'),('S201800611','C201800016'),('S201800638','C201800016'),('S201800648','C201800016'),('S201800676','C201800016'),('S201800700','C201800016'),('S201800701','C201800016'),('S201800714','C201800016'),('S201800723','C201800016'),('S201800726','C201800016'),('S201800749','C201800016'),('S201800750','C201800016'),('S201800751','C201800016'),('S201800815','C201800016'),('S201800840','C201800016'),('S201800841','C201800016'),('S201800912','C201800016'),('S201800935','C201800016'),('S201800981','C201800016'),('S201800002','C201800017'),('S201800017','C201800017'),('S201800018','C201800017'),('S201800035','C201800017'),('S201800066','C201800017'),('S201800072','C201800017'),('S201800075','C201800017'),('S201800088','C201800017'),('S201800097','C201800017'),('S201800121','C201800017'),('S201800132','C201800017'),('S201800149','C201800017'),('S201800158','C201800017'),('S201800162','C201800017'),('S201800200','C201800017'),('S201800224','C201800017'),('S201800225','C201800017'),('S201800226','C201800017'),('S201800233','C201800017'),('S201800240','C201800017'),('S201800254','C201800017'),('S201800261','C201800017'),('S201800267','C201800017'),('S201800279','C201800017'),('S201800281','C201800017'),('S201800295','C201800017'),('S201800309','C201800017'),('S201800313','C201800017'),('S201800314','C201800017'),('S201800344','C201800017'),('S201800366','C201800017'),('S201800377','C201800017'),('S201800382','C201800017'),('S201800406','C201800017'),('S201800427','C201800017'),('S201800447','C201800017'),('S201800452','C201800017'),('S201800473','C201800017'),('S201800487','C201800017'),('S201800518','C201800017'),('S201800540','C201800017'),('S201800564','C201800017'),('S201800580','C201800017'),('S201800587','C201800017'),('S201800604','C201800017'),('S201800607','C201800017'),('S201800640','C201800017'),('S201800642','C201800017'),('S201800651','C201800017'),('S201800667','C201800017'),('S201800687','C201800017'),('S201800693','C201800017'),('S201800702','C201800017'),('S201800711','C201800017'),('S201800732','C201800017'),('S201800740','C201800017'),('S201800741','C201800017'),('S201800750','C201800017'),('S201800758','C201800017'),('S201800774','C201800017'),('S201800778','C201800017'),('S201800800','C201800017'),('S201800803','C201800017'),('S201800810','C201800017'),('S201800828','C201800017'),('S201800834','C201800017'),('S201800884','C201800017'),('S201800905','C201800017'),('S201800906','C201800017'),('S201800909','C201800017'),('S201800915','C201800017'),('S201800921','C201800017'),('S201800924','C201800017'),('S201800929','C201800017'),('S201800962','C201800017'),('S201800982','C201800017'),('S201800994','C201800017'),('S201800001','C201800018'),('S201800008','C201800018'),('S201800040','C201800018'),('S201800080','C201800018'),('S201800109','C201800018'),('S201800123','C201800018'),('S201800124','C201800018'),('S201800127','C201800018'),('S201800146','C201800018'),('S201800156','C201800018'),('S201800159','C201800018'),('S201800162','C201800018'),('S201800166','C201800018'),('S201800217','C201800018'),('S201800220','C201800018'),('S201800271','C201800018'),('S201800277','C201800018'),('S201800310','C201800018'),('S201800315','C201800018'),('S201800321','C201800018'),('S201800327','C201800018'),('S201800328','C201800018'),('S201800331','C201800018'),('S201800365','C201800018'),('S201800378','C201800018'),('S201800411','C201800018'),('S201800417','C201800018'),('S201800451','C201800018'),('S201800453','C201800018'),('S201800459','C201800018'),('S201800461','C201800018'),('S201800472','C201800018'),('S201800485','C201800018'),('S201800488','C201800018'),('S201800520','C201800018'),('S201800545','C201800018'),('S201800557','C201800018'),('S201800606','C201800018'),('S201800611','C201800018'),('S201800639','C201800018'),('S201800640','C201800018'),('S201800692','C201800018'),('S201800720','C201800018'),('S201800725','C201800018'),('S201800745','C201800018'),('S201800770','C201800018'),('S201800790','C201800018'),('S201800824','C201800018'),('S201800848','C201800018'),('S201800854','C201800018'),('S201800886','C201800018'),('S201800937','C201800018'),('S201800942','C201800018'),('S201800950','C201800018'),('S201800973','C201800018'),('S201800979','C201800018'),('S201800994','C201800018'),('S201800094','C201800019'),('S201800096','C201800019'),('S201800118','C201800019'),('S201800166','C201800019'),('S201800176','C201800019'),('S201800186','C201800019'),('S201800220','C201800019'),('S201800228','C201800019'),('S201800233','C201800019'),('S201800236','C201800019'),('S201800266','C201800019'),('S201800268','C201800019'),('S201800279','C201800019'),('S201800287','C201800019'),('S201800291','C201800019'),('S201800293','C201800019'),('S201800302','C201800019'),('S201800323','C201800019'),('S201800344','C201800019'),('S201800353','C201800019'),('S201800372','C201800019'),('S201800396','C201800019'),('S201800409','C201800019'),('S201800423','C201800019'),('S201800426','C201800019'),('S201800447','C201800019'),('S201800448','C201800019'),('S201800460','C201800019'),('S201800465','C201800019'),('S201800475','C201800019'),('S201800499','C201800019'),('S201800509','C201800019'),('S201800510','C201800019'),('S201800515','C201800019'),('S201800518','C201800019'),('S201800549','C201800019'),('S201800576','C201800019'),('S201800583','C201800019'),('S201800587','C201800019'),('S201800593','C201800019'),('S201800607','C201800019'),('S201800633','C201800019'),('S201800634','C201800019'),('S201800641','C201800019'),('S201800643','C201800019'),('S201800672','C201800019'),('S201800694','C201800019'),('S201800741','C201800019'),('S201800811','C201800019'),('S201800835','C201800019'),('S201800843','C201800019'),('S201800845','C201800019'),('S201800855','C201800019'),('S201800870','C201800019'),('S201800915','C201800019'),('S201800918','C201800019'),('S201800941','C201800019'),('S201800970','C201800019'),('S201800992','C201800019'),('S201800022','C201800020'),('S201800066','C201800020'),('S201800068','C201800020'),('S201800083','C201800020'),('S201800111','C201800020'),('S201800117','C201800020'),('S201800119','C201800020'),('S201800163','C201800020'),('S201800166','C201800020'),('S201800169','C201800020'),('S201800198','C201800020'),('S201800201','C201800020'),('S201800202','C201800020'),('S201800204','C201800020'),('S201800227','C201800020'),('S201800230','C201800020'),('S201800247','C201800020'),('S201800274','C201800020'),('S201800275','C201800020'),('S201800279','C201800020'),('S201800281','C201800020'),('S201800317','C201800020'),('S201800318','C201800020'),('S201800334','C201800020'),('S201800336','C201800020'),('S201800340','C201800020'),('S201800344','C201800020'),('S201800368','C201800020'),('S201800398','C201800020'),('S201800420','C201800020'),('S201800431','C201800020'),('S201800447','C201800020'),('S201800471','C201800020'),('S201800494','C201800020'),('S201800501','C201800020'),('S201800524','C201800020'),('S201800525','C201800020'),('S201800559','C201800020'),('S201800571','C201800020'),('S201800579','C201800020'),('S201800587','C201800020'),('S201800597','C201800020'),('S201800612','C201800020'),('S201800640','C201800020'),('S201800645','C201800020'),('S201800646','C201800020'),('S201800658','C201800020'),('S201800666','C201800020'),('S201800680','C201800020'),('S201800696','C201800020'),('S201800734','C201800020'),('S201800748','C201800020'),('S201800772','C201800020'),('S201800778','C201800020'),('S201800785','C201800020'),('S201800792','C201800020'),('S201800803','C201800020'),('S201800809','C201800020'),('S201800811','C201800020'),('S201800841','C201800020'),('S201800888','C201800020'),('S201800889','C201800020'),('S201800890','C201800020'),('S201800891','C201800020'),('S201800899','C201800020'),('S201800941','C201800020'),('S201800971','C201800020'),('S201800984','C201800020'),('S201800985','C201800020'),('S201800986','C201800020'),('S201800010','C201800021'),('S201800022','C201800021'),('S201800028','C201800021'),('S201800043','C201800021'),('S201800057','C201800021'),('S201800103','C201800021'),('S201800115','C201800021'),('S201800124','C201800021'),('S201800138','C201800021'),('S201800143','C201800021'),('S201800187','C201800021'),('S201800198','C201800021'),('S201800207','C201800021'),('S201800208','C201800021'),('S201800221','C201800021'),('S201800238','C201800021'),('S201800240','C201800021'),('S201800254','C201800021'),('S201800261','C201800021'),('S201800264','C201800021'),('S201800273','C201800021'),('S201800295','C201800021'),('S201800311','C201800021'),('S201800365','C201800021'),('S201800413','C201800021'),('S201800416','C201800021'),('S201800435','C201800021'),('S201800437','C201800021'),('S201800453','C201800021'),('S201800466','C201800021'),('S201800475','C201800021'),('S201800479','C201800021'),('S201800491','C201800021'),('S201800519','C201800021'),('S201800524','C201800021'),('S201800526','C201800021'),('S201800528','C201800021'),('S201800535','C201800021'),('S201800536','C201800021'),('S201800565','C201800021'),('S201800580','C201800021'),('S201800582','C201800021'),('S201800599','C201800021'),('S201800601','C201800021'),('S201800633','C201800021'),('S201800665','C201800021'),('S201800669','C201800021'),('S201800703','C201800021'),('S201800725','C201800021'),('S201800750','C201800021'),('S201800768','C201800021'),('S201800788','C201800021'),('S201800805','C201800021'),('S201800820','C201800021'),('S201800846','C201800021'),('S201800853','C201800021'),('S201800878','C201800021'),('S201800895','C201800021'),('S201800902','C201800021'),('S201800905','C201800021'),('S201800928','C201800021'),('S201800935','C201800021'),('S201800939','C201800021'),('S201800949','C201800021'),('S201800974','C201800021'),('S201800983','C201800021'),('S201800013','C201800022'),('S201800017','C201800022'),('S201800029','C201800022'),('S201800047','C201800022'),('S201800051','C201800022'),('S201800069','C201800022'),('S201800093','C201800022'),('S201800110','C201800022'),('S201800111','C201800022'),('S201800112','C201800022'),('S201800145','C201800022'),('S201800183','C201800022'),('S201800185','C201800022'),('S201800189','C201800022'),('S201800195','C201800022'),('S201800232','C201800022'),('S201800243','C201800022'),('S201800289','C201800022'),('S201800294','C201800022'),('S201800296','C201800022'),('S201800310','C201800022'),('S201800325','C201800022'),('S201800326','C201800022'),('S201800329','C201800022'),('S201800335','C201800022'),('S201800341','C201800022'),('S201800353','C201800022'),('S201800375','C201800022'),('S201800386','C201800022'),('S201800392','C201800022'),('S201800411','C201800022'),('S201800471','C201800022'),('S201800515','C201800022'),('S201800516','C201800022'),('S201800525','C201800022'),('S201800572','C201800022'),('S201800585','C201800022'),('S201800589','C201800022'),('S201800607','C201800022'),('S201800631','C201800022'),('S201800632','C201800022'),('S201800684','C201800022'),('S201800710','C201800022'),('S201800714','C201800022'),('S201800739','C201800022'),('S201800741','C201800022'),('S201800744','C201800022'),('S201800755','C201800022'),('S201800770','C201800022'),('S201800777','C201800022'),('S201800781','C201800022'),('S201800786','C201800022'),('S201800799','C201800022'),('S201800801','C201800022'),('S201800812','C201800022'),('S201800838','C201800022'),('S201800850','C201800022'),('S201800919','C201800022'),('S201800920','C201800022'),('S201800922','C201800022'),('S201800923','C201800022'),('S201800928','C201800022'),('S201800940','C201800022'),('S201800955','C201800022'),('S201800972','C201800022'),('S201800981','C201800022'),('S201800988','C201800022'),('S201801000','C201800022'),('S201800043','C201800023'),('S201800044','C201800023'),('S201800045','C201800023'),('S201800062','C201800023'),('S201800068','C201800023'),('S201800070','C201800023'),('S201800076','C201800023'),('S201800090','C201800023'),('S201800107','C201800023'),('S201800132','C201800023'),('S201800161','C201800023'),('S201800163','C201800023'),('S201800164','C201800023'),('S201800165','C201800023'),('S201800202','C201800023'),('S201800225','C201800023'),('S201800228','C201800023'),('S201800231','C201800023'),('S201800253','C201800023'),('S201800256','C201800023'),('S201800270','C201800023'),('S201800276','C201800023'),('S201800277','C201800023'),('S201800280','C201800023'),('S201800281','C201800023'),('S201800282','C201800023'),('S201800290','C201800023'),('S201800316','C201800023'),('S201800321','C201800023'),('S201800323','C201800023'),('S201800341','C201800023'),('S201800355','C201800023'),('S201800364','C201800023'),('S201800392','C201800023'),('S201800398','C201800023'),('S201800407','C201800023'),('S201800414','C201800023'),('S201800431','C201800023'),('S201800437','C201800023'),('S201800451','C201800023'),('S201800462','C201800023'),('S201800478','C201800023'),('S201800507','C201800023'),('S201800528','C201800023'),('S201800566','C201800023'),('S201800568','C201800023'),('S201800575','C201800023'),('S201800603','C201800023'),('S201800612','C201800023'),('S201800622','C201800023'),('S201800624','C201800023'),('S201800630','C201800023'),('S201800632','C201800023'),('S201800635','C201800023'),('S201800671','C201800023'),('S201800672','C201800023'),('S201800677','C201800023'),('S201800713','C201800023'),('S201800728','C201800023'),('S201800750','C201800023'),('S201800773','C201800023'),('S201800778','C201800023'),('S201800781','C201800023'),('S201800784','C201800023'),('S201800793','C201800023'),('S201800806','C201800023'),('S201800819','C201800023'),('S201800823','C201800023'),('S201800836','C201800023'),('S201800847','C201800023'),('S201800859','C201800023'),('S201800866','C201800023'),('S201800868','C201800023'),('S201800869','C201800023'),('S201800883','C201800023'),('S201800889','C201800023'),('S201800895','C201800023'),('S201800910','C201800023'),('S201800913','C201800023'),('S201800923','C201800023'),('S201800932','C201800023'),('S201800962','C201800023'),('S201800965','C201800023'),('S201800004','C201800024'),('S201800009','C201800024'),('S201800017','C201800024'),('S201800025','C201800024'),('S201800038','C201800024'),('S201800041','C201800024'),('S201800048','C201800024'),('S201800062','C201800024'),('S201800063','C201800024'),('S201800102','C201800024'),('S201800143','C201800024'),('S201800149','C201800024'),('S201800156','C201800024'),('S201800167','C201800024'),('S201800175','C201800024'),('S201800189','C201800024'),('S201800191','C201800024'),('S201800203','C201800024'),('S201800205','C201800024'),('S201800207','C201800024'),('S201800213','C201800024'),('S201800214','C201800024'),('S201800223','C201800024'),('S201800224','C201800024'),('S201800232','C201800024'),('S201800264','C201800024'),('S201800272','C201800024'),('S201800277','C201800024'),('S201800316','C201800024'),('S201800320','C201800024'),('S201800359','C201800024'),('S201800363','C201800024'),('S201800367','C201800024'),('S201800392','C201800024'),('S201800397','C201800024'),('S201800401','C201800024'),('S201800422','C201800024'),('S201800441','C201800024'),('S201800465','C201800024'),('S201800469','C201800024'),('S201800471','C201800024'),('S201800478','C201800024'),('S201800490','C201800024'),('S201800495','C201800024'),('S201800505','C201800024'),('S201800507','C201800024'),('S201800526','C201800024'),('S201800530','C201800024'),('S201800532','C201800024'),('S201800539','C201800024'),('S201800549','C201800024'),('S201800555','C201800024'),('S201800574','C201800024'),('S201800580','C201800024'),('S201800593','C201800024'),('S201800598','C201800024'),('S201800614','C201800024'),('S201800628','C201800024'),('S201800666','C201800024'),('S201800684','C201800024'),('S201800702','C201800024'),('S201800707','C201800024'),('S201800723','C201800024'),('S201800724','C201800024'),('S201800743','C201800024'),('S201800749','C201800024'),('S201800754','C201800024'),('S201800758','C201800024'),('S201800777','C201800024'),('S201800780','C201800024'),('S201800788','C201800024'),('S201800812','C201800024'),('S201800826','C201800024'),('S201800833','C201800024'),('S201800840','C201800024'),('S201800854','C201800024'),('S201800855','C201800024'),('S201800869','C201800024'),('S201800890','C201800024'),('S201800891','C201800024'),('S201800912','C201800024'),('S201800916','C201800024'),('S201800920','C201800024'),('S201800960','C201800024'),('S201800961','C201800024'),('S201800997','C201800024'),('S201800008','C201800025'),('S201800029','C201800025'),('S201800030','C201800025'),('S201800043','C201800025'),('S201800048','C201800025'),('S201800069','C201800025'),('S201800081','C201800025'),('S201800103','C201800025'),('S201800105','C201800025'),('S201800123','C201800025'),('S201800150','C201800025'),('S201800172','C201800025'),('S201800181','C201800025'),('S201800226','C201800025'),('S201800229','C201800025'),('S201800254','C201800025'),('S201800268','C201800025'),('S201800283','C201800025'),('S201800294','C201800025'),('S201800310','C201800025'),('S201800311','C201800025'),('S201800337','C201800025'),('S201800338','C201800025'),('S201800339','C201800025'),('S201800360','C201800025'),('S201800374','C201800025'),('S201800381','C201800025'),('S201800394','C201800025'),('S201800398','C201800025'),('S201800411','C201800025'),('S201800439','C201800025'),('S201800455','C201800025'),('S201800458','C201800025'),('S201800491','C201800025'),('S201800502','C201800025'),('S201800512','C201800025'),('S201800524','C201800025'),('S201800559','C201800025'),('S201800579','C201800025'),('S201800594','C201800025'),('S201800601','C201800025'),('S201800603','C201800025'),('S201800611','C201800025'),('S201800619','C201800025'),('S201800620','C201800025'),('S201800627','C201800025'),('S201800659','C201800025'),('S201800663','C201800025'),('S201800686','C201800025'),('S201800734','C201800025'),('S201800736','C201800025'),('S201800740','C201800025'),('S201800772','C201800025'),('S201800773','C201800025'),('S201800778','C201800025'),('S201800836','C201800025'),('S201800845','C201800025'),('S201800846','C201800025'),('S201800857','C201800025'),('S201800860','C201800025'),('S201800863','C201800025'),('S201800867','C201800025'),('S201800872','C201800025'),('S201800891','C201800025'),('S201800899','C201800025'),('S201800903','C201800025'),('S201800913','C201800025'),('S201800914','C201800025'),('S201800919','C201800025'),('S201800920','C201800025'),('S201800934','C201800025'),('S201800951','C201800025'),('S201800952','C201800025'),('S201800955','C201800025'),('S201800967','C201800025'),('S201800968','C201800025'),('S201800975','C201800025'),('S201800007','C201800026'),('S201800047','C201800026'),('S201800071','C201800026'),('S201800094','C201800026'),('S201800099','C201800026'),('S201800137','C201800026'),('S201800148','C201800026'),('S201800169','C201800026'),('S201800208','C201800026'),('S201800220','C201800026'),('S201800236','C201800026'),('S201800249','C201800026'),('S201800267','C201800026'),('S201800285','C201800026'),('S201800327','C201800026'),('S201800357','C201800026'),('S201800383','C201800026'),('S201800409','C201800026'),('S201800410','C201800026'),('S201800420','C201800026'),('S201800430','C201800026'),('S201800432','C201800026'),('S201800455','C201800026'),('S201800460','C201800026'),('S201800488','C201800026'),('S201800519','C201800026'),('S201800522','C201800026'),('S201800532','C201800026'),('S201800537','C201800026'),('S201800539','C201800026'),('S201800548','C201800026'),('S201800557','C201800026'),('S201800560','C201800026'),('S201800587','C201800026'),('S201800599','C201800026'),('S201800611','C201800026'),('S201800616','C201800026'),('S201800619','C201800026'),('S201800628','C201800026'),('S201800632','C201800026'),('S201800635','C201800026'),('S201800641','C201800026'),('S201800645','C201800026'),('S201800648','C201800026'),('S201800671','C201800026'),('S201800672','C201800026'),('S201800687','C201800026'),('S201800693','C201800026'),('S201800728','C201800026'),('S201800736','C201800026'),('S201800771','C201800026'),('S201800792','C201800026'),('S201800793','C201800026'),('S201800832','C201800026'),('S201800834','C201800026'),('S201800865','C201800026'),('S201800877','C201800026'),('S201800879','C201800026'),('S201800902','C201800026'),('S201800905','C201800026'),('S201800913','C201800026'),('S201800914','C201800026'),('S201800919','C201800026'),('S201800920','C201800026'),('S201800932','C201800026'),('S201800936','C201800026'),('S201800938','C201800026'),('S201800941','C201800026'),('S201800945','C201800026'),('S201800965','C201800026'),('S201800974','C201800026'),('S201800993','C201800026'),('S201800003','C201800027'),('S201800026','C201800027'),('S201800053','C201800027'),('S201800070','C201800027'),('S201800074','C201800027'),('S201800083','C201800027'),('S201800088','C201800027'),('S201800089','C201800027'),('S201800116','C201800027'),('S201800123','C201800027'),('S201800126','C201800027'),('S201800143','C201800027'),('S201800150','C201800027'),('S201800169','C201800027'),('S201800178','C201800027'),('S201800188','C201800027'),('S201800200','C201800027'),('S201800215','C201800027'),('S201800239','C201800027'),('S201800271','C201800027'),('S201800282','C201800027'),('S201800292','C201800027'),('S201800293','C201800027'),('S201800331','C201800027'),('S201800343','C201800027'),('S201800377','C201800027'),('S201800415','C201800027'),('S201800432','C201800027'),('S201800446','C201800027'),('S201800453','C201800027'),('S201800478','C201800027'),('S201800479','C201800027'),('S201800493','C201800027'),('S201800512','C201800027'),('S201800525','C201800027'),('S201800532','C201800027'),('S201800546','C201800027'),('S201800562','C201800027'),('S201800576','C201800027'),('S201800623','C201800027'),('S201800624','C201800027'),('S201800638','C201800027'),('S201800653','C201800027'),('S201800657','C201800027'),('S201800668','C201800027'),('S201800684','C201800027'),('S201800709','C201800027'),('S201800735','C201800027'),('S201800740','C201800027'),('S201800746','C201800027'),('S201800769','C201800027'),('S201800795','C201800027'),('S201800802','C201800027'),('S201800807','C201800027'),('S201800815','C201800027'),('S201800839','C201800027'),('S201800844','C201800027'),('S201800901','C201800027'),('S201800909','C201800027'),('S201800936','C201800027'),('S201800947','C201800027'),('S201800953','C201800027'),('S201800959','C201800027'),('S201800997','C201800027'),('S201800002','C201800028'),('S201800015','C201800028'),('S201800017','C201800028'),('S201800026','C201800028'),('S201800030','C201800028'),('S201800035','C201800028'),('S201800059','C201800028'),('S201800060','C201800028'),('S201800072','C201800028'),('S201800083','C201800028'),('S201800093','C201800028'),('S201800108','C201800028'),('S201800112','C201800028'),('S201800154','C201800028'),('S201800184','C201800028'),('S201800190','C201800028'),('S201800201','C201800028'),('S201800208','C201800028'),('S201800295','C201800028'),('S201800297','C201800028'),('S201800316','C201800028'),('S201800319','C201800028'),('S201800323','C201800028'),('S201800337','C201800028'),('S201800339','C201800028'),('S201800364','C201800028'),('S201800378','C201800028'),('S201800399','C201800028'),('S201800401','C201800028'),('S201800408','C201800028'),('S201800428','C201800028'),('S201800461','C201800028'),('S201800464','C201800028'),('S201800469','C201800028'),('S201800488','C201800028'),('S201800491','C201800028'),('S201800499','C201800028'),('S201800524','C201800028'),('S201800535','C201800028'),('S201800548','C201800028'),('S201800551','C201800028'),('S201800565','C201800028'),('S201800576','C201800028'),('S201800577','C201800028'),('S201800581','C201800028'),('S201800602','C201800028'),('S201800607','C201800028'),('S201800633','C201800028'),('S201800672','C201800028'),('S201800682','C201800028'),('S201800703','C201800028'),('S201800719','C201800028'),('S201800752','C201800028'),('S201800777','C201800028'),('S201800787','C201800028'),('S201800822','C201800028'),('S201800824','C201800028'),('S201800829','C201800028'),('S201800843','C201800028'),('S201800893','C201800028'),('S201800915','C201800028'),('S201800927','C201800028'),('S201800929','C201800028'),('S201800970','C201800028'),('S201800035','C201800029'),('S201800041','C201800029'),('S201800053','C201800029'),('S201800064','C201800029'),('S201800069','C201800029'),('S201800070','C201800029'),('S201800097','C201800029'),('S201800111','C201800029'),('S201800118','C201800029'),('S201800126','C201800029'),('S201800134','C201800029'),('S201800171','C201800029'),('S201800172','C201800029'),('S201800174','C201800029'),('S201800178','C201800029'),('S201800199','C201800029'),('S201800218','C201800029'),('S201800253','C201800029'),('S201800283','C201800029'),('S201800290','C201800029'),('S201800310','C201800029'),('S201800316','C201800029'),('S201800317','C201800029'),('S201800327','C201800029'),('S201800334','C201800029'),('S201800338','C201800029'),('S201800340','C201800029'),('S201800342','C201800029'),('S201800359','C201800029'),('S201800382','C201800029'),('S201800385','C201800029'),('S201800387','C201800029'),('S201800391','C201800029'),('S201800397','C201800029'),('S201800405','C201800029'),('S201800416','C201800029'),('S201800430','C201800029'),('S201800479','C201800029'),('S201800533','C201800029'),('S201800551','C201800029'),('S201800555','C201800029'),('S201800557','C201800029'),('S201800588','C201800029'),('S201800608','C201800029'),('S201800610','C201800029'),('S201800613','C201800029'),('S201800619','C201800029'),('S201800644','C201800029'),('S201800649','C201800029'),('S201800662','C201800029'),('S201800685','C201800029'),('S201800686','C201800029'),('S201800706','C201800029'),('S201800707','C201800029'),('S201800765','C201800029'),('S201800774','C201800029'),('S201800801','C201800029'),('S201800803','C201800029'),('S201800832','C201800029'),('S201800840','C201800029'),('S201800847','C201800029'),('S201800851','C201800029'),('S201800876','C201800029'),('S201800879','C201800029'),('S201800900','C201800029'),('S201800904','C201800029'),('S201800910','C201800029'),('S201800912','C201800029'),('S201800924','C201800029'),('S201800941','C201800029'),('S201800962','C201800029'),('S201800973','C201800029'),('S201800974','C201800029'),('S201800986','C201800029'),('S201800017','C201800030'),('S201800019','C201800030'),('S201800020','C201800030'),('S201800027','C201800030'),('S201800035','C201800030'),('S201800068','C201800030'),('S201800095','C201800030'),('S201800101','C201800030'),('S201800107','C201800030'),('S201800121','C201800030'),('S201800127','C201800030'),('S201800144','C201800030'),('S201800148','C201800030'),('S201800161','C201800030'),('S201800167','C201800030'),('S201800177','C201800030'),('S201800183','C201800030'),('S201800187','C201800030'),('S201800234','C201800030'),('S201800236','C201800030'),('S201800240','C201800030'),('S201800246','C201800030'),('S201800250','C201800030'),('S201800255','C201800030'),('S201800257','C201800030'),('S201800268','C201800030'),('S201800275','C201800030'),('S201800303','C201800030'),('S201800324','C201800030'),('S201800333','C201800030'),('S201800350','C201800030'),('S201800366','C201800030'),('S201800390','C201800030'),('S201800437','C201800030'),('S201800441','C201800030'),('S201800481','C201800030'),('S201800487','C201800030'),('S201800496','C201800030'),('S201800509','C201800030'),('S201800531','C201800030'),('S201800532','C201800030'),('S201800536','C201800030'),('S201800568','C201800030'),('S201800578','C201800030'),('S201800596','C201800030'),('S201800613','C201800030'),('S201800616','C201800030'),('S201800626','C201800030'),('S201800633','C201800030'),('S201800668','C201800030'),('S201800691','C201800030'),('S201800693','C201800030'),('S201800716','C201800030'),('S201800731','C201800030'),('S201800760','C201800030'),('S201800769','C201800030'),('S201800782','C201800030'),('S201800787','C201800030'),('S201800807','C201800030'),('S201800855','C201800030'),('S201800867','C201800030'),('S201800898','C201800030'),('S201800911','C201800030'),('S201800930','C201800030'),('S201800941','C201800030'),('S201800943','C201800030'),('S201800950','C201800030'),('S201800983','C201800030'),('S201800993','C201800030'),('S201800996','C201800030'),('S201800044','C201800031'),('S201800055','C201800031'),('S201800062','C201800031'),('S201800063','C201800031'),('S201800064','C201800031'),('S201800088','C201800031'),('S201800099','C201800031'),('S201800103','C201800031'),('S201800142','C201800031'),('S201800151','C201800031'),('S201800164','C201800031'),('S201800170','C201800031'),('S201800171','C201800031'),('S201800174','C201800031'),('S201800197','C201800031'),('S201800208','C201800031'),('S201800211','C201800031'),('S201800237','C201800031'),('S201800245','C201800031'),('S201800251','C201800031'),('S201800265','C201800031'),('S201800280','C201800031'),('S201800281','C201800031'),('S201800287','C201800031'),('S201800316','C201800031'),('S201800322','C201800031'),('S201800326','C201800031'),('S201800329','C201800031'),('S201800340','C201800031'),('S201800404','C201800031'),('S201800417','C201800031'),('S201800439','C201800031'),('S201800441','C201800031'),('S201800475','C201800031'),('S201800487','C201800031'),('S201800495','C201800031'),('S201800523','C201800031'),('S201800524','C201800031'),('S201800540','C201800031'),('S201800550','C201800031'),('S201800578','C201800031'),('S201800609','C201800031'),('S201800610','C201800031'),('S201800617','C201800031'),('S201800619','C201800031'),('S201800625','C201800031'),('S201800637','C201800031'),('S201800642','C201800031'),('S201800650','C201800031'),('S201800657','C201800031'),('S201800658','C201800031'),('S201800690','C201800031'),('S201800697','C201800031'),('S201800707','C201800031'),('S201800738','C201800031'),('S201800741','C201800031'),('S201800761','C201800031'),('S201800798','C201800031'),('S201800800','C201800031'),('S201800805','C201800031'),('S201800830','C201800031'),('S201800844','C201800031'),('S201800863','C201800031'),('S201800866','C201800031'),('S201800869','C201800031'),('S201800878','C201800031'),('S201800885','C201800031'),('S201800898','C201800031'),('S201800902','C201800031'),('S201800973','C201800031'),('S201800005','C201800032'),('S201800011','C201800032'),('S201800022','C201800032'),('S201800032','C201800032'),('S201800035','C201800032'),('S201800052','C201800032'),('S201800096','C201800032'),('S201800097','C201800032'),('S201800141','C201800032'),('S201800166','C201800032'),('S201800177','C201800032'),('S201800185','C201800032'),('S201800186','C201800032'),('S201800191','C201800032'),('S201800211','C201800032'),('S201800212','C201800032'),('S201800226','C201800032'),('S201800254','C201800032'),('S201800255','C201800032'),('S201800292','C201800032'),('S201800312','C201800032'),('S201800324','C201800032'),('S201800339','C201800032'),('S201800358','C201800032'),('S201800375','C201800032'),('S201800377','C201800032'),('S201800391','C201800032'),('S201800400','C201800032'),('S201800435','C201800032'),('S201800451','C201800032'),('S201800489','C201800032'),('S201800507','C201800032'),('S201800509','C201800032'),('S201800527','C201800032'),('S201800543','C201800032'),('S201800557','C201800032'),('S201800604','C201800032'),('S201800610','C201800032'),('S201800623','C201800032'),('S201800627','C201800032'),('S201800648','C201800032'),('S201800655','C201800032'),('S201800657','C201800032'),('S201800677','C201800032'),('S201800678','C201800032'),('S201800697','C201800032'),('S201800714','C201800032'),('S201800723','C201800032'),('S201800737','C201800032'),('S201800742','C201800032'),('S201800746','C201800032'),('S201800780','C201800032'),('S201800787','C201800032'),('S201800793','C201800032'),('S201800804','C201800032'),('S201800805','C201800032'),('S201800816','C201800032'),('S201800818','C201800032'),('S201800853','C201800032'),('S201800862','C201800032'),('S201800885','C201800032'),('S201800895','C201800032'),('S201800916','C201800032'),('S201800934','C201800032'),('S201800935','C201800032'),('S201800948','C201800032'),('S201800956','C201800032'),('S201800963','C201800032'),('S201800982','C201800032'),('S201800983','C201800032'),('S201800985','C201800032'),('S201800998','C201800032'),('S201800028','C201800033'),('S201800047','C201800033'),('S201800071','C201800033'),('S201800077','C201800033'),('S201800102','C201800033'),('S201800110','C201800033'),('S201800112','C201800033'),('S201800124','C201800033'),('S201800142','C201800033'),('S201800241','C201800033'),('S201800256','C201800033'),('S201800270','C201800033'),('S201800314','C201800033'),('S201800315','C201800033'),('S201800332','C201800033'),('S201800335','C201800033'),('S201800397','C201800033'),('S201800404','C201800033'),('S201800409','C201800033'),('S201800414','C201800033'),('S201800423','C201800033'),('S201800437','C201800033'),('S201800442','C201800033'),('S201800448','C201800033'),('S201800464','C201800033'),('S201800466','C201800033'),('S201800481','C201800033'),('S201800485','C201800033'),('S201800500','C201800033'),('S201800504','C201800033'),('S201800510','C201800033'),('S201800538','C201800033'),('S201800548','C201800033'),('S201800555','C201800033'),('S201800563','C201800033'),('S201800568','C201800033'),('S201800580','C201800033'),('S201800590','C201800033'),('S201800602','C201800033'),('S201800617','C201800033'),('S201800641','C201800033'),('S201800643','C201800033'),('S201800647','C201800033'),('S201800676','C201800033'),('S201800682','C201800033'),('S201800695','C201800033'),('S201800717','C201800033'),('S201800743','C201800033'),('S201800754','C201800033'),('S201800781','C201800033'),('S201800783','C201800033'),('S201800786','C201800033'),('S201800792','C201800033'),('S201800805','C201800033'),('S201800808','C201800033'),('S201800810','C201800033'),('S201800817','C201800033'),('S201800835','C201800033'),('S201800840','C201800033'),('S201800851','C201800033'),('S201800860','C201800033'),('S201800866','C201800033'),('S201800886','C201800033'),('S201800903','C201800033'),('S201800910','C201800033'),('S201800912','C201800033'),('S201800914','C201800033'),('S201800916','C201800033'),('S201800926','C201800033'),('S201800934','C201800033'),('S201800947','C201800033'),('S201800959','C201800033'),('S201800977','C201800033'),('S201800978','C201800033'),('S201800038','C201800034'),('S201800042','C201800034'),('S201800047','C201800034'),('S201800055','C201800034'),('S201800064','C201800034'),('S201800072','C201800034'),('S201800089','C201800034'),('S201800090','C201800034'),('S201800101','C201800034'),('S201800102','C201800034'),('S201800143','C201800034'),('S201800163','C201800034'),('S201800165','C201800034'),('S201800191','C201800034'),('S201800198','C201800034'),('S201800211','C201800034'),('S201800224','C201800034'),('S201800233','C201800034'),('S201800238','C201800034'),('S201800254','C201800034'),('S201800263','C201800034'),('S201800268','C201800034'),('S201800269','C201800034'),('S201800276','C201800034'),('S201800303','C201800034'),('S201800307','C201800034'),('S201800308','C201800034'),('S201800315','C201800034'),('S201800343','C201800034'),('S201800377','C201800034'),('S201800380','C201800034'),('S201800385','C201800034'),('S201800399','C201800034'),('S201800406','C201800034'),('S201800412','C201800034'),('S201800424','C201800034'),('S201800427','C201800034'),('S201800435','C201800034'),('S201800447','C201800034'),('S201800508','C201800034'),('S201800522','C201800034'),('S201800525','C201800034'),('S201800545','C201800034'),('S201800565','C201800034'),('S201800566','C201800034'),('S201800570','C201800034'),('S201800574','C201800034'),('S201800579','C201800034'),('S201800592','C201800034'),('S201800628','C201800034'),('S201800629','C201800034'),('S201800631','C201800034'),('S201800633','C201800034'),('S201800635','C201800034'),('S201800644','C201800034'),('S201800665','C201800034'),('S201800680','C201800034'),('S201800693','C201800034'),('S201800713','C201800034'),('S201800717','C201800034'),('S201800742','C201800034'),('S201800764','C201800034'),('S201800776','C201800034'),('S201800787','C201800034'),('S201800796','C201800034'),('S201800802','C201800034'),('S201800804','C201800034'),('S201800811','C201800034'),('S201800825','C201800034'),('S201800845','C201800034'),('S201800859','C201800034'),('S201800861','C201800034'),('S201800872','C201800034'),('S201800899','C201800034'),('S201800923','C201800034'),('S201800925','C201800034'),('S201800966','C201800034'),('S201800001','C201800035'),('S201800034','C201800035'),('S201800037','C201800035'),('S201800044','C201800035'),('S201800059','C201800035'),('S201800068','C201800035'),('S201800098','C201800035'),('S201800106','C201800035'),('S201800109','C201800035'),('S201800119','C201800035'),('S201800122','C201800035'),('S201800143','C201800035'),('S201800147','C201800035'),('S201800157','C201800035'),('S201800198','C201800035'),('S201800210','C201800035'),('S201800223','C201800035'),('S201800233','C201800035'),('S201800256','C201800035'),('S201800286','C201800035'),('S201800292','C201800035'),('S201800315','C201800035'),('S201800321','C201800035'),('S201800340','C201800035'),('S201800351','C201800035'),('S201800368','C201800035'),('S201800391','C201800035'),('S201800410','C201800035'),('S201800411','C201800035'),('S201800413','C201800035'),('S201800417','C201800035'),('S201800431','C201800035'),('S201800453','C201800035'),('S201800502','C201800035'),('S201800520','C201800035'),('S201800545','C201800035'),('S201800552','C201800035'),('S201800561','C201800035'),('S201800582','C201800035'),('S201800584','C201800035'),('S201800637','C201800035'),('S201800660','C201800035'),('S201800665','C201800035'),('S201800678','C201800035'),('S201800689','C201800035'),('S201800695','C201800035'),('S201800697','C201800035'),('S201800698','C201800035'),('S201800712','C201800035'),('S201800720','C201800035'),('S201800770','C201800035'),('S201800774','C201800035'),('S201800775','C201800035'),('S201800780','C201800035'),('S201800782','C201800035'),('S201800800','C201800035'),('S201800834','C201800035'),('S201800853','C201800035'),('S201800865','C201800035'),('S201800868','C201800035'),('S201800968','C201800035'),('S201800985','C201800035'),('S201800010','C201800036'),('S201800012','C201800036'),('S201800016','C201800036'),('S201800054','C201800036'),('S201800078','C201800036'),('S201800081','C201800036'),('S201800086','C201800036'),('S201800093','C201800036'),('S201800127','C201800036'),('S201800172','C201800036'),('S201800177','C201800036'),('S201800185','C201800036'),('S201800186','C201800036'),('S201800188','C201800036'),('S201800196','C201800036'),('S201800214','C201800036'),('S201800244','C201800036'),('S201800255','C201800036'),('S201800268','C201800036'),('S201800277','C201800036'),('S201800293','C201800036'),('S201800338','C201800036'),('S201800341','C201800036'),('S201800347','C201800036'),('S201800355','C201800036'),('S201800362','C201800036'),('S201800369','C201800036'),('S201800381','C201800036'),('S201800382','C201800036'),('S201800384','C201800036'),('S201800392','C201800036'),('S201800425','C201800036'),('S201800438','C201800036'),('S201800440','C201800036'),('S201800458','C201800036'),('S201800463','C201800036'),('S201800472','C201800036'),('S201800473','C201800036'),('S201800484','C201800036'),('S201800499','C201800036'),('S201800503','C201800036'),('S201800504','C201800036'),('S201800512','C201800036'),('S201800524','C201800036'),('S201800535','C201800036'),('S201800554','C201800036'),('S201800556','C201800036'),('S201800575','C201800036'),('S201800593','C201800036'),('S201800604','C201800036'),('S201800606','C201800036'),('S201800613','C201800036'),('S201800631','C201800036'),('S201800635','C201800036'),('S201800648','C201800036'),('S201800657','C201800036'),('S201800667','C201800036'),('S201800673','C201800036'),('S201800700','C201800036'),('S201800707','C201800036'),('S201800723','C201800036'),('S201800727','C201800036'),('S201800754','C201800036'),('S201800789','C201800036'),('S201800790','C201800036'),('S201800800','C201800036'),('S201800802','C201800036'),('S201800805','C201800036'),('S201800833','C201800036'),('S201800835','C201800036'),('S201800836','C201800036'),('S201800853','C201800036'),('S201800880','C201800036'),('S201800908','C201800036'),('S201800925','C201800036'),('S201800930','C201800036'),('S201800931','C201800036'),('S201800942','C201800036'),('S201800955','C201800036'),('S201800965','C201800036'),('S201800983','C201800036'),('S201800031','C201800037'),('S201800052','C201800037'),('S201800061','C201800037'),('S201800073','C201800037'),('S201800148','C201800037'),('S201800174','C201800037'),('S201800190','C201800037'),('S201800195','C201800037'),('S201800212','C201800037'),('S201800230','C201800037'),('S201800267','C201800037'),('S201800269','C201800037'),('S201800274','C201800037'),('S201800281','C201800037'),('S201800293','C201800037'),('S201800312','C201800037'),('S201800330','C201800037'),('S201800335','C201800037'),('S201800349','C201800037'),('S201800408','C201800037'),('S201800424','C201800037'),('S201800425','C201800037'),('S201800429','C201800037'),('S201800465','C201800037'),('S201800469','C201800037'),('S201800471','C201800037'),('S201800477','C201800037'),('S201800484','C201800037'),('S201800501','C201800037'),('S201800519','C201800037'),('S201800528','C201800037'),('S201800531','C201800037'),('S201800538','C201800037'),('S201800540','C201800037'),('S201800592','C201800037'),('S201800654','C201800037'),('S201800661','C201800037'),('S201800673','C201800037'),('S201800695','C201800037'),('S201800702','C201800037'),('S201800708','C201800037'),('S201800734','C201800037'),('S201800738','C201800037'),('S201800768','C201800037'),('S201800769','C201800037'),('S201800778','C201800037'),('S201800801','C201800037'),('S201800822','C201800037'),('S201800829','C201800037'),('S201800843','C201800037'),('S201800871','C201800037'),('S201800883','C201800037'),('S201800891','C201800037'),('S201800896','C201800037'),('S201800938','C201800037'),('S201800941','C201800037'),('S201800944','C201800037'),('S201800957','C201800037'),('S201800974','C201800037'),('S201800980','C201800037'),('S201800018','C201800038'),('S201800048','C201800038'),('S201800057','C201800038'),('S201800065','C201800038'),('S201800089','C201800038'),('S201800100','C201800038'),('S201800101','C201800038'),('S201800110','C201800038'),('S201800136','C201800038'),('S201800137','C201800038'),('S201800139','C201800038'),('S201800163','C201800038'),('S201800166','C201800038'),('S201800179','C201800038'),('S201800189','C201800038'),('S201800201','C201800038'),('S201800207','C201800038'),('S201800221','C201800038'),('S201800226','C201800038'),('S201800273','C201800038'),('S201800294','C201800038'),('S201800321','C201800038'),('S201800333','C201800038'),('S201800338','C201800038'),('S201800339','C201800038'),('S201800382','C201800038'),('S201800384','C201800038'),('S201800428','C201800038'),('S201800440','C201800038'),('S201800444','C201800038'),('S201800457','C201800038'),('S201800472','C201800038'),('S201800487','C201800038'),('S201800539','C201800038'),('S201800551','C201800038'),('S201800569','C201800038'),('S201800581','C201800038'),('S201800583','C201800038'),('S201800588','C201800038'),('S201800617','C201800038'),('S201800628','C201800038'),('S201800660','C201800038'),('S201800675','C201800038'),('S201800680','C201800038'),('S201800693','C201800038'),('S201800701','C201800038'),('S201800702','C201800038'),('S201800703','C201800038'),('S201800728','C201800038'),('S201800760','C201800038'),('S201800779','C201800038'),('S201800809','C201800038'),('S201800820','C201800038'),('S201800859','C201800038'),('S201800864','C201800038'),('S201800981','C201800038'),('S201800998','C201800038'),('S201800002','C201800039'),('S201800006','C201800039'),('S201800011','C201800039'),('S201800013','C201800039'),('S201800030','C201800039'),('S201800032','C201800039'),('S201800033','C201800039'),('S201800039','C201800039'),('S201800073','C201800039'),('S201800075','C201800039'),('S201800118','C201800039'),('S201800126','C201800039'),('S201800138','C201800039'),('S201800139','C201800039'),('S201800140','C201800039'),('S201800156','C201800039'),('S201800159','C201800039'),('S201800173','C201800039'),('S201800185','C201800039'),('S201800199','C201800039'),('S201800218','C201800039'),('S201800258','C201800039'),('S201800277','C201800039'),('S201800288','C201800039'),('S201800338','C201800039'),('S201800352','C201800039'),('S201800355','C201800039'),('S201800358','C201800039'),('S201800362','C201800039'),('S201800368','C201800039'),('S201800375','C201800039'),('S201800380','C201800039'),('S201800432','C201800039'),('S201800433','C201800039'),('S201800439','C201800039'),('S201800476','C201800039'),('S201800477','C201800039'),('S201800489','C201800039'),('S201800530','C201800039'),('S201800546','C201800039'),('S201800565','C201800039'),('S201800584','C201800039'),('S201800596','C201800039'),('S201800600','C201800039'),('S201800609','C201800039'),('S201800619','C201800039'),('S201800699','C201800039'),('S201800709','C201800039'),('S201800747','C201800039'),('S201800768','C201800039'),('S201800831','C201800039'),('S201800845','C201800039'),('S201800849','C201800039'),('S201800862','C201800039'),('S201800875','C201800039'),('S201800886','C201800039'),('S201800954','C201800039'),('S201800962','C201800039'),('S201800973','C201800039'),('S201800981','C201800039'),('S201800985','C201800039'),('S201801000','C201800039'),('S201800002','C201800040'),('S201800009','C201800040'),('S201800015','C201800040'),('S201800020','C201800040'),('S201800058','C201800040'),('S201800076','C201800040'),('S201800082','C201800040'),('S201800135','C201800040'),('S201800152','C201800040'),('S201800159','C201800040'),('S201800167','C201800040'),('S201800168','C201800040'),('S201800181','C201800040'),('S201800212','C201800040'),('S201800215','C201800040'),('S201800240','C201800040'),('S201800244','C201800040'),('S201800280','C201800040'),('S201800295','C201800040'),('S201800336','C201800040'),('S201800350','C201800040'),('S201800387','C201800040'),('S201800404','C201800040'),('S201800415','C201800040'),('S201800449','C201800040'),('S201800462','C201800040'),('S201800465','C201800040'),('S201800474','C201800040'),('S201800477','C201800040'),('S201800536','C201800040'),('S201800586','C201800040'),('S201800588','C201800040'),('S201800593','C201800040'),('S201800638','C201800040'),('S201800664','C201800040'),('S201800695','C201800040'),('S201800699','C201800040'),('S201800707','C201800040'),('S201800725','C201800040'),('S201800727','C201800040'),('S201800744','C201800040'),('S201800751','C201800040'),('S201800767','C201800040'),('S201800786','C201800040'),('S201800842','C201800040'),('S201800884','C201800040'),('S201800885','C201800040'),('S201800920','C201800040'),('S201800926','C201800040'),('S201800947','C201800040'),('S201800956','C201800040'),('S201800982','C201800040'),('S201800984','C201800040'),('S201800990','C201800040'),('S201800997','C201800040'),('S201800013','C201800041'),('S201800019','C201800041'),('S201800038','C201800041'),('S201800048','C201800041'),('S201800049','C201800041'),('S201800070','C201800041'),('S201800099','C201800041'),('S201800111','C201800041'),('S201800133','C201800041'),('S201800138','C201800041'),('S201800140','C201800041'),('S201800194','C201800041'),('S201800197','C201800041'),('S201800207','C201800041'),('S201800255','C201800041'),('S201800268','C201800041'),('S201800275','C201800041'),('S201800296','C201800041'),('S201800304','C201800041'),('S201800327','C201800041'),('S201800347','C201800041'),('S201800358','C201800041'),('S201800366','C201800041'),('S201800382','C201800041'),('S201800389','C201800041'),('S201800393','C201800041'),('S201800401','C201800041'),('S201800407','C201800041'),('S201800435','C201800041'),('S201800444','C201800041'),('S201800470','C201800041'),('S201800499','C201800041'),('S201800540','C201800041'),('S201800566','C201800041'),('S201800608','C201800041'),('S201800610','C201800041'),('S201800615','C201800041'),('S201800637','C201800041'),('S201800644','C201800041'),('S201800689','C201800041'),('S201800729','C201800041'),('S201800757','C201800041'),('S201800761','C201800041'),('S201800801','C201800041'),('S201800808','C201800041'),('S201800829','C201800041'),('S201800841','C201800041'),('S201800851','C201800041'),('S201800859','C201800041'),('S201800861','C201800041'),('S201800866','C201800041'),('S201800895','C201800041'),('S201800907','C201800041'),('S201800911','C201800041'),('S201800916','C201800041'),('S201800934','C201800041'),('S201800943','C201800041'),('S201800949','C201800041'),('S201800987','C201800041'),('S201800989','C201800041'),('S201800997','C201800041'),('S201800036','C201800042'),('S201800044','C201800042'),('S201800083','C201800042'),('S201800087','C201800042'),('S201800094','C201800042'),('S201800109','C201800042'),('S201800128','C201800042'),('S201800148','C201800042'),('S201800160','C201800042'),('S201800186','C201800042'),('S201800191','C201800042'),('S201800202','C201800042'),('S201800207','C201800042'),('S201800224','C201800042'),('S201800227','C201800042'),('S201800247','C201800042'),('S201800260','C201800042'),('S201800286','C201800042'),('S201800309','C201800042'),('S201800316','C201800042'),('S201800339','C201800042'),('S201800341','C201800042'),('S201800362','C201800042'),('S201800369','C201800042'),('S201800403','C201800042'),('S201800404','C201800042'),('S201800406','C201800042'),('S201800425','C201800042'),('S201800454','C201800042'),('S201800469','C201800042'),('S201800498','C201800042'),('S201800502','C201800042'),('S201800517','C201800042'),('S201800525','C201800042'),('S201800530','C201800042'),('S201800549','C201800042'),('S201800551','C201800042'),('S201800560','C201800042'),('S201800573','C201800042'),('S201800575','C201800042'),('S201800607','C201800042'),('S201800649','C201800042'),('S201800657','C201800042'),('S201800658','C201800042'),('S201800666','C201800042'),('S201800677','C201800042'),('S201800680','C201800042'),('S201800719','C201800042'),('S201800724','C201800042'),('S201800764','C201800042'),('S201800780','C201800042'),('S201800784','C201800042'),('S201800786','C201800042'),('S201800801','C201800042'),('S201800804','C201800042'),('S201800845','C201800042'),('S201800867','C201800042'),('S201800887','C201800042'),('S201800917','C201800042'),('S201800921','C201800042'),('S201800942','C201800042'),('S201800957','C201800042'),('S201800995','C201800042'),('S201800011','C201800043'),('S201800015','C201800043'),('S201800018','C201800043'),('S201800020','C201800043'),('S201800023','C201800043'),('S201800026','C201800043'),('S201800053','C201800043'),('S201800078','C201800043'),('S201800081','C201800043'),('S201800098','C201800043'),('S201800125','C201800043'),('S201800131','C201800043'),('S201800192','C201800043'),('S201800213','C201800043'),('S201800229','C201800043'),('S201800232','C201800043'),('S201800246','C201800043'),('S201800276','C201800043'),('S201800286','C201800043'),('S201800358','C201800043'),('S201800364','C201800043'),('S201800365','C201800043'),('S201800378','C201800043'),('S201800380','C201800043'),('S201800386','C201800043'),('S201800411','C201800043'),('S201800427','C201800043'),('S201800433','C201800043'),('S201800442','C201800043'),('S201800446','C201800043'),('S201800449','C201800043'),('S201800495','C201800043'),('S201800511','C201800043'),('S201800544','C201800043'),('S201800563','C201800043'),('S201800567','C201800043'),('S201800575','C201800043'),('S201800578','C201800043'),('S201800614','C201800043'),('S201800680','C201800043'),('S201800682','C201800043'),('S201800700','C201800043'),('S201800713','C201800043'),('S201800714','C201800043'),('S201800762','C201800043'),('S201800766','C201800043'),('S201800767','C201800043'),('S201800778','C201800043'),('S201800793','C201800043'),('S201800796','C201800043'),('S201800797','C201800043'),('S201800802','C201800043'),('S201800806','C201800043'),('S201800811','C201800043'),('S201800832','C201800043'),('S201800871','C201800043'),('S201800872','C201800043'),('S201800884','C201800043'),('S201800912','C201800043'),('S201800929','C201800043'),('S201800936','C201800043'),('S201800959','C201800043'),('S201800970','C201800043'),('S201800021','C201800044'),('S201800029','C201800044'),('S201800038','C201800044'),('S201800076','C201800044'),('S201800124','C201800044'),('S201800127','C201800044'),('S201800129','C201800044'),('S201800139','C201800044'),('S201800174','C201800044'),('S201800179','C201800044'),('S201800180','C201800044'),('S201800183','C201800044'),('S201800199','C201800044'),('S201800200','C201800044'),('S201800202','C201800044'),('S201800210','C201800044'),('S201800226','C201800044'),('S201800232','C201800044'),('S201800243','C201800044'),('S201800278','C201800044'),('S201800294','C201800044'),('S201800305','C201800044'),('S201800311','C201800044'),('S201800314','C201800044'),('S201800341','C201800044'),('S201800363','C201800044'),('S201800364','C201800044'),('S201800369','C201800044'),('S201800378','C201800044'),('S201800382','C201800044'),('S201800392','C201800044'),('S201800401','C201800044'),('S201800418','C201800044'),('S201800420','C201800044'),('S201800421','C201800044'),('S201800428','C201800044'),('S201800434','C201800044'),('S201800436','C201800044'),('S201800441','C201800044'),('S201800456','C201800044'),('S201800458','C201800044'),('S201800474','C201800044'),('S201800476','C201800044'),('S201800477','C201800044'),('S201800482','C201800044'),('S201800502','C201800044'),('S201800517','C201800044'),('S201800518','C201800044'),('S201800528','C201800044'),('S201800576','C201800044'),('S201800599','C201800044'),('S201800636','C201800044'),('S201800638','C201800044'),('S201800643','C201800044'),('S201800649','C201800044'),('S201800652','C201800044'),('S201800675','C201800044'),('S201800682','C201800044'),('S201800722','C201800044'),('S201800730','C201800044'),('S201800735','C201800044'),('S201800769','C201800044'),('S201800777','C201800044'),('S201800785','C201800044'),('S201800799','C201800044'),('S201800815','C201800044'),('S201800820','C201800044'),('S201800826','C201800044'),('S201800827','C201800044'),('S201800837','C201800044'),('S201800839','C201800044'),('S201800850','C201800044'),('S201800871','C201800044'),('S201800872','C201800044'),('S201800882','C201800044'),('S201800900','C201800044'),('S201800906','C201800044'),('S201800910','C201800044'),('S201800932','C201800044'),('S201800938','C201800044'),('S201800947','C201800044'),('S201800966','C201800044'),('S201800968','C201800044'),('S201800970','C201800044'),('S201800972','C201800044'),('S201800012','C201800045'),('S201800013','C201800045'),('S201800016','C201800045'),('S201800018','C201800045'),('S201800022','C201800045'),('S201800045','C201800045'),('S201800057','C201800045'),('S201800062','C201800045'),('S201800063','C201800045'),('S201800073','C201800045'),('S201800082','C201800045'),('S201800097','C201800045'),('S201800109','C201800045'),('S201800124','C201800045'),('S201800128','C201800045'),('S201800132','C201800045'),('S201800133','C201800045'),('S201800152','C201800045'),('S201800155','C201800045'),('S201800160','C201800045'),('S201800175','C201800045'),('S201800184','C201800045'),('S201800196','C201800045'),('S201800227','C201800045'),('S201800228','C201800045'),('S201800229','C201800045'),('S201800241','C201800045'),('S201800252','C201800045'),('S201800267','C201800045'),('S201800273','C201800045'),('S201800300','C201800045'),('S201800319','C201800045'),('S201800324','C201800045'),('S201800333','C201800045'),('S201800336','C201800045'),('S201800341','C201800045'),('S201800361','C201800045'),('S201800363','C201800045'),('S201800373','C201800045'),('S201800374','C201800045'),('S201800377','C201800045'),('S201800379','C201800045'),('S201800380','C201800045'),('S201800383','C201800045'),('S201800385','C201800045'),('S201800386','C201800045'),('S201800388','C201800045'),('S201800395','C201800045'),('S201800396','C201800045'),('S201800400','C201800045'),('S201800433','C201800045'),('S201800437','C201800045'),('S201800441','C201800045'),('S201800442','C201800045'),('S201800464','C201800045'),('S201800468','C201800045'),('S201800507','C201800045'),('S201800511','C201800045'),('S201800515','C201800045'),('S201800517','C201800045'),('S201800529','C201800045'),('S201800531','C201800045'),('S201800532','C201800045'),('S201800544','C201800045'),('S201800551','C201800045'),('S201800553','C201800045'),('S201800564','C201800045'),('S201800573','C201800045'),('S201800603','C201800045'),('S201800609','C201800045'),('S201800613','C201800045'),('S201800646','C201800045'),('S201800680','C201800045'),('S201800699','C201800045'),('S201800704','C201800045'),('S201800723','C201800045'),('S201800746','C201800045'),('S201800766','C201800045'),('S201800801','C201800045'),('S201800808','C201800045'),('S201800814','C201800045'),('S201800839','C201800045'),('S201800865','C201800045'),('S201800867','C201800045'),('S201800891','C201800045'),('S201800909','C201800045'),('S201800957','C201800045'),('S201800962','C201800045'),('S201800990','C201800045'),('S201800004','C201800046'),('S201800031','C201800046'),('S201800071','C201800046'),('S201800086','C201800046'),('S201800092','C201800046'),('S201800178','C201800046'),('S201800200','C201800046'),('S201800212','C201800046'),('S201800235','C201800046'),('S201800243','C201800046'),('S201800260','C201800046'),('S201800298','C201800046'),('S201800299','C201800046'),('S201800311','C201800046'),('S201800332','C201800046'),('S201800339','C201800046'),('S201800354','C201800046'),('S201800365','C201800046'),('S201800367','C201800046'),('S201800378','C201800046'),('S201800387','C201800046'),('S201800388','C201800046'),('S201800412','C201800046'),('S201800422','C201800046'),('S201800431','C201800046'),('S201800436','C201800046'),('S201800464','C201800046'),('S201800480','C201800046'),('S201800500','C201800046'),('S201800535','C201800046'),('S201800542','C201800046'),('S201800569','C201800046'),('S201800599','C201800046'),('S201800600','C201800046'),('S201800602','C201800046'),('S201800608','C201800046'),('S201800613','C201800046'),('S201800615','C201800046'),('S201800642','C201800046'),('S201800643','C201800046'),('S201800655','C201800046'),('S201800694','C201800046'),('S201800699','C201800046'),('S201800703','C201800046'),('S201800725','C201800046'),('S201800739','C201800046'),('S201800763','C201800046'),('S201800776','C201800046'),('S201800793','C201800046'),('S201800803','C201800046'),('S201800825','C201800046'),('S201800831','C201800046'),('S201800843','C201800046'),('S201800855','C201800046'),('S201800858','C201800046'),('S201800872','C201800046'),('S201800875','C201800046'),('S201800885','C201800046'),('S201800890','C201800046'),('S201800911','C201800046'),('S201800921','C201800046'),('S201800922','C201800046'),('S201800933','C201800046'),('S201800965','C201800046'),('S201800968','C201800046'),('S201800997','C201800046'),('S201800010','C201800047'),('S201800043','C201800047'),('S201800072','C201800047'),('S201800077','C201800047'),('S201800090','C201800047'),('S201800094','C201800047'),('S201800152','C201800047'),('S201800159','C201800047'),('S201800212','C201800047'),('S201800237','C201800047'),('S201800253','C201800047'),('S201800255','C201800047'),('S201800266','C201800047'),('S201800281','C201800047'),('S201800283','C201800047'),('S201800290','C201800047'),('S201800311','C201800047'),('S201800320','C201800047'),('S201800356','C201800047'),('S201800360','C201800047'),('S201800369','C201800047'),('S201800371','C201800047'),('S201800389','C201800047'),('S201800393','C201800047'),('S201800422','C201800047'),('S201800435','C201800047'),('S201800447','C201800047'),('S201800455','C201800047'),('S201800456','C201800047'),('S201800473','C201800047'),('S201800476','C201800047'),('S201800509','C201800047'),('S201800513','C201800047'),('S201800549','C201800047'),('S201800559','C201800047'),('S201800611','C201800047'),('S201800652','C201800047'),('S201800656','C201800047'),('S201800670','C201800047'),('S201800681','C201800047'),('S201800731','C201800047'),('S201800752','C201800047'),('S201800755','C201800047'),('S201800763','C201800047'),('S201800766','C201800047'),('S201800774','C201800047'),('S201800790','C201800047'),('S201800809','C201800047'),('S201800818','C201800047'),('S201800865','C201800047'),('S201800880','C201800047'),('S201800890','C201800047'),('S201800901','C201800047'),('S201800929','C201800047'),('S201800948','C201800047'),('S201800984','C201800047'),('S201800007','C201800048'),('S201800020','C201800048'),('S201800021','C201800048'),('S201800024','C201800048'),('S201800068','C201800048'),('S201800077','C201800048'),('S201800082','C201800048'),('S201800084','C201800048'),('S201800095','C201800048'),('S201800101','C201800048'),('S201800129','C201800048'),('S201800134','C201800048'),('S201800136','C201800048'),('S201800167','C201800048'),('S201800179','C201800048'),('S201800197','C201800048'),('S201800202','C201800048'),('S201800216','C201800048'),('S201800232','C201800048'),('S201800261','C201800048'),('S201800275','C201800048'),('S201800297','C201800048'),('S201800298','C201800048'),('S201800315','C201800048'),('S201800326','C201800048'),('S201800334','C201800048'),('S201800348','C201800048'),('S201800351','C201800048'),('S201800390','C201800048'),('S201800393','C201800048'),('S201800397','C201800048'),('S201800404','C201800048'),('S201800457','C201800048'),('S201800469','C201800048'),('S201800509','C201800048'),('S201800513','C201800048'),('S201800515','C201800048'),('S201800521','C201800048'),('S201800528','C201800048'),('S201800534','C201800048'),('S201800535','C201800048'),('S201800565','C201800048'),('S201800566','C201800048'),('S201800584','C201800048'),('S201800592','C201800048'),('S201800595','C201800048'),('S201800628','C201800048'),('S201800643','C201800048'),('S201800651','C201800048'),('S201800673','C201800048'),('S201800685','C201800048'),('S201800692','C201800048'),('S201800702','C201800048'),('S201800716','C201800048'),('S201800729','C201800048'),('S201800783','C201800048'),('S201800788','C201800048'),('S201800790','C201800048'),('S201800851','C201800048'),('S201800858','C201800048'),('S201800869','C201800048'),('S201800870','C201800048'),('S201800875','C201800048'),('S201800880','C201800048'),('S201800905','C201800048'),('S201800916','C201800048'),('S201800957','C201800048'),('S201800976','C201800048'),('S201800027','C201800049'),('S201800033','C201800049'),('S201800036','C201800049'),('S201800053','C201800049'),('S201800066','C201800049'),('S201800074','C201800049'),('S201800081','C201800049'),('S201800082','C201800049'),('S201800113','C201800049'),('S201800115','C201800049'),('S201800129','C201800049'),('S201800130','C201800049'),('S201800140','C201800049'),('S201800146','C201800049'),('S201800151','C201800049'),('S201800160','C201800049'),('S201800197','C201800049'),('S201800199','C201800049'),('S201800216','C201800049'),('S201800244','C201800049'),('S201800246','C201800049'),('S201800258','C201800049'),('S201800283','C201800049'),('S201800301','C201800049'),('S201800308','C201800049'),('S201800350','C201800049'),('S201800361','C201800049'),('S201800367','C201800049'),('S201800405','C201800049'),('S201800410','C201800049'),('S201800428','C201800049'),('S201800440','C201800049'),('S201800442','C201800049'),('S201800459','C201800049'),('S201800507','C201800049'),('S201800516','C201800049'),('S201800529','C201800049'),('S201800536','C201800049'),('S201800545','C201800049'),('S201800552','C201800049'),('S201800558','C201800049'),('S201800590','C201800049'),('S201800635','C201800049'),('S201800645','C201800049'),('S201800646','C201800049'),('S201800651','C201800049'),('S201800662','C201800049'),('S201800696','C201800049'),('S201800736','C201800049'),('S201800739','C201800049'),('S201800740','C201800049'),('S201800749','C201800049'),('S201800752','C201800049'),('S201800754','C201800049'),('S201800767','C201800049'),('S201800792','C201800049'),('S201800815','C201800049'),('S201800842','C201800049'),('S201800862','C201800049'),('S201800885','C201800049'),('S201800916','C201800049'),('S201800936','C201800049'),('S201800948','C201800049'),('S201800954','C201800049'),('S201800011','C201800050'),('S201800016','C201800050'),('S201800028','C201800050'),('S201800031','C201800050'),('S201800036','C201800050'),('S201800067','C201800050'),('S201800079','C201800050'),('S201800093','C201800050'),('S201800113','C201800050'),('S201800118','C201800050'),('S201800122','C201800050'),('S201800126','C201800050'),('S201800152','C201800050'),('S201800154','C201800050'),('S201800160','C201800050'),('S201800175','C201800050'),('S201800188','C201800050'),('S201800193','C201800050'),('S201800220','C201800050'),('S201800230','C201800050'),('S201800239','C201800050'),('S201800253','C201800050'),('S201800259','C201800050'),('S201800261','C201800050'),('S201800294','C201800050'),('S201800300','C201800050'),('S201800304','C201800050'),('S201800305','C201800050'),('S201800324','C201800050'),('S201800328','C201800050'),('S201800363','C201800050'),('S201800389','C201800050'),('S201800393','C201800050'),('S201800394','C201800050'),('S201800397','C201800050'),('S201800411','C201800050'),('S201800427','C201800050'),('S201800460','C201800050'),('S201800480','C201800050'),('S201800486','C201800050'),('S201800541','C201800050'),('S201800572','C201800050'),('S201800576','C201800050'),('S201800594','C201800050'),('S201800600','C201800050'),('S201800602','C201800050'),('S201800637','C201800050'),('S201800644','C201800050'),('S201800646','C201800050'),('S201800661','C201800050'),('S201800703','C201800050'),('S201800741','C201800050'),('S201800751','C201800050'),('S201800754','C201800050'),('S201800773','C201800050'),('S201800790','C201800050'),('S201800793','C201800050'),('S201800818','C201800050'),('S201800834','C201800050'),('S201800837','C201800050'),('S201800858','C201800050'),('S201800863','C201800050'),('S201800901','C201800050'),('S201800925','C201800050'),('S201800926','C201800050'),('S201800946','C201800050'),('S201800981','C201800050');
/*!40000 ALTER TABLE `StudentCourse` ENABLE KEYS */;
UNLOCK TABLES;

--
-- Table structure for table `StudentTask`
--

DROP TABLE IF EXISTS `StudentTask`;
/*!40101 SET @saved_cs_client     = @@character_set_client */;
/*!40101 SET character_set_client = utf8 */;
CREATE TABLE `StudentTask` (
  `studentId` char(10) COLLATE utf8mb4_unicode_ci NOT NULL,
  `taskId` char(10) COLLATE utf8mb4_unicode_ci NOT NULL,
  `answer` text COLLATE utf8mb4_unicode_ci,
  `score` int(11) DEFAULT NULL,
  `finishTime` timestamp NOT NULL DEFAULT CURRENT_TIMESTAMP ON UPDATE CURRENT_TIMESTAMP,
  PRIMARY KEY (`studentId`,`taskId`),
  KEY `taskId` (`taskId`),
  CONSTRAINT `StudentTask_ibfk_1` FOREIGN KEY (`studentId`) REFERENCES `Student` (`id`) ON DELETE CASCADE ON UPDATE CASCADE,
  CONSTRAINT `StudentTask_ibfk_2` FOREIGN KEY (`taskId`) REFERENCES `Task` (`id`) ON DELETE CASCADE ON UPDATE CASCADE
) ENGINE=InnoDB DEFAULT CHARSET=utf8mb4 COLLATE=utf8mb4_unicode_ci;
/*!40101 SET character_set_client = @saved_cs_client */;

--
-- Dumping data for table `StudentTask`
--

LOCK TABLES `StudentTask` WRITE;
/*!40000 ALTER TABLE `StudentTask` DISABLE KEYS */;
INSERT INTO `StudentTask` VALUES ('S201800001','W201800022','516',46,'2018-08-09 16:30:27'),('S201800001','W201800131','7107',56,'2018-08-08 22:50:27'),('S201800002','W201800007','199',95,'2018-06-24 08:10:27'),('S201800002','W201800094','20653',74,'2018-06-18 12:50:27'),('S201800002','W201800130','21300',36,'2018-08-23 05:13:47'),('S201800003','W201800053','2762',62,'2018-08-23 20:33:47'),('S201800003','W201800125','21878',94,'2018-06-25 09:03:47'),('S201800003','W201800184','7976',90,'2018-08-03 07:27:07'),('S201800004','W201800010','28502',50,'2018-08-29 17:57:07'),('S201800004','W201800033','11165',95,'2018-06-22 03:03:47'),('S201800004','W201800071','14723',80,'2018-06-21 12:37:07'),('S201800005','W201800001','3303',62,'2018-07-07 03:50:27'),('S201800005','W201800124','15079',41,'2018-07-05 02:57:07'),('S201800005','W201800131','18844',86,'2018-07-03 20:43:47'),('S201800006','W201800007','11622',96,'2018-07-21 00:27:07'),('S201800006','W201800045','24626',85,'2018-08-10 23:43:47'),('S201800006','W201800072','9966',33,'2018-06-26 09:00:27'),('S201800006','W201800102','3350',48,'2018-08-21 12:50:27'),('S201800007','W201800028','6006',72,'2018-08-24 07:47:07'),('S201800007','W201800131','20105',90,'2018-06-27 10:30:27'),('S201800007','W201800152','4009',90,'2018-07-07 12:30:27'),('S201800007','W201800183','7996',57,'2018-07-16 17:03:47'),('S201800008','W201800072','12241',91,'2018-08-26 04:53:47'),('S201800008','W201800160','11070',83,'2018-06-29 13:50:27'),('S201800008','W201800187','8687',54,'2018-08-04 07:43:47'),('S201800008','W201800198','6701',62,'2018-08-15 08:43:47'),('S201800009','W201800172','14897',81,'2018-07-31 22:40:27'),('S201800010','W201800112','30872',99,'2018-06-21 04:50:27'),('S201800010','W201800157','3840',84,'2018-08-01 15:57:07'),('S201800011','W201800050','3639',38,'2018-07-10 17:30:27'),('S201800012','W201800010','19763',10,'2018-06-28 05:13:47'),('S201800012','W201800090','9541',59,'2018-07-01 22:07:07'),('S201800012','W201800142','17084',58,'2018-06-20 17:23:47'),('S201800013','W201800033','7583',96,'2018-07-19 11:13:47'),('S201800013','W201800107','30176',97,'2018-07-09 13:53:47'),('S201800013','W201800120','8319',63,'2018-06-21 10:47:07'),('S201800013','W201800200','26706',87,'2018-08-18 01:20:27'),('S201800014','W201800190','886',28,'2018-08-01 02:30:27'),('S201800015','W201800087','18695',99,'2018-08-15 05:10:27'),('S201800015','W201800123','25818',57,'2018-07-12 08:27:07'),('S201800015','W201800164','2814',20,'2018-08-16 07:37:07'),('S201800016','W201800065','256',69,'2018-06-21 03:49:29'),('S201800017','W201800019','17174',41,'2018-08-12 14:20:27'),('S201800017','W201800058','28600',99,'2018-06-30 04:20:27'),('S201800017','W201800078','19893',69,'2018-07-06 02:30:27'),('S201800017','W201800141','3597',80,'2018-07-15 17:50:27'),('S201800018','W201800063','2430',82,'2018-06-18 18:03:47'),('S201800018','W201800082','24878',95,'2018-08-20 17:30:27'),('S201800019','W201800031','18167',65,'2018-08-07 16:40:27'),('S201800019','W201800058','1726',17,'2018-07-16 11:27:07'),('S201800019','W201800059','11653',73,'2018-07-15 13:00:27'),('S201800019','W201800167','1295',92,'2018-06-28 18:43:47'),('S201800020','W201800040','201',76,'2018-07-12 23:20:27'),('S201800020','W201800044','25530',80,'2018-07-25 19:37:07'),('S201800020','W201800172','18533',48,'2018-07-13 04:27:07'),('S201800021','W201800045','19470',81,'2018-07-06 10:33:47'),('S201800021','W201800051','8416',95,'2018-07-29 17:27:07'),('S201800021','W201800200','8910',79,'2018-08-08 22:00:27'),('S201800022','W201800003','22913',67,'2018-08-19 02:50:27'),('S201800022','W201800065','17716',34,'2018-06-21 03:43:51'),('S201800023','W201800004','20944',94,'2018-08-19 11:10:27'),('S201800024','W201800008','11285',61,'2018-08-30 15:07:07'),('S201800024','W201800179','1932',88,'2018-07-26 11:13:47'),('S201800025','W201800094','26000',100,'2018-06-18 22:17:07'),('S201800026','W201800010','26441',36,'2018-08-29 15:00:27'),('S201800026','W201800029','27465',83,'2018-06-30 06:40:27'),('S201800026','W201800084','22082',20,'2018-08-13 14:50:27'),('S201800027','W201800115','27236',51,'2018-07-17 06:27:07'),('S201800027','W201800157','31645',37,'2018-08-15 01:43:47'),('S201800027','W201800177','19651',34,'2018-06-26 06:50:27'),('S201800027','W201800182','24003',69,'2018-06-24 08:10:27'),('S201800028','W201800089','26691',10,'2018-07-27 00:47:07'),('S201800029','W201800020','28477',88,'2018-08-20 23:27:07'),('S201800029','W201800076','15385',83,'2018-07-04 05:57:07'),('S201800029','W201800101','11405',34,'2018-08-30 07:47:07'),('S201800029','W201800174','19137',86,'2018-07-05 09:40:27'),('S201800030','W201800059','26930',52,'2018-07-31 08:13:47'),('S201800031','W201800030','25489',17,'2018-07-21 02:33:47'),('S201800031','W201800052','8366',95,'2018-07-11 12:40:27'),('S201800031','W201800194','12969',83,'2018-08-30 20:17:07'),('S201800032','W201800028','32502',78,'2018-07-31 13:17:07'),('S201800032','W201800191','22770',64,'2018-07-09 12:53:47'),('S201800033','W201800120','30140',28,'2018-08-11 05:30:27'),('S201800034','W201800131','14322',45,'2018-08-11 19:07:07'),('S201800035','W201800036','15560',74,'2018-08-27 09:07:07'),('S201800035','W201800061','14665',84,'2018-08-13 23:33:47'),('S201800036','W201800058','23589',83,'2018-08-29 02:50:27'),('S201800036','W201800150','3406',92,'2018-07-07 01:27:07'),('S201800037','W201800075','23509',93,'2018-08-28 02:47:07'),('S201800038','W201800013','32229',88,'2018-07-08 12:57:07'),('S201800038','W201800120','25851',54,'2018-08-18 10:27:07'),('S201800038','W201800166','26568',80,'2018-07-12 00:17:07'),('S201800039','W201800008','12571',97,'2018-08-05 13:20:27'),('S201800040','W201800056','19047',81,'2018-08-19 12:40:27'),('S201800040','W201800128','30265',95,'2018-07-23 04:50:27'),('S201800040','W201800129','32321',94,'2018-08-06 09:23:47'),('S201800040','W201800156','8301',38,'2018-08-18 22:57:07'),('S201800041','W201800024','32441',79,'2018-07-15 00:17:07'),('S201800041','W201800045','6447',59,'2018-07-17 13:40:27'),('S201800041','W201800150','19961',91,'2018-08-17 06:47:07'),('S201800041','W201800176','23984',24,'2018-07-09 22:47:07'),('S201800042','W201800045','26298',70,'2018-08-08 20:13:47'),('S201800042','W201800083','3007',97,'2018-07-08 10:20:27'),('S201800042','W201800186','6228',97,'2018-08-02 00:10:27'),('S201800043','W201800153','22299',99,'2018-07-30 19:57:07'),('S201800044','W201800126','17809',60,'2018-06-22 19:17:07'),('S201800044','W201800155','2989',91,'2018-06-24 17:07:07'),('S201800045','W201800050','25033',53,'2018-08-21 11:03:47'),('S201800045','W201800143','22000',30,'2018-07-05 23:17:07'),('S201800046','W201800019','28845',89,'2018-09-01 17:13:47'),('S201800046','W201800076','4477',46,'2018-06-19 16:27:07'),('S201800046','W201800150','30146',95,'2018-07-12 11:47:07'),('S201800046','W201800170','19782',80,'2018-06-19 23:53:47'),('S201800047','W201800082','18874',34,'2018-08-21 23:43:47'),('S201800047','W201800092','18534',97,'2018-08-29 12:57:07'),('S201800047','W201800125','2920',99,'2018-08-07 13:57:07'),('S201800047','W201800174','3548',98,'2018-08-22 00:57:07'),('S201800048','W201800037','4483',60,'2018-09-01 22:47:07'),('S201800049','W201800144','15257',61,'2018-08-19 20:33:47'),('S201800050','W201800030','4503',93,'2018-08-25 22:00:27'),('S201800050','W201800064','18094',65,'2018-06-21 14:07:07'),('S201800051','W201800026','19649',60,'2018-08-10 19:13:47'),('S201800051','W201800046','25400',45,'2018-08-09 13:10:27'),('S201800051','W201800098','6168',36,'2018-08-15 18:37:07'),('S201800052','W201800044','18236',50,'2018-08-10 20:17:07'),('S201800052','W201800164','3331',98,'2018-07-13 11:13:47'),('S201800052','W201800168','21749',53,'2018-08-14 12:53:47'),('S201800053','W201800112','14464',97,'2018-08-21 06:53:47'),('S201800053','W201800190','19190',88,'2018-08-10 02:50:27'),('S201800054','W201800002','934',47,'2018-07-01 15:43:47'),('S201800054','W201800017','27938',64,'2018-06-21 19:33:47'),('S201800055','W201800015','30332',95,'2018-08-20 21:33:47'),('S201800055','W201800128','12181',89,'2018-07-24 17:07:07'),('S201800055','W201800162','16839',96,'2018-07-05 23:50:27'),('S201800055','W201800188','12404',98,'2018-08-12 19:43:47'),('S201800056','W201800115','22381',94,'2018-07-27 11:33:47'),('S201800056','W201800143','32607',54,'2018-07-31 18:10:27'),('S201800056','W201800151','13714',88,'2018-07-01 06:53:47'),('S201800057','W201800046','26711',84,'2018-08-27 17:07:07'),('S201800057','W201800096','18504',81,'2018-08-02 08:27:07'),('S201800057','W201800110','7883',95,'2018-09-01 16:30:27'),('S201800057','W201800188','27831',59,'2018-08-28 13:07:07'),('S201800058','W201800032','3896',83,'2018-08-08 16:43:47'),('S201800058','W201800064','17322',95,'2018-08-05 02:10:27'),('S201800058','W201800132','32057',78,'2018-07-25 09:57:07'),('S201800058','W201800199','10670',50,'2018-07-08 08:40:27'),('S201800059','W201800008','8294',91,'2018-06-20 04:20:27'),('S201800059','W201800173','11847',61,'2018-09-02 00:37:07'),('S201800060','W201800027','14372',98,'2018-07-14 05:27:07'),('S201800060','W201800094','16444',93,'2018-06-20 17:13:47'),('S201800060','W201800148','2501',57,'2018-07-17 19:03:47'),('S201800061','W201800010','27569',22,'2018-08-26 20:50:27'),('S201800061','W201800082','29373',94,'2018-08-15 17:27:07'),('S201800061','W201800103','7297',64,'2018-07-23 04:17:07'),('S201800062','W201800178','16742',88,'2018-08-05 04:40:27'),('S201800062','W201800194','21467',10,'2018-08-06 10:53:47'),('S201800063','W201800043','13879',71,'2018-08-30 22:10:27'),('S201800063','W201800090','7559',84,'2018-08-15 16:40:27'),('S201800063','W201800134','28691',85,'2018-08-29 23:23:47'),('S201800063','W201800165','4251',83,'2018-08-19 16:20:27'),('S201800064','W201800064','22192',90,'2018-07-22 09:03:48'),('S201800065','W201800178','15500',53,'2018-07-16 13:07:08'),('S201800066','W201800021','16059',61,'2018-06-18 20:43:48'),('S201800066','W201800090','13576',94,'2018-07-31 09:00:28'),('S201800066','W201800130','30317',61,'2018-08-18 02:20:28'),('S201800066','W201800146','28433',70,'2018-08-28 17:20:28'),('S201800067','W201800007','24898',83,'2018-07-21 02:40:28'),('S201800068','W201800083','10495',50,'2018-06-21 15:53:48'),('S201800069','W201800095','3126',40,'2018-07-14 22:50:28'),('S201800069','W201800146','7156',70,'2018-07-16 13:30:28'),('S201800069','W201800169','11718',87,'2018-07-28 02:07:08'),('S201800069','W201800178','17835',10,'2018-08-12 23:13:48'),('S201800070','W201800003','31067',78,'2018-06-29 16:57:08'),('S201800070','W201800056','2603',67,'2018-08-20 20:17:08'),('S201800071','W201800083','20022',80,'2018-07-09 18:03:48'),('S201800071','W201800089','15756',78,'2018-08-26 11:43:48'),('S201800071','W201800148','30863',59,'2018-08-23 23:17:08'),('S201800071','W201800173','29721',72,'2018-08-12 22:03:48'),('S201800072','W201800060','16652',92,'2018-08-17 08:13:48'),('S201800072','W201800114','21724',81,'2018-07-13 09:40:28'),('S201800073','W201800065','28308',50,'2018-06-21 03:43:38'),('S201800073','W201800142','2319',50,'2018-06-21 03:43:19'),('S201800073','W201800160','13093',46,'2018-07-28 07:53:48'),('S201800074','W201800029','32653',76,'2018-08-27 16:17:08'),('S201800074','W201800050','23238',48,'2018-06-26 07:43:48'),('S201800074','W201800167','4792',33,'2018-08-06 18:10:28'),('S201800074','W201800171','26543',50,'2018-08-30 01:03:48'),('S201800075','W201800071','7610',26,'2018-06-22 09:37:08'),('S201800075','W201800124','32276',14,'2018-06-25 20:53:48'),('S201800075','W201800130','7599',22,'2018-07-03 22:30:28'),('S201800075','W201800152','5844',100,'2018-08-20 10:33:48'),('S201800076','W201800068','3248',96,'2018-06-19 19:33:48'),('S201800076','W201800073','9641',99,'2018-08-05 12:07:08'),('S201800076','W201800189','32315',65,'2018-08-06 15:33:48'),('S201800077','W201800132','5427',52,'2018-08-01 21:27:08'),('S201800077','W201800148','1889',30,'2018-07-16 02:27:08'),('S201800078','W201800076','6331',73,'2018-08-20 22:50:28'),('S201800078','W201800191','3970',72,'2018-07-09 01:13:48'),('S201800078','W201800197','18645',69,'2018-07-31 09:47:08'),('S201800079','W201800016','23549',84,'2018-07-27 08:27:08'),('S201800079','W201800125','27991',77,'2018-08-30 18:53:48'),('S201800079','W201800135','22234',55,'2018-08-17 22:37:08'),('S201800080','W201800015','13861',30,'2018-08-20 16:17:08'),('S201800080','W201800042','5378',87,'2018-07-06 09:00:28'),('S201800080','W201800052','6099',33,'2018-07-19 06:00:28'),('S201800080','W201800060','4331',57,'2018-06-25 10:33:48'),('S201800081','W201800003','23423',40,'2018-07-12 14:47:08'),('S201800081','W201800106','15606',10,'2018-07-13 04:30:28'),('S201800081','W201800133','26129',84,'2018-08-12 02:47:08'),('S201800081','W201800140','17331',31,'2018-08-26 02:30:28'),('S201800082','W201800047','27829',43,'2018-08-27 08:37:08'),('S201800082','W201800059','6256',78,'2018-07-16 13:13:48'),('S201800082','W201800104','22799',84,'2018-08-25 22:33:48'),('S201800083','W201800073','29668',78,'2018-07-22 11:17:08'),('S201800083','W201800115','1270',98,'2018-08-05 15:40:28'),('S201800083','W201800169','17060',58,'2018-06-21 04:27:08'),('S201800083','W201800180','912',14,'2018-07-17 00:30:28'),('S201800084','W201800003','12828',85,'2018-07-08 19:00:28'),('S201800084','W201800151','7689',95,'2018-07-02 16:57:08'),('S201800085','W201800058','6072',81,'2018-07-01 16:40:28'),('S201800085','W201800105','322',90,'2018-06-27 11:13:48'),('S201800085','W201800198','21130',28,'2018-07-26 19:03:48'),('S201800086','W201800032','6999',84,'2018-08-21 01:43:48'),('S201800086','W201800078','18689',45,'2018-08-16 04:57:08'),('S201800086','W201800121','3460',10,'2018-07-24 23:10:28'),('S201800087','W201800014','11310',69,'2018-08-21 19:27:08'),('S201800088','W201800021','1589',38,'2018-07-21 22:23:48'),('S201800088','W201800118','15562',96,'2018-08-18 20:43:48'),('S201800088','W201800189','29761',10,'2018-08-02 05:00:28'),('S201800089','W201800028','1523',79,'2018-07-29 04:30:28'),('S201800089','W201800045','18328',58,'2018-07-07 03:27:08'),('S201800089','W201800054','19978',58,'2018-07-12 23:17:08'),('S201800089','W201800158','18312',78,'2018-08-09 17:23:48'),('S201800090','W201800062','19213',24,'2018-08-30 03:10:28'),('S201800090','W201800078','21127',95,'2018-06-27 23:47:08'),('S201800090','W201800097','3104',86,'2018-07-14 14:50:28'),('S201800090','W201800186','24259',95,'2018-08-09 14:07:08'),('S201800091','W201800075','1020',33,'2018-08-12 02:43:48'),('S201800091','W201800076','25314',22,'2018-07-17 07:07:08'),('S201800091','W201800171','16711',85,'2018-08-18 20:27:08'),('S201800092','W201800144','20971',72,'2018-07-06 13:03:48'),('S201800093','W201800015','14091',72,'2018-07-25 01:07:08'),('S201800094','W201800078','20201',51,'2018-08-14 21:13:48'),('S201800094','W201800081','31570',92,'2018-06-27 15:00:28'),('S201800094','W201800123','1477',61,'2018-07-04 04:30:28'),('S201800094','W201800156','1631',54,'2018-07-06 13:17:08'),('S201800095','W201800191','9541',10,'2018-06-28 22:07:08'),('S201800096','W201800055','14399',72,'2018-08-13 14:33:48'),('S201800096','W201800056','15217',100,'2018-06-28 04:17:08'),('S201800097','W201800037','11965',70,'2018-08-28 22:17:08'),('S201800097','W201800057','1870',20,'2018-08-29 12:00:28'),('S201800097','W201800125','17358',17,'2018-08-24 23:07:08'),('S201800098','W201800132','8297',52,'2018-06-28 22:53:48'),('S201800099','W201800011','13498',33,'2018-08-19 20:47:08'),('S201800099','W201800177','18320',62,'2018-08-11 21:57:08'),('S201800099','W201800184','17416',92,'2018-08-09 09:17:08'),('S201800099','W201800193','25112',17,'2018-08-17 23:07:08'),('S201800100','W201800113','13618',86,'2018-07-27 14:57:08'),('S201800100','W201800114','19095',79,'2018-07-25 23:23:48'),('S201800101','W201800093','20360',59,'2018-08-04 10:47:08'),('S201800101','W201800099','25847',10,'2018-08-15 02:57:08'),('S201800101','W201800129','14178',52,'2018-08-07 15:07:08'),('S201800102','W201800080','25831',81,'2018-07-18 15:40:28'),('S201800103','W201800032','6074',96,'2018-06-26 05:10:28'),('S201800103','W201800112','20224',81,'2018-07-10 09:23:48'),('S201800103','W201800156','8038',81,'2018-07-05 03:17:08'),('S201800103','W201800176','23197',94,'2018-07-14 04:47:08'),('S201800104','W201800094','6311',94,'2018-07-21 01:40:28'),('S201800104','W201800194','29016',97,'2018-07-21 02:50:28'),('S201800105','W201800173','12193',97,'2018-06-18 12:00:28'),('S201800106','W201800023','10280',88,'2018-07-10 23:37:08'),('S201800106','W201800149','32601',52,'2018-06-28 08:53:48'),('S201800107','W201800078','23273',90,'2018-08-16 17:47:08'),('S201800107','W201800197','28790',52,'2018-08-01 02:57:08'),('S201800108','W201800061','18217',58,'2018-07-24 15:07:08'),('S201800108','W201800064','2245',22,'2018-08-29 08:10:28'),('S201800108','W201800094','1950',10,'2018-09-01 16:27:08'),('S201800108','W201800122','15915',44,'2018-08-31 13:27:08'),('S201800109','W201800119','10284',86,'2018-06-29 05:10:28'),('S201800109','W201800165','21358',37,'2018-08-31 05:20:28'),('S201800109','W201800189','7545',66,'2018-08-14 14:33:48'),('S201800110','W201800084','21235',87,'2018-08-30 06:43:48'),('S201800110','W201800103','14557',79,'2018-07-05 21:00:28'),('S201800110','W201800124','15475',95,'2018-08-21 04:37:08'),('S201800110','W201800153','585',20,'2018-08-15 02:30:28'),('S201800111','W201800020','10047',31,'2018-06-25 07:43:48'),('S201800111','W201800038','5977',87,'2018-08-29 06:20:28'),('S201800111','W201800051','1507',61,'2018-07-12 12:23:48'),('S201800111','W201800063','1817',95,'2018-07-12 09:37:08'),('S201800112','W201800053','17304',60,'2018-06-26 06:20:28'),('S201800112','W201800090','3221',34,'2018-08-05 13:20:28'),('S201800113','W201800017','19515',80,'2018-07-10 09:53:48'),('S201800113','W201800123','14335',76,'2018-06-28 01:00:28'),('S201800113','W201800145','7030',26,'2018-07-09 20:10:28'),('S201800113','W201800167','18092',40,'2018-07-23 06:10:28'),('S201800114','W201800038','12850',84,'2018-08-10 20:20:28'),('S201800115','W201800109','31888',76,'2018-06-30 01:23:48'),('S201800116','W201800136','30565',45,'2018-06-26 22:57:08'),('S201800116','W201800141','32259',52,'2018-07-06 12:50:28'),('S201800117','W201800009','3133',73,'2018-08-11 23:37:08'),('S201800117','W201800067','27440',17,'2018-07-10 08:10:28'),('S201800117','W201800185','22648',84,'2018-08-29 00:53:48'),('S201800118','W201800085','4723',81,'2018-07-04 03:47:08'),('S201800119','W201800013','20526',94,'2018-08-21 12:43:48'),('S201800120','W201800079','12750',85,'2018-07-03 21:53:48'),('S201800121','W201800064','26211',85,'2018-07-28 10:10:28'),('S201800121','W201800121','23076',78,'2018-08-13 09:40:28'),('S201800121','W201800198','16558',83,'2018-07-04 02:10:28'),('S201800122','W201800122','18180',60,'2018-07-07 15:13:48'),('S201800122','W201800188','14379',53,'2018-08-13 15:07:08'),('S201800123','W201800040','3841',87,'2018-08-11 12:10:28'),('S201800123','W201800058','29017',80,'2018-08-16 04:13:48'),('S201800123','W201800120','13000',24,'2018-07-12 18:57:08'),('S201800123','W201800129','23173',96,'2018-08-31 10:20:28'),('S201800124','W201800161','24396',24,'2018-08-18 03:13:48'),('S201800125','W201800008','14001',90,'2018-07-25 02:03:48'),('S201800125','W201800082','4269',58,'2018-06-26 17:17:08'),('S201800125','W201800159','32058',37,'2018-07-07 12:13:48'),('S201800126','W201800065','17172',43,'2018-07-04 18:53:48'),('S201800126','W201800094','15071',64,'2018-07-27 13:17:08'),('S201800126','W201800118','7668',84,'2018-06-28 08:10:28'),('S201800126','W201800154','21282',42,'2018-07-20 16:03:48'),('S201800127','W201800059','29515',77,'2018-08-14 06:43:48'),('S201800127','W201800101','24887',76,'2018-08-10 22:00:28'),('S201800127','W201800125','31319',80,'2018-08-22 01:33:48'),('S201800127','W201800151','18680',42,'2018-08-07 18:07:08'),('S201800128','W201800158','2821',68,'2018-08-07 19:13:48'),('S201800128','W201800193','27143',78,'2018-08-11 18:23:48'),('S201800129','W201800020','17643',94,'2018-07-06 00:10:28'),('S201800129','W201800168','27182',78,'2018-06-25 05:13:48'),('S201800130','W201800185','10226',74,'2018-07-10 02:57:08'),('S201800131','W201800177','27212',71,'2018-07-19 12:17:08'),('S201800132','W201800148','18202',31,'2018-07-27 13:03:48'),('S201800133','W201800107','2702',41,'2018-07-10 20:30:28'),('S201800133','W201800154','25091',72,'2018-07-12 02:30:28'),('S201800134','W201800081','1187',71,'2018-08-14 23:20:28'),('S201800134','W201800120','7573',98,'2018-08-01 03:33:48'),('S201800134','W201800163','11020',50,'2018-08-15 01:40:28'),('S201800134','W201800171','16621',36,'2018-07-05 10:03:48'),('S201800135','W201800075','27086',53,'2018-07-04 03:17:08'),('S201800135','W201800114','677',64,'2018-08-13 08:47:08'),('S201800135','W201800127','29815',36,'2018-08-24 02:23:48'),('S201800135','W201800157','29019',65,'2018-07-21 01:20:28'),('S201800136','W201800120','20816',70,'2018-07-08 14:47:08'),('S201800137','W201800046','4665',22,'2018-07-27 05:53:48'),('S201800137','W201800080','18695',61,'2018-06-19 14:53:48'),('S201800137','W201800140','1631',37,'2018-07-25 00:50:28'),('S201800137','W201800169','27464',54,'2018-06-25 04:27:08'),('S201800138','W201800033','20434',62,'2018-08-18 07:20:28'),('S201800138','W201800157','1986',24,'2018-08-14 02:43:48'),('S201800139','W201800030','8927',45,'2018-08-25 07:13:48'),('S201800139','W201800045','27712',53,'2018-08-27 06:57:08'),('S201800139','W201800077','29799',59,'2018-07-29 04:40:28'),('S201800139','W201800110','10276',90,'2018-08-13 12:03:48'),('S201800140','W201800052','13162',54,'2018-08-04 00:37:08'),('S201800140','W201800153','1140',64,'2018-08-08 19:47:08'),('S201800140','W201800167','16463',48,'2018-07-20 04:37:08'),('S201800141','W201800067','30172',76,'2018-07-15 19:37:08'),('S201800142','W201800135','13615',97,'2018-07-28 14:27:08'),('S201800143','W201800028','7282',68,'2018-08-08 12:57:08'),('S201800143','W201800045','1483',44,'2018-08-19 00:03:48'),('S201800143','W201800046','20688',20,'2018-06-23 11:20:28'),('S201800143','W201800061','15990',22,'2018-06-27 16:50:28'),('S201800144','W201800158','13763',79,'2018-07-20 12:13:48'),('S201800145','W201800107','1309',34,'2018-08-09 19:33:48'),('S201800146','W201800084','11244',86,'2018-08-08 11:37:08'),('S201800146','W201800168','20670',33,'2018-07-28 08:33:48'),('S201800146','W201800185','17929',91,'2018-08-26 03:43:48'),('S201800147','W201800031','30594',40,'2018-08-03 09:10:28'),('S201800147','W201800039','813',95,'2018-06-29 23:53:48'),('S201800148','W201800071','4449',52,'2018-07-04 21:30:28'),('S201800148','W201800082','14768',92,'2018-06-24 19:03:48'),('S201800148','W201800151','15750',98,'2018-07-12 02:37:08'),('S201800148','W201800198','24585',100,'2018-08-11 20:50:28'),('S201800149','W201800059','31471',47,'2018-07-25 23:10:28'),('S201800149','W201800145','31795',60,'2018-08-05 01:37:08'),('S201800150','W201800151','1816',80,'2018-06-25 09:17:09'),('S201800150','W201800153','10594',43,'2018-08-31 19:27:09'),('S201800150','W201800162','19593',48,'2018-07-10 02:37:08'),('S201800151','W201800099','26568',41,'2018-08-20 23:53:49'),('S201800151','W201800194','9190',92,'2018-07-28 17:00:29'),('S201800152','W201800006','19136',92,'2018-08-09 09:30:29'),('S201800152','W201800176','17592',72,'2018-06-24 02:30:29'),('S201800152','W201800180','4440',70,'2018-07-20 03:13:49'),('S201800153','W201800012','19833',67,'2018-07-08 12:23:49'),('S201800153','W201800028','4719',63,'2018-06-20 22:33:49'),('S201800153','W201800124','13209',92,'2018-07-23 20:57:09'),('S201800153','W201800181','25592',20,'2018-07-03 23:30:29'),('S201800154','W201800017','24329',44,'2018-08-17 08:37:09'),('S201800154','W201800030','27051',95,'2018-08-16 13:03:49'),('S201800154','W201800170','6350',65,'2018-07-14 17:27:09'),('S201800155','W201800054','31249',36,'2018-07-01 19:40:29'),('S201800156','W201800090','27244',38,'2018-07-02 07:23:49'),('S201800156','W201800182','30887',93,'2018-07-04 04:30:29'),('S201800157','W201800041','29251',85,'2018-08-02 08:30:29'),('S201800157','W201800125','10895',96,'2018-06-25 10:43:49'),('S201800157','W201800155','4654',78,'2018-07-31 04:23:49'),('S201800157','W201800186','10911',64,'2018-06-18 19:10:29'),('S201800158','W201800003','21480',48,'2018-08-29 00:13:49'),('S201800158','W201800148','8465',53,'2018-07-28 04:20:29'),('S201800159','W201800027','2366',71,'2018-07-12 00:50:29'),('S201800159','W201800135','25357',84,'2018-06-22 09:40:29'),('S201800160','W201800085','18495',57,'2018-07-06 20:13:49'),('S201800160','W201800130','7232',45,'2018-08-14 10:17:09'),('S201800161','W201800018','1565',57,'2018-07-17 22:17:09'),('S201800161','W201800089','6669',74,'2018-08-07 12:13:49'),('S201800161','W201800138','4850',43,'2018-08-17 06:10:29'),('S201800162','W201800129','685',63,'2018-07-11 09:00:29'),('S201800163','W201800195','22542',37,'2018-08-19 16:17:09'),('S201800164','W201800059','15453',96,'2018-07-04 17:03:49'),('S201800165','W201800005','32349',72,'2018-08-15 19:40:29'),('S201800165','W201800031','22304',83,'2018-08-26 18:27:09'),('S201800165','W201800063','9180',10,'2018-07-05 21:47:09'),('S201800165','W201800079','21681',86,'2018-07-22 23:03:49'),('S201800166','W201800018','12634',78,'2018-07-24 12:00:29'),('S201800167','W201800052','8491',70,'2018-07-20 12:30:29'),('S201800168','W201800022','10891',85,'2018-08-09 08:27:09'),('S201800168','W201800109','10795',86,'2018-08-18 00:00:29'),('S201800168','W201800122','7412',78,'2018-08-17 18:53:49'),('S201800168','W201800172','6210',84,'2018-08-23 07:17:09'),('S201800169','W201800059','31379',97,'2018-07-10 04:40:29'),('S201800169','W201800099','6266',88,'2018-08-05 05:23:49'),('S201800169','W201800160','26427',91,'2018-07-28 12:10:29'),('S201800169','W201800173','32002',58,'2018-07-07 00:20:29'),('S201800170','W201800107','1351',62,'2018-08-20 06:03:49'),('S201800170','W201800173','953',34,'2018-07-31 08:07:09'),('S201800171','W201800082','30518',81,'2018-06-19 16:37:09'),('S201800171','W201800187','16595',48,'2018-06-25 16:27:09'),('S201800172','W201800135','31843',83,'2018-08-14 05:57:09'),('S201800173','W201800122','9424',55,'2018-08-23 10:33:49'),('S201800173','W201800162','22503',79,'2018-07-28 09:27:09'),('S201800173','W201800199','13744',46,'2018-08-23 03:07:09'),('S201800174','W201800147','17558',64,'2018-07-23 10:23:49'),('S201800174','W201800195','25060',28,'2018-08-18 11:10:29'),('S201800174','W201800197','14231',34,'2018-08-01 09:53:49'),('S201800175','W201800031','17211',24,'2018-07-18 15:03:49'),('S201800176','W201800001','20203',40,'2018-06-23 09:33:49'),('S201800176','W201800036','18175',17,'2018-06-22 04:40:29'),('S201800176','W201800050','24085',97,'2018-07-25 04:13:49'),('S201800176','W201800193','23484',30,'2018-08-16 00:13:49'),('S201800177','W201800075','31336',78,'2018-08-16 18:33:49'),('S201800177','W201800183','6391',84,'2018-07-14 10:27:09'),('S201800178','W201800022','7172',41,'2018-08-18 18:33:49'),('S201800178','W201800110','26893',86,'2018-08-08 16:07:09'),('S201800178','W201800156','16915',51,'2018-07-25 17:47:09'),('S201800179','W201800162','13806',40,'2018-09-01 15:10:29'),('S201800180','W201800090','17683',88,'2018-08-04 00:40:29'),('S201800181','W201800054','31554',99,'2018-08-14 12:20:29'),('S201800181','W201800074','32630',34,'2018-08-01 23:07:09'),('S201800181','W201800100','15358',90,'2018-06-20 20:20:29'),('S201800182','W201800069','3140',64,'2018-07-03 17:27:09'),('S201800182','W201800183','8666',83,'2018-06-20 05:30:29'),('S201800182','W201800186','25237',89,'2018-06-19 12:33:49'),('S201800183','W201800094','19476',38,'2018-09-01 05:17:09'),('S201800183','W201800098','16636',68,'2018-08-25 02:57:09'),('S201800184','W201800030','16897',72,'2018-07-09 09:07:09'),('S201800184','W201800061','1839',100,'2018-07-15 07:17:09'),('S201800184','W201800083','12485',84,'2018-08-17 02:07:09'),('S201800184','W201800151','3802',96,'2018-08-04 04:43:49'),('S201800185','W201800169','25998',20,'2018-08-19 03:23:49'),('S201800185','W201800187','25376',81,'2018-08-10 03:10:29'),('S201800186','W201800075','24344',98,'2018-07-05 15:57:09'),('S201800186','W201800088','30612',64,'2018-07-05 17:30:29'),('S201800186','W201800187','996',75,'2018-08-21 04:37:09'),('S201800187','W201800183','30792',87,'2018-07-10 18:50:29'),('S201800188','W201800013','31915',88,'2018-07-24 10:33:49'),('S201800188','W201800044','3833',98,'2018-06-29 05:27:09'),('S201800188','W201800055','12722',64,'2018-08-21 04:00:29'),('S201800188','W201800064','5887',92,'2018-07-24 20:20:29'),('S201800189','W201800072','21397',71,'2018-07-20 20:30:29'),('S201800189','W201800106','21762',86,'2018-08-14 10:47:09'),('S201800189','W201800153','809',50,'2018-07-26 16:20:29'),('S201800189','W201800194','3005',72,'2018-08-26 10:27:09'),('S201800190','W201800048','28956',42,'2018-08-27 08:50:29'),('S201800191','W201800176','12684',97,'2018-06-26 13:33:49'),('S201800192','W201800019','28212',48,'2018-08-09 16:30:29'),('S201800193','W201800068','24320',51,'2018-08-29 07:33:49'),('S201800193','W201800126','25251',31,'2018-08-12 00:00:29'),('S201800194','W201800135','5612',86,'2018-08-03 07:10:29'),('S201800195','W201800076','9274',59,'2018-08-07 20:40:29'),('S201800195','W201800103','28599',80,'2018-08-23 05:40:29'),('S201800195','W201800139','24611',84,'2018-07-15 06:47:09'),('S201800196','W201800139','22530',71,'2018-07-27 15:07:09'),('S201800196','W201800149','23494',71,'2018-07-16 21:03:49'),('S201800197','W201800146','7241',68,'2018-08-26 23:57:09'),('S201800197','W201800173','917',52,'2018-07-25 14:07:09'),('S201800197','W201800184','4746',37,'2018-08-01 20:23:49'),('S201800198','W201800043','9337',64,'2018-06-25 10:53:49'),('S201800198','W201800085','17369',72,'2018-08-17 22:47:09'),('S201800198','W201800176','31518',76,'2018-07-25 03:20:29'),('S201800199','W201800054','29667',75,'2018-08-15 16:53:49'),('S201800199','W201800060','30423',33,'2018-06-25 19:23:49'),('S201800199','W201800065','15701',83,'2018-08-30 06:33:49'),('S201800199','W201800131','3107',43,'2018-07-27 12:20:29'),('S201800200','W201800023','28550',86,'2018-06-26 05:33:49'),('S201800200','W201800167','8502',75,'2018-07-29 05:07:09'),('S201800201','W201800001','12295',84,'2018-07-31 06:20:29'),('S201800201','W201800191','10848',72,'2018-08-24 21:20:29'),('S201800202','W201800032','19820',86,'2018-06-23 15:30:29'),('S201800202','W201800058','374',61,'2018-09-01 09:50:29'),('S201800202','W201800082','27864',77,'2018-07-21 10:07:09'),('S201800203','W201800051','25729',50,'2018-08-06 00:50:29'),('S201800203','W201800063','26245',99,'2018-07-04 00:50:29'),('S201800203','W201800071','122',94,'2018-08-06 08:17:09'),('S201800203','W201800107','5816',43,'2018-07-26 09:50:29'),('S201800204','W201800008','11657',58,'2018-08-17 01:43:49'),('S201800204','W201800093','27119',87,'2018-08-18 04:00:29'),('S201800205','W201800001','389',36,'2018-07-29 21:20:29'),('S201800205','W201800048','8564',26,'2018-08-07 20:20:29'),('S201800205','W201800111','22139',90,'2018-06-21 19:10:29'),('S201800206','W201800024','24052',96,'2018-08-09 16:53:49'),('S201800206','W201800147','16572',97,'2018-08-17 20:20:29'),('S201800207','W201800172','30886',55,'2018-07-06 16:07:09'),('S201800207','W201800190','4265',93,'2018-07-29 13:40:29'),('S201800208','W201800028','2637',100,'2018-07-23 04:10:29'),('S201800209','W201800037','18235',80,'2018-06-29 16:43:49'),('S201800209','W201800180','30087',56,'2018-08-05 22:53:49'),('S201800210','W201800023','9474',47,'2018-08-05 22:47:09'),('S201800210','W201800151','24313',75,'2018-07-29 03:57:09'),('S201800211','W201800015','13832',52,'2018-08-05 05:50:29'),('S201800211','W201800049','24659',90,'2018-06-23 05:03:49'),('S201800211','W201800163','32246',31,'2018-08-02 23:23:49'),('S201800212','W201800088','19661',46,'2018-07-29 05:17:09'),('S201800212','W201800116','1560',94,'2018-08-04 17:10:29'),('S201800212','W201800127','10167',68,'2018-07-23 22:00:29'),('S201800212','W201800187','23602',28,'2018-09-01 23:10:29'),('S201800213','W201800020','21549',41,'2018-07-05 13:27:09'),('S201800214','W201800026','28371',68,'2018-07-21 00:13:49'),('S201800214','W201800046','1235',90,'2018-07-20 16:47:09'),('S201800214','W201800078','246',95,'2018-07-16 05:30:29'),('S201800215','W201800012','4498',93,'2018-07-17 04:10:29'),('S201800215','W201800061','8855',98,'2018-08-26 10:00:29'),('S201800215','W201800092','30543',72,'2018-07-23 06:17:09'),('S201800216','W201800156','4700',38,'2018-07-18 17:30:29'),('S201800216','W201800159','4423',76,'2018-07-06 05:53:49'),('S201800216','W201800194','11685',91,'2018-06-26 08:30:29'),('S201800217','W201800053','12290',62,'2018-07-07 17:23:49'),('S201800217','W201800087','861',84,'2018-08-03 06:40:29'),('S201800217','W201800172','1855',90,'2018-07-22 01:00:29'),('S201800218','W201800015','14790',97,'2018-07-06 05:23:49'),('S201800218','W201800018','11727',64,'2018-07-07 14:57:09'),('S201800218','W201800147','2282',80,'2018-07-05 21:03:49'),('S201800218','W201800176','27770',14,'2018-08-18 17:10:29'),('S201800219','W201800043','27485',81,'2018-08-23 08:07:09'),('S201800219','W201800107','28650',40,'2018-06-27 01:53:49'),('S201800219','W201800108','19494',64,'2018-07-05 03:27:09'),('S201800219','W201800117','23460',92,'2018-07-26 12:03:49'),('S201800220','W201800012','27320',63,'2018-08-13 09:13:49'),('S201800220','W201800125','12594',22,'2018-07-24 07:23:49'),('S201800220','W201800199','27483',56,'2018-07-21 14:43:49'),('S201800221','W201800052','3174',30,'2018-08-01 06:27:09'),('S201800221','W201800056','28881',57,'2018-07-16 06:07:09'),('S201800221','W201800079','14135',76,'2018-07-19 10:10:29'),('S201800221','W201800181','2792',60,'2018-08-24 23:50:29'),('S201800222','W201800013','23097',14,'2018-07-02 19:03:49'),('S201800222','W201800055','8344',90,'2018-07-06 11:53:49'),('S201800223','W201800028','2004',86,'2018-07-09 14:30:29'),('S201800223','W201800137','20759',93,'2018-07-22 06:53:49'),('S201800223','W201800156','26197',84,'2018-07-18 10:03:49'),('S201800224','W201800019','12704',99,'2018-07-12 05:43:49'),('S201800224','W201800127','5531',54,'2018-08-10 15:53:49'),('S201800224','W201800194','23943',46,'2018-07-12 20:37:09'),('S201800225','W201800077','15568',67,'2018-06-25 21:03:49'),('S201800225','W201800163','28995',48,'2018-08-07 18:50:29'),('S201800226','W201800013','27313',80,'2018-07-01 17:57:09'),('S201800226','W201800062','21715',50,'2018-07-20 02:37:09'),('S201800226','W201800138','2330',53,'2018-08-17 12:50:29'),('S201800227','W201800028','893',50,'2018-08-09 15:33:49'),('S201800227','W201800073','4607',62,'2018-06-24 21:37:09'),('S201800227','W201800101','29243',70,'2018-07-23 10:37:09'),('S201800227','W201800118','26182',87,'2018-08-08 00:00:29'),('S201800228','W201800013','23850',67,'2018-08-23 14:33:49'),('S201800229','W201800047','8071',76,'2018-07-04 00:47:09'),('S201800229','W201800076','31010',84,'2018-08-13 16:23:49'),('S201800230','W201800072','24362',55,'2018-08-13 01:23:49'),('S201800230','W201800089','12520',51,'2018-07-18 07:23:49'),('S201800230','W201800113','24828',80,'2018-08-20 22:33:49'),('S201800230','W201800196','16685',89,'2018-07-12 17:50:29'),('S201800231','W201800158','25077',70,'2018-07-06 06:57:09'),('S201800232','W201800002','21257',56,'2018-08-24 13:20:29'),('S201800232','W201800052','19229',71,'2018-08-19 12:20:29'),('S201800232','W201800135','15783',52,'2018-06-26 01:37:09'),('S201800232','W201800168','11201',81,'2018-07-20 18:43:49'),('S201800233','W201800050','22362',43,'2018-06-26 04:47:09'),('S201800233','W201800083','10810',92,'2018-08-15 00:33:49'),('S201800234','W201800088','25470',91,'2018-08-11 19:37:09'),('S201800234','W201800090','18685',86,'2018-08-03 00:50:29'),('S201800234','W201800129','14323',51,'2018-08-11 08:13:49'),('S201800235','W201800016','25177',48,'2018-06-27 04:43:49'),('S201800235','W201800021','25056',76,'2018-07-08 17:40:29'),('S201800235','W201800033','26270',84,'2018-08-29 12:50:29'),('S201800235','W201800064','3151',69,'2018-06-27 07:07:09'),('S201800236','W201800099','15541',62,'2018-06-25 21:13:49'),('S201800236','W201800105','15535',54,'2018-07-12 01:03:49'),('S201800236','W201800135','8981',56,'2018-08-02 06:37:09'),('S201800236','W201800147','12686',20,'2018-06-29 06:53:50'),('S201800237','W201800021','20134',41,'2018-08-15 12:57:10'),('S201800237','W201800051','27374',41,'2018-07-30 09:30:30'),('S201800237','W201800116','9820',70,'2018-06-30 08:57:10'),('S201800237','W201800146','2499',85,'2018-06-30 00:53:50'),('S201800238','W201800011','15177',88,'2018-07-31 02:00:30'),('S201800238','W201800088','19675',70,'2018-07-26 15:50:30'),('S201800238','W201800145','15582',24,'2018-07-28 21:53:50'),('S201800238','W201800156','7123',83,'2018-08-11 00:23:50'),('S201800239','W201800054','6042',43,'2018-07-09 04:53:50'),('S201800239','W201800076','20350',28,'2018-07-24 00:53:50'),('S201800239','W201800079','6602',78,'2018-07-26 17:40:30'),('S201800239','W201800143','25703',58,'2018-08-07 02:03:50'),('S201800240','W201800044','19265',86,'2018-07-15 12:40:30'),('S201800240','W201800061','10437',58,'2018-07-01 05:57:10'),('S201800240','W201800078','2003',94,'2018-08-22 19:57:10'),('S201800240','W201800193','6616',65,'2018-08-03 00:53:50'),('S201800241','W201800018','6032',97,'2018-08-04 10:10:30'),('S201800241','W201800134','13194',52,'2018-07-13 07:27:10'),('S201800242','W201800068','30971',22,'2018-08-26 06:30:30'),('S201800242','W201800171','30721',80,'2018-07-11 14:37:10'),('S201800242','W201800191','6731',37,'2018-08-18 09:20:30'),('S201800243','W201800071','7718',79,'2018-08-25 22:47:10'),('S201800243','W201800092','28054',71,'2018-08-27 04:07:10'),('S201800243','W201800104','7301',78,'2018-07-02 14:10:30'),('S201800243','W201800141','6205',94,'2018-07-29 19:47:10'),('S201800244','W201800064','27204',94,'2018-07-28 01:47:10'),('S201800244','W201800077','10954',81,'2018-06-20 15:50:30'),('S201800244','W201800195','23559',74,'2018-08-10 23:53:50'),('S201800245','W201800039','7034',61,'2018-06-30 07:27:10'),('S201800245','W201800087','1395',53,'2018-08-08 10:27:10'),('S201800246','W201800060','5204',91,'2018-07-28 19:47:10'),('S201800246','W201800169','945',28,'2018-06-21 06:10:30'),('S201800246','W201800171','24946',67,'2018-07-20 22:37:10'),('S201800247','W201800094','19499',88,'2018-08-18 19:57:10'),('S201800248','W201800014','30543',48,'2018-08-08 03:43:50'),('S201800248','W201800036','24551',20,'2018-08-10 16:27:10'),('S201800248','W201800096','12757',71,'2018-07-30 05:50:30'),('S201800249','W201800070','10862',70,'2018-07-12 14:47:10'),('S201800250','W201800128','13982',71,'2018-06-26 18:53:50'),('S201800250','W201800198','11557',14,'2018-07-25 14:10:30'),('S201800251','W201800143','2473',54,'2018-08-08 08:13:50'),('S201800251','W201800196','670',72,'2018-07-23 17:23:50'),('S201800252','W201800001','2471',81,'2018-08-16 04:03:50'),('S201800253','W201800016','17146',54,'2018-07-18 09:40:30'),('S201800253','W201800110','23459',10,'2018-06-29 12:20:30'),('S201800253','W201800146','7148',71,'2018-06-22 09:10:30'),('S201800253','W201800192','11352',68,'2018-06-23 10:13:50'),('S201800254','W201800067','25544',60,'2018-08-22 05:47:10'),('S201800254','W201800107','9836',66,'2018-07-10 23:20:30'),('S201800254','W201800161','4543',17,'2018-08-18 23:50:30'),('S201800254','W201800171','23754',58,'2018-06-28 23:30:30'),('S201800255','W201800037','5937',58,'2018-08-25 04:47:10'),('S201800256','W201800012','18100',10,'2018-08-12 16:47:10'),('S201800256','W201800034','30188',59,'2018-07-10 21:53:50'),('S201800256','W201800099','686',83,'2018-08-08 00:50:30'),('S201800257','W201800016','460',53,'2018-08-12 21:47:10'),('S201800257','W201800023','26441',74,'2018-07-26 20:43:50'),('S201800257','W201800053','22193',87,'2018-08-05 00:37:10'),('S201800257','W201800174','18033',74,'2018-08-17 04:37:10'),('S201800258','W201800103','10510',61,'2018-08-15 07:50:30'),('S201800258','W201800186','9427',74,'2018-08-12 16:47:10'),('S201800259','W201800121','1844',69,'2018-08-04 12:17:10'),('S201800259','W201800174','4021',81,'2018-07-25 23:07:10'),('S201800260','W201800043','12519',56,'2018-07-13 14:20:30'),('S201800261','W201800144','9801',97,'2018-08-29 18:33:50'),('S201800261','W201800157','16075',60,'2018-07-27 19:00:30'),('S201800261','W201800187','25555',83,'2018-06-21 04:53:50'),('S201800262','W201800004','16107',57,'2018-06-30 21:57:10'),('S201800262','W201800086','23393',64,'2018-08-11 06:03:50'),('S201800262','W201800097','4039',63,'2018-08-17 08:20:30'),('S201800262','W201800105','6698',96,'2018-08-09 04:40:30'),('S201800263','W201800016','3546',95,'2018-08-02 21:03:50'),('S201800263','W201800033','5899',93,'2018-06-27 03:23:50'),('S201800264','W201800043','18165',60,'2018-07-07 15:47:10'),('S201800264','W201800106','13983',45,'2018-08-13 18:00:30'),('S201800264','W201800128','31816',38,'2018-08-11 07:00:30'),('S201800265','W201800066','22728',83,'2018-08-22 00:27:10'),('S201800265','W201800069','28353',82,'2018-07-30 00:00:30'),('S201800266','W201800042','9654',72,'2018-08-23 08:07:10'),('S201800266','W201800073','18076',45,'2018-07-30 16:00:30'),('S201800266','W201800179','27357',52,'2018-07-17 22:03:50'),('S201800267','W201800043','25625',96,'2018-07-14 04:43:50'),('S201800267','W201800081','20966',78,'2018-08-15 08:17:10'),('S201800267','W201800123','23265',34,'2018-06-28 07:37:10'),('S201800268','W201800007','13860',78,'2018-06-26 12:13:50'),('S201800268','W201800171','4668',67,'2018-07-07 01:33:50'),('S201800269','W201800001','30669',88,'2018-08-02 08:13:50'),('S201800269','W201800007','24686',73,'2018-08-04 17:27:10'),('S201800269','W201800042','24167',86,'2018-07-30 23:27:10'),('S201800269','W201800116','15465',60,'2018-07-20 04:13:50'),('S201800270','W201800053','3753',64,'2018-07-25 00:47:10'),('S201800270','W201800192','16049',61,'2018-07-19 22:10:30'),('S201800271','W201800043','12016',28,'2018-08-12 19:33:50'),('S201800271','W201800072','8286',45,'2018-07-05 15:30:30'),('S201800271','W201800117','10956',88,'2018-07-25 09:17:10'),('S201800272','W201800025','18479',96,'2018-07-18 03:23:50'),('S201800272','W201800151','28443',96,'2018-08-12 23:00:30'),('S201800272','W201800189','19707',84,'2018-07-04 15:30:30'),('S201800273','W201800050','15850',92,'2018-08-11 06:20:30'),('S201800273','W201800134','5577',22,'2018-08-02 11:17:10'),('S201800273','W201800156','9276',14,'2018-08-26 20:00:30'),('S201800273','W201800162','14846',53,'2018-08-23 20:20:30'),('S201800274','W201800040','24187',91,'2018-08-15 15:50:30'),('S201800274','W201800172','23811',64,'2018-08-08 04:27:10'),('S201800274','W201800198','30030',74,'2018-07-31 15:53:50'),('S201800275','W201800018','16262',76,'2018-06-27 16:00:30'),('S201800275','W201800073','6788',73,'2018-06-21 11:33:50'),('S201800275','W201800138','7304',34,'2018-07-03 04:23:50'),('S201800275','W201800145','18219',67,'2018-07-01 04:13:50'),('S201800276','W201800059','22871',84,'2018-07-21 19:43:50'),('S201800276','W201800075','14134',75,'2018-07-05 07:00:30'),('S201800276','W201800108','3239',93,'2018-08-03 18:47:10'),('S201800277','W201800056','29002',95,'2018-08-01 16:23:50'),('S201800277','W201800109','6554',93,'2018-07-04 16:40:30'),('S201800277','W201800168','543',86,'2018-06-26 15:33:50'),('S201800278','W201800039','8744',80,'2018-08-20 00:00:30'),('S201800278','W201800090','3069',26,'2018-06-18 16:50:30'),('S201800279','W201800010','28122',78,'2018-07-16 13:53:50'),('S201800279','W201800078','21880',92,'2018-06-29 10:17:10'),('S201800279','W201800083','22786',67,'2018-07-02 17:00:30'),('S201800279','W201800123','31756',81,'2018-07-16 10:23:50'),('S201800280','W201800023','6818',20,'2018-07-04 05:27:10'),('S201800280','W201800050','19047',31,'2018-08-02 16:00:30'),('S201800280','W201800105','25178',91,'2018-06-22 23:13:50'),('S201800280','W201800120','20952',96,'2018-06-23 14:37:10'),('S201800281','W201800101','27392',74,'2018-08-23 21:57:10'),('S201800282','W201800161','12866',87,'2018-08-24 05:03:50'),('S201800283','W201800036','11322',58,'2018-08-16 14:03:50'),('S201800283','W201800038','10488',34,'2018-08-17 12:23:50'),('S201800283','W201800081','25664',22,'2018-08-25 17:03:50'),('S201800283','W201800144','7928',36,'2018-08-13 13:13:50'),('S201800284','W201800031','14297',60,'2018-07-07 22:03:50'),('S201800284','W201800052','2082',88,'2018-07-18 06:47:10'),('S201800284','W201800169','15566',47,'2018-08-24 11:20:30'),('S201800284','W201800195','32684',80,'2018-06-24 14:50:30'),('S201800285','W201800059','6368',98,'2018-08-12 08:33:50'),('S201800285','W201800147','29466',98,'2018-06-26 00:13:50'),('S201800285','W201800149','6609',79,'2018-06-30 12:00:30'),('S201800285','W201800155','18857',100,'2018-06-19 04:37:10'),('S201800286','W201800014','3723',34,'2018-06-19 13:23:50'),('S201800286','W201800041','3523',88,'2018-08-27 20:47:10'),('S201800286','W201800107','29294',95,'2018-08-09 15:10:30'),('S201800286','W201800155','24558',78,'2018-07-15 11:37:10'),('S201800287','W201800109','23770',66,'2018-07-09 00:17:10'),('S201800287','W201800115','24592',50,'2018-08-19 13:17:10'),('S201800287','W201800148','19250',93,'2018-07-31 00:27:10'),('S201800287','W201800184','9977',57,'2018-07-15 01:30:30'),('S201800288','W201800006','23440',54,'2018-08-22 13:03:50'),('S201800288','W201800072','24782',74,'2018-06-26 08:17:10'),('S201800289','W201800037','12788',58,'2018-08-29 18:20:30'),('S201800289','W201800079','9709',62,'2018-07-04 23:57:10'),('S201800289','W201800089','10025',62,'2018-07-04 01:40:30'),('S201800289','W201800096','21909',17,'2018-07-09 01:57:10'),('S201800290','W201800133','31633',87,'2018-08-10 09:07:10'),('S201800290','W201800181','12511',85,'2018-08-30 01:27:10'),('S201800290','W201800193','13812',87,'2018-08-21 04:03:50'),('S201800291','W201800018','4810',60,'2018-08-09 18:03:50'),('S201800291','W201800037','32349',17,'2018-08-28 02:33:50'),('S201800291','W201800124','29649',89,'2018-08-05 17:20:30'),('S201800292','W201800107','5426',37,'2018-08-31 01:37:10'),('S201800293','W201800070','23350',48,'2018-08-20 09:27:10'),('S201800293','W201800086','25009',61,'2018-07-02 03:43:50'),('S201800294','W201800194','28542',68,'2018-08-21 17:57:10'),('S201800295','W201800059','24988',10,'2018-07-22 11:53:50'),('S201800296','W201800004','6211',96,'2018-08-23 09:00:30'),('S201800296','W201800197','7417',92,'2018-06-28 20:03:50'),('S201800297','W201800078','30409',88,'2018-07-07 11:27:10'),('S201800297','W201800106','22867',79,'2018-08-13 11:20:30'),('S201800297','W201800136','25592',48,'2018-08-21 20:37:10'),('S201800297','W201800187','2926',58,'2018-07-25 09:27:10'),('S201800298','W201800067','31454',61,'2018-07-24 08:00:30'),('S201800298','W201800129','6435',58,'2018-06-20 08:57:10'),('S201800299','W201800120','15456',80,'2018-07-01 16:33:50'),('S201800299','W201800160','32604',77,'2018-07-16 12:03:50'),('S201800299','W201800169','30751',82,'2018-06-26 13:57:10'),('S201800299','W201800177','8184',46,'2018-07-23 01:10:30'),('S201800300','W201800062','31951',92,'2018-08-27 12:27:10'),('S201800300','W201800077','28465',73,'2018-07-24 16:07:10'),('S201800300','W201800131','24773',85,'2018-08-25 01:17:10'),('S201800300','W201800137','26177',20,'2018-07-20 02:47:10'),('S201800301','W201800099','8174',71,'2018-08-18 03:20:30'),('S201800301','W201800185','29255',92,'2018-08-30 13:23:50'),('S201800302','W201800036','26721',76,'2018-08-15 02:07:10'),('S201800302','W201800114','19866',72,'2018-06-19 20:50:30'),('S201800302','W201800158','603',55,'2018-07-19 14:27:10'),('S201800302','W201800186','8228',100,'2018-08-24 17:10:30'),('S201800303','W201800109','28695',100,'2018-08-02 07:30:30'),('S201800303','W201800113','16465',36,'2018-06-25 08:50:30'),('S201800304','W201800073','29724',26,'2018-08-19 01:00:30'),('S201800305','W201800065','29396',60,'2018-08-26 09:27:10'),('S201800305','W201800119','22482',64,'2018-06-26 00:23:50'),('S201800305','W201800169','6468',51,'2018-08-21 14:17:10'),('S201800306','W201800009','8524',75,'2018-06-29 03:27:10'),('S201800306','W201800012','19017',56,'2018-07-23 09:50:30'),('S201800306','W201800143','14227',57,'2018-08-15 05:47:10'),('S201800306','W201800200','12464',26,'2018-08-24 08:43:50'),('S201800307','W201800115','9404',64,'2018-07-11 17:33:50'),('S201800307','W201800133','29548',74,'2018-08-03 13:03:50'),('S201800307','W201800190','9994',50,'2018-07-28 06:17:10'),('S201800308','W201800080','1247',71,'2018-07-16 06:33:50'),('S201800308','W201800119','8256',63,'2018-07-18 01:37:10'),('S201800308','W201800178','16051',28,'2018-08-29 14:13:50'),('S201800309','W201800013','10662',54,'2018-07-21 23:40:30'),('S201800309','W201800021','28503',69,'2018-08-15 08:33:50'),('S201800309','W201800061','14663',96,'2018-08-09 00:43:50'),('S201800309','W201800082','504',77,'2018-07-23 23:50:30'),('S201800310','W201800182','31286',63,'2018-07-12 22:53:50'),('S201800310','W201800196','30519',58,'2018-06-28 22:27:10'),('S201800311','W201800032','7001',96,'2018-08-17 08:47:10'),('S201800311','W201800124','19520',92,'2018-06-21 12:23:50'),('S201800311','W201800134','32038',36,'2018-07-08 07:37:10'),('S201800311','W201800173','27132',87,'2018-07-21 15:33:50'),('S201800312','W201800004','17735',42,'2018-08-03 20:33:50'),('S201800312','W201800060','24890',98,'2018-08-25 10:27:10'),('S201800312','W201800096','26728',83,'2018-07-31 15:33:50'),('S201800313','W201800013','22151',17,'2018-08-30 07:33:50'),('S201800313','W201800102','1657',100,'2018-07-15 10:43:50'),('S201800313','W201800185','7896',100,'2018-06-30 23:40:30'),('S201800314','W201800058','8145',22,'2018-07-19 11:10:31'),('S201800315','W201800120','15906',24,'2018-07-26 10:50:31'),('S201800315','W201800142','5097',63,'2018-08-22 07:07:11'),('S201800315','W201800164','30780',81,'2018-08-14 11:33:51'),('S201800316','W201800072','31462',61,'2018-08-13 12:43:51'),('S201800316','W201800143','24509',46,'2018-08-05 16:17:11'),('S201800317','W201800038','21975',86,'2018-07-10 20:47:11'),('S201800317','W201800169','21509',57,'2018-07-08 02:53:51'),('S201800318','W201800048','21973',67,'2018-06-22 08:57:11'),('S201800318','W201800067','15592',92,'2018-07-18 11:17:11'),('S201800318','W201800153','24349',86,'2018-06-22 23:50:31'),('S201800318','W201800178','10706',90,'2018-07-07 00:17:11'),('S201800319','W201800085','19434',80,'2018-06-22 00:27:11'),('S201800319','W201800133','19516',60,'2018-08-10 06:27:11'),('S201800319','W201800144','27178',78,'2018-08-10 11:33:51'),('S201800320','W201800008','18061',64,'2018-07-08 16:43:51'),('S201800321','W201800051','29707',28,'2018-09-02 01:13:51'),('S201800321','W201800173','30440',55,'2018-06-27 16:57:11'),('S201800321','W201800198','1094',67,'2018-07-01 03:23:51'),('S201800322','W201800096','28172',77,'2018-06-23 20:20:31'),('S201800322','W201800151','15005',45,'2018-07-06 15:00:31'),('S201800323','W201800019','27715',67,'2018-07-06 10:57:11'),('S201800323','W201800093','19576',50,'2018-06-22 16:37:11'),('S201800323','W201800114','19685',70,'2018-06-21 00:30:31'),('S201800324','W201800010','7080',100,'2018-07-15 12:53:51'),('S201800324','W201800022','27716',85,'2018-07-01 03:23:51'),('S201800324','W201800135','29704',78,'2018-07-12 21:50:31'),('S201800324','W201800188','17927',81,'2018-07-17 23:17:11'),('S201800325','W201800112','3987',92,'2018-06-30 04:27:11'),('S201800325','W201800120','28430',91,'2018-07-31 09:00:31'),('S201800325','W201800190','18064',31,'2018-07-02 00:40:31'),('S201800326','W201800033','10197',91,'2018-07-21 15:17:11'),('S201800326','W201800152','13468',74,'2018-06-21 05:37:11'),('S201800327','W201800010','22247',98,'2018-07-11 05:00:31'),('S201800327','W201800020','19520',91,'2018-06-29 05:27:11'),('S201800327','W201800185','4006',97,'2018-06-20 07:10:31'),('S201800328','W201800094','26419',68,'2018-07-14 09:13:51'),('S201800328','W201800184','24691',72,'2018-08-31 18:57:11'),('S201800328','W201800192','12977',91,'2018-07-04 17:43:51'),('S201800328','W201800194','23636',24,'2018-09-01 00:03:51'),('S201800329','W201800090','3220',43,'2018-08-15 06:50:31'),('S201800330','W201800156','14586',92,'2018-07-04 22:33:51'),('S201800331','W201800021','24268',90,'2018-08-31 01:33:51'),('S201800331','W201800114','25267',43,'2018-06-28 11:00:31'),('S201800332','W201800099','15677',70,'2018-07-24 10:27:11'),('S201800332','W201800149','7093',56,'2018-07-26 12:57:11'),('S201800333','W201800002','18435',59,'2018-06-21 23:20:31'),('S201800333','W201800027','29210',76,'2018-08-18 04:50:31'),('S201800333','W201800137','10246',72,'2018-07-10 09:53:51'),('S201800333','W201800141','14961',70,'2018-07-19 06:33:51'),('S201800334','W201800132','3300',72,'2018-08-28 10:57:11'),('S201800334','W201800156','9642',50,'2018-08-09 08:30:31'),('S201800335','W201800183','21734',94,'2018-07-17 09:37:11'),('S201800336','W201800038','13660',79,'2018-08-11 02:50:31'),('S201800337','W201800017','10274',69,'2018-07-09 03:10:31'),('S201800337','W201800075','25602',74,'2018-08-07 09:23:51'),('S201800338','W201800174','18983',56,'2018-08-09 20:50:31'),('S201800339','W201800034','19374',93,'2018-06-20 04:57:11'),('S201800339','W201800177','13002',100,'2018-06-21 22:50:31'),('S201800340','W201800021','21906',81,'2018-07-02 22:57:11'),('S201800340','W201800162','10302',67,'2018-08-27 07:37:11'),('S201800341','W201800064','18387',99,'2018-07-28 15:13:51'),('S201800341','W201800108','225',68,'2018-07-08 18:13:51'),('S201800341','W201800147','21255',64,'2018-08-21 20:53:51'),('S201800342','W201800009','25266',56,'2018-06-25 05:07:11'),('S201800342','W201800031','1009',81,'2018-08-12 08:07:11'),('S201800343','W201800092','14893',50,'2018-08-25 11:43:51'),('S201800343','W201800132','23529',86,'2018-06-22 20:40:31'),('S201800343','W201800177','5976',52,'2018-07-06 05:03:51'),('S201800344','W201800094','30331',90,'2018-08-12 07:50:31'),('S201800344','W201800143','32189',67,'2018-08-07 03:17:11'),('S201800344','W201800187','2760',54,'2018-06-18 08:17:11'),('S201800345','W201800030','651',56,'2018-08-29 21:43:51'),('S201800345','W201800031','26857',82,'2018-06-24 06:33:51'),('S201800345','W201800149','26000',53,'2018-07-28 06:03:51'),('S201800345','W201800173','13678',45,'2018-06-18 10:30:31'),('S201800346','W201800075','30538',52,'2018-07-18 00:00:31'),('S201800346','W201800087','6488',31,'2018-07-18 21:37:11'),('S201800346','W201800148','21343',94,'2018-08-21 05:47:11'),('S201800347','W201800027','6489',55,'2018-06-29 19:20:31'),('S201800347','W201800033','18652',10,'2018-07-15 14:07:11'),('S201800347','W201800103','30398',40,'2018-08-06 10:33:51'),('S201800348','W201800006','1643',75,'2018-07-16 11:10:31'),('S201800348','W201800009','1108',93,'2018-07-26 20:37:11'),('S201800348','W201800125','19034',86,'2018-07-28 05:23:51'),('S201800348','W201800127','9748',78,'2018-07-05 04:47:11'),('S201800349','W201800105','1088',70,'2018-08-23 17:20:31'),('S201800350','W201800103','30836',89,'2018-08-01 09:50:31'),('S201800351','W201800199','27445',47,'2018-08-10 19:23:51'),('S201800352','W201800112','6140',20,'2018-08-18 16:27:11'),('S201800352','W201800169','14785',68,'2018-08-24 05:17:11'),('S201800353','W201800110','11829',65,'2018-07-16 01:10:31'),('S201800353','W201800132','31295',50,'2018-06-24 09:53:51'),('S201800353','W201800134','14351',67,'2018-08-12 02:50:31'),('S201800354','W201800003','29827',17,'2018-06-20 11:47:11'),('S201800354','W201800008','5127',63,'2018-07-20 12:50:31'),('S201800355','W201800025','19716',88,'2018-08-08 22:20:31'),('S201800355','W201800043','6983',80,'2018-07-05 03:40:31'),('S201800355','W201800124','10084',41,'2018-06-26 07:27:11'),('S201800355','W201800141','813',90,'2018-07-26 01:23:51'),('S201800356','W201800156','24067',84,'2018-06-25 05:30:31'),('S201800356','W201800175','20242',96,'2018-07-14 02:33:51'),('S201800357','W201800094','12019',78,'2018-06-23 12:40:31'),('S201800358','W201800001','11629',97,'2018-07-06 17:00:31'),('S201800358','W201800146','22641',67,'2018-08-25 08:03:51'),('S201800358','W201800150','10018',58,'2018-08-02 09:30:31'),('S201800358','W201800162','7069',100,'2018-07-30 12:10:31'),('S201800359','W201800072','2942',97,'2018-06-20 14:50:31'),('S201800359','W201800076','15276',89,'2018-06-23 20:47:11'),('S201800359','W201800126','21101',81,'2018-08-23 21:13:51'),('S201800360','W201800035','13123',57,'2018-07-23 17:20:31'),('S201800361','W201800012','13781',20,'2018-07-04 04:07:11'),('S201800361','W201800034','29156',40,'2018-07-15 03:43:51'),('S201800361','W201800169','28206',76,'2018-08-30 15:53:51'),('S201800361','W201800177','13659',84,'2018-06-30 17:47:11'),('S201800362','W201800080','29704',77,'2018-09-01 04:33:51'),('S201800362','W201800111','10483',42,'2018-08-09 00:00:31'),('S201800362','W201800130','15330',88,'2018-08-21 15:33:51'),('S201800362','W201800193','3211',96,'2018-07-19 03:30:31'),('S201800363','W201800087','24205',80,'2018-08-09 23:20:31'),('S201800363','W201800186','13156',54,'2018-08-10 23:43:51'),('S201800363','W201800190','6558',81,'2018-07-16 04:23:51'),('S201800364','W201800061','9078',90,'2018-07-06 23:30:31'),('S201800364','W201800116','20900',22,'2018-07-13 12:33:51'),('S201800364','W201800124','904',61,'2018-08-13 13:07:11'),('S201800365','W201800023','15547',81,'2018-07-02 05:13:51'),('S201800365','W201800097','21260',73,'2018-06-25 15:53:51'),('S201800365','W201800116','12336',74,'2018-07-25 16:57:11'),('S201800365','W201800157','7907',31,'2018-08-12 08:40:31'),('S201800366','W201800069','24968',69,'2018-07-07 09:33:51'),('S201800366','W201800123','18094',78,'2018-08-31 14:13:51'),('S201800366','W201800145','13360',81,'2018-08-09 15:23:51'),('S201800367','W201800006','2083',59,'2018-07-19 06:13:51'),('S201800367','W201800036','10467',64,'2018-08-13 15:10:31'),('S201800367','W201800062','23723',48,'2018-08-09 21:33:51'),('S201800367','W201800087','30218',67,'2018-07-15 05:27:11'),('S201800368','W201800108','19986',24,'2018-07-23 03:13:51'),('S201800368','W201800112','30237',60,'2018-08-14 16:10:31'),('S201800369','W201800054','19911',44,'2018-07-24 05:23:51'),('S201800369','W201800091','21930',47,'2018-07-19 15:20:31'),('S201800370','W201800068','20730',14,'2018-08-27 17:20:31'),('S201800370','W201800118','23483',69,'2018-08-06 01:33:51'),('S201800371','W201800020','4727',99,'2018-08-29 09:57:11'),('S201800371','W201800067','22114',99,'2018-07-24 22:50:31'),('S201800371','W201800187','2871',54,'2018-06-24 12:00:31'),('S201800372','W201800013','6354',81,'2018-08-27 18:57:11'),('S201800372','W201800062','3840',17,'2018-07-24 10:10:31'),('S201800372','W201800070','710',72,'2018-08-20 02:30:31'),('S201800373','W201800023','14723',87,'2018-06-20 19:33:51'),('S201800373','W201800041','25809',64,'2018-06-29 09:13:51'),('S201800373','W201800042','2866',86,'2018-08-24 01:57:11'),('S201800373','W201800112','29656',37,'2018-09-02 01:23:51'),('S201800374','W201800005','25360',93,'2018-07-30 18:20:31'),('S201800374','W201800025','6876',91,'2018-07-25 08:43:51'),('S201800374','W201800026','14656',88,'2018-07-11 22:43:51'),('S201800375','W201800047','22789',74,'2018-08-03 11:07:11'),('S201800376','W201800050','591',87,'2018-08-06 18:07:11'),('S201800376','W201800115','15030',52,'2018-07-19 13:23:51'),('S201800376','W201800161','10577',38,'2018-07-24 08:33:51'),('S201800376','W201800179','8061',14,'2018-08-09 01:43:51'),('S201800377','W201800018','15341',75,'2018-06-26 12:53:51'),('S201800377','W201800144','21725',34,'2018-08-15 18:07:11'),('S201800378','W201800141','22290',20,'2018-09-01 07:10:31'),('S201800379','W201800108','23241',50,'2018-08-21 08:37:11'),('S201800379','W201800114','30701',46,'2018-07-28 02:13:51'),('S201800379','W201800117','10607',72,'2018-08-12 23:20:31'),('S201800379','W201800120','23615',17,'2018-07-06 04:37:11'),('S201800380','W201800048','26996',97,'2018-06-26 20:53:51'),('S201800381','W201800083','30604',47,'2018-07-28 00:40:31'),('S201800381','W201800162','11475',88,'2018-08-20 08:37:11'),('S201800381','W201800176','19094',33,'2018-07-13 15:30:31'),('S201800382','W201800013','21434',90,'2018-07-04 17:40:31'),('S201800382','W201800052','5186',74,'2018-08-23 13:50:31'),('S201800382','W201800137','27598',76,'2018-08-06 05:43:51'),('S201800382','W201800198','19268',56,'2018-08-28 06:13:51'),('S201800383','W201800125','25760',94,'2018-08-13 11:17:11'),('S201800384','W201800102','27481',84,'2018-08-03 11:53:51'),('S201800384','W201800136','28044',70,'2018-07-21 08:47:11'),('S201800385','W201800111','13637',86,'2018-07-05 10:13:51'),('S201800385','W201800197','15423',26,'2018-08-06 17:17:11'),('S201800386','W201800025','12937',57,'2018-07-05 12:27:11'),('S201800387','W201800063','29286',64,'2018-07-21 14:03:51'),('S201800387','W201800150','2735',80,'2018-08-23 05:57:11'),('S201800387','W201800166','12137',60,'2018-08-30 12:57:11'),('S201800387','W201800181','11591',88,'2018-08-07 08:23:51'),('S201800388','W201800036','4176',100,'2018-07-04 11:33:51'),('S201800388','W201800094','2702',72,'2018-08-19 12:40:31'),('S201800388','W201800160','13231',60,'2018-08-18 14:53:51'),('S201800389','W201800079','4633',43,'2018-08-30 15:53:51'),('S201800389','W201800113','4729',76,'2018-07-24 11:37:11'),('S201800389','W201800131','27287',64,'2018-06-27 17:40:31'),('S201800390','W201800010','15773',80,'2018-07-14 02:03:51'),('S201800390','W201800024','28929',97,'2018-07-11 16:50:31'),('S201800390','W201800178','6672',57,'2018-06-18 07:37:11'),('S201800391','W201800161','19662',42,'2018-07-29 09:57:11'),('S201800392','W201800128','16055',72,'2018-07-06 04:07:11'),('S201800393','W201800005','27949',44,'2018-08-23 11:40:31'),('S201800393','W201800011','25552',55,'2018-08-20 12:27:11'),('S201800393','W201800127','1718',70,'2018-06-30 19:33:51'),('S201800393','W201800146','19492',67,'2018-08-31 14:23:51'),('S201800394','W201800084','7703',75,'2018-07-02 11:17:11'),('S201800395','W201800033','1014',24,'2018-08-04 09:30:31'),('S201800395','W201800194','20615',36,'2018-07-26 22:23:51'),('S201800396','W201800108','2842',77,'2018-07-13 15:47:11'),('S201800397','W201800065','11165',80,'2018-08-30 11:10:31'),('S201800397','W201800131','5767',91,'2018-06-27 19:33:51'),('S201800397','W201800177','197',88,'2018-08-22 03:47:11'),('S201800397','W201800186','20790',81,'2018-08-08 07:17:11'),('S201800398','W201800111','30485',63,'2018-08-22 22:47:11'),('S201800398','W201800123','16491',87,'2018-06-19 13:47:11'),('S201800399','W201800176','1989',24,'2018-06-30 07:00:31'),('S201800400','W201800017','17324',48,'2018-07-14 08:07:11'),('S201800400','W201800025','1792',94,'2018-07-31 13:30:31'),('S201800400','W201800059','8275',54,'2018-08-30 17:53:51'),('S201800400','W201800088','25468',76,'2018-06-22 10:30:31'),('S201800401','W201800200','13161',100,'2018-07-17 03:23:51'),('S201800402','W201800056','10020',83,'2018-07-01 10:13:51'),('S201800402','W201800059','14714',36,'2018-07-20 03:40:31'),('S201800402','W201800073','12506',63,'2018-08-09 05:47:11'),('S201800403','W201800059','2954',55,'2018-07-13 22:50:32'),('S201800403','W201800078','2211',77,'2018-07-06 17:17:12'),('S201800403','W201800079','24832',88,'2018-07-03 22:43:52'),('S201800403','W201800113','9083',77,'2018-07-10 03:10:32'),('S201800404','W201800033','3428',77,'2018-07-10 20:03:52'),('S201800404','W201800085','19638',61,'2018-08-13 12:07:12'),('S201800404','W201800180','17449',42,'2018-07-25 23:20:32'),('S201800405','W201800125','1535',90,'2018-07-04 16:47:12'),('S201800405','W201800164','6916',14,'2018-08-24 03:23:52'),('S201800406','W201800026','6094',89,'2018-07-10 00:47:12'),('S201800406','W201800135','1499',17,'2018-06-27 07:50:32'),('S201800406','W201800168','22431',84,'2018-06-24 23:13:52'),('S201800406','W201800181','10754',94,'2018-08-30 17:43:52'),('S201800407','W201800081','15357',44,'2018-07-29 15:10:32'),('S201800407','W201800188','11926',90,'2018-08-15 22:00:32'),('S201800408','W201800080','10936',92,'2018-08-27 13:17:12'),('S201800408','W201800153','5997',98,'2018-06-22 10:40:32'),('S201800409','W201800134','7892',44,'2018-08-30 22:50:32'),('S201800409','W201800145','8525',43,'2018-06-29 04:03:52'),('S201800410','W201800093','25152',40,'2018-08-30 04:33:52'),('S201800410','W201800150','27627',80,'2018-08-19 18:13:52'),('S201800410','W201800152','14163',90,'2018-08-29 04:37:12'),('S201800411','W201800182','1397',42,'2018-07-08 06:03:52'),('S201800412','W201800092','10964',64,'2018-07-06 04:23:52'),('S201800412','W201800137','8775',92,'2018-07-16 03:57:12'),('S201800412','W201800194','6833',92,'2018-08-06 09:37:12'),('S201800413','W201800044','20947',14,'2018-08-13 05:40:32'),('S201800413','W201800165','6592',96,'2018-06-26 11:17:12'),('S201800414','W201800040','3387',67,'2018-08-01 16:13:52'),('S201800414','W201800115','280',79,'2018-07-06 09:13:52'),('S201800414','W201800131','12535',87,'2018-07-12 13:10:32'),('S201800415','W201800090','9580',72,'2018-08-19 04:33:52'),('S201800416','W201800064','27939',66,'2018-07-20 21:17:12'),('S201800416','W201800096','1819',69,'2018-07-08 13:33:52'),('S201800416','W201800114','2752',70,'2018-08-13 08:50:32'),('S201800416','W201800175','10239',48,'2018-08-14 15:47:12'),('S201800417','W201800049','19517',50,'2018-08-05 21:17:12'),('S201800417','W201800093','24547',72,'2018-09-01 23:27:12'),('S201800417','W201800146','8381',70,'2018-07-14 00:30:32'),('S201800417','W201800171','18685',36,'2018-06-22 01:23:52'),('S201800418','W201800034','27023',60,'2018-07-17 23:27:12'),('S201800418','W201800096','20517',88,'2018-07-11 21:20:32'),('S201800418','W201800112','23777',47,'2018-08-09 01:40:32'),('S201800418','W201800177','17083',97,'2018-06-22 01:47:12'),('S201800419','W201800107','8365',66,'2018-07-27 11:20:32'),('S201800419','W201800178','904',91,'2018-08-19 01:00:32'),('S201800420','W201800167','14210',99,'2018-07-08 00:57:12'),('S201800421','W201800008','25371',47,'2018-07-16 13:20:32'),('S201800421','W201800092','2078',41,'2018-06-22 09:20:32'),('S201800421','W201800097','2768',76,'2018-08-29 14:23:52'),('S201800421','W201800200','4825',63,'2018-08-12 21:00:32'),('S201800422','W201800115','5110',96,'2018-07-24 23:00:32'),('S201800422','W201800124','3175',68,'2018-07-29 04:00:32'),('S201800422','W201800127','14666',98,'2018-08-29 14:47:12'),('S201800422','W201800155','14153',40,'2018-08-03 12:53:52'),('S201800423','W201800152','21389',86,'2018-08-29 23:30:32'),('S201800424','W201800056','28833',74,'2018-08-07 18:07:12'),('S201800424','W201800175','15381',30,'2018-08-25 22:50:32'),('S201800424','W201800198','17878',78,'2018-08-05 07:23:52'),('S201800425','W201800031','22104',93,'2018-08-26 16:30:32'),('S201800425','W201800193','9451',55,'2018-08-05 08:37:12'),('S201800426','W201800132','6085',37,'2018-08-16 15:37:12'),('S201800426','W201800151','28739',70,'2018-06-28 03:03:52'),('S201800427','W201800046','13728',76,'2018-07-02 01:53:52'),('S201800427','W201800190','19863',79,'2018-07-30 01:37:12'),('S201800427','W201800200','30492',37,'2018-07-21 00:40:32'),('S201800428','W201800151','30694',64,'2018-06-21 10:33:52'),('S201800429','W201800010','6891',90,'2018-06-22 12:30:32'),('S201800429','W201800113','14427',97,'2018-08-01 23:27:12'),('S201800430','W201800076','4245',58,'2018-07-24 00:30:32'),('S201800430','W201800120','3473',81,'2018-08-01 12:33:52'),('S201800430','W201800177','9752',37,'2018-08-15 07:27:12'),('S201800430','W201800184','15348',36,'2018-07-20 07:23:52'),('S201800431','W201800106','22687',100,'2018-08-31 23:17:12'),('S201800432','W201800033','29996',60,'2018-08-29 16:30:32'),('S201800432','W201800194','28273',66,'2018-06-30 17:10:32'),('S201800433','W201800075','32495',62,'2018-07-18 00:07:12'),('S201800433','W201800112','11481',73,'2018-08-07 11:17:12'),('S201800433','W201800139','9784',60,'2018-08-17 01:10:32'),('S201800433','W201800147','20029',37,'2018-07-23 09:43:52'),('S201800434','W201800053','32045',70,'2018-06-27 07:40:32'),('S201800435','W201800044','25342',80,'2018-07-25 03:50:32'),('S201800435','W201800164','9310',56,'2018-07-27 02:23:52'),('S201800436','W201800078','20623',89,'2018-07-31 00:47:12'),('S201800437','W201800086','14444',62,'2018-06-28 14:27:12'),('S201800437','W201800124','26323',97,'2018-07-29 12:37:12'),('S201800438','W201800031','7813',98,'2018-07-30 20:23:52'),('S201800438','W201800097','25280',68,'2018-08-31 11:50:32'),('S201800438','W201800145','31714',63,'2018-08-12 19:00:32'),('S201800438','W201800171','27154',89,'2018-08-17 15:30:32'),('S201800439','W201800024','5628',44,'2018-07-08 01:27:12'),('S201800439','W201800045','30979',28,'2018-08-11 05:13:52'),('S201800439','W201800063','2099',42,'2018-07-24 06:47:12'),('S201800439','W201800081','25243',64,'2018-06-30 12:53:52'),('S201800440','W201800116','9976',88,'2018-07-04 17:20:32'),('S201800440','W201800142','29738',50,'2018-08-16 01:40:32'),('S201800440','W201800159','30721',24,'2018-07-14 16:03:52'),('S201800441','W201800013','13755',84,'2018-08-07 00:00:32'),('S201800442','W201800043','23488',51,'2018-08-30 11:10:32'),('S201800442','W201800070','30829',92,'2018-06-29 08:53:52'),('S201800443','W201800021','18541',58,'2018-08-12 09:20:32'),('S201800443','W201800122','22474',24,'2018-08-23 11:17:12'),('S201800444','W201800045','20982',95,'2018-07-23 08:33:52'),('S201800444','W201800105','1680',92,'2018-07-25 05:53:52'),('S201800444','W201800164','32113',97,'2018-08-31 01:50:32'),('S201800445','W201800134','248',31,'2018-06-25 11:13:52'),('S201800445','W201800170','18452',84,'2018-07-12 12:30:32'),('S201800446','W201800197','5752',40,'2018-08-28 22:23:52'),('S201800447','W201800050','7694',62,'2018-06-18 16:37:12'),('S201800447','W201800113','10574',50,'2018-06-19 08:40:32'),('S201800448','W201800057','24798',69,'2018-08-30 22:50:32'),('S201800449','W201800004','26503',58,'2018-08-20 03:17:12'),('S201800449','W201800014','12263',44,'2018-08-23 04:33:52'),('S201800449','W201800098','3637',93,'2018-07-29 08:27:12'),('S201800449','W201800139','6707',80,'2018-08-10 15:43:52'),('S201800450','W201800051','29041',80,'2018-07-27 06:03:52'),('S201800451','W201800023','6370',84,'2018-08-09 23:07:12'),('S201800451','W201800114','29689',79,'2018-08-19 23:53:52'),('S201800452','W201800082','16930',94,'2018-07-07 06:40:32'),('S201800452','W201800135','28660',61,'2018-07-22 10:33:52'),('S201800453','W201800048','11462',28,'2018-06-25 14:27:12'),('S201800453','W201800166','22739',83,'2018-08-19 20:10:32'),('S201800454','W201800047','6118',66,'2018-08-29 16:30:32'),('S201800454','W201800052','13130',22,'2018-07-12 02:33:52'),('S201800454','W201800105','15699',86,'2018-08-13 17:03:52'),('S201800454','W201800125','41',64,'2018-08-27 07:17:12'),('S201800455','W201800078','9265',52,'2018-06-20 17:10:32'),('S201800456','W201800002','17859',89,'2018-08-13 09:50:32'),('S201800457','W201800129','3098',84,'2018-08-21 21:57:12'),('S201800458','W201800093','20165',88,'2018-07-05 19:43:52'),('S201800458','W201800166','13825',45,'2018-08-24 19:23:52'),('S201800459','W201800042','31758',58,'2018-08-13 00:03:52'),('S201800459','W201800085','2758',92,'2018-07-31 10:03:52'),('S201800460','W201800001','1763',81,'2018-07-18 05:50:32'),('S201800460','W201800034','7417',47,'2018-06-28 00:57:12'),('S201800460','W201800086','21776',22,'2018-06-27 12:50:32'),('S201800461','W201800153','3189',65,'2018-08-12 00:53:52'),('S201800461','W201800188','16373',40,'2018-07-15 02:03:52'),('S201800462','W201800014','19226',67,'2018-06-26 01:27:12'),('S201800462','W201800084','18264',69,'2018-08-23 22:13:52'),('S201800462','W201800119','20550',97,'2018-07-08 11:57:12'),('S201800463','W201800049','20261',75,'2018-06-18 19:37:12'),('S201800463','W201800078','2136',69,'2018-07-27 23:17:12'),('S201800464','W201800035','26277',87,'2018-07-31 13:03:52'),('S201800464','W201800109','3538',75,'2018-07-30 08:10:32'),('S201800464','W201800140','15994',33,'2018-06-29 04:03:52'),('S201800464','W201800192','8177',70,'2018-08-28 07:20:32'),('S201800465','W201800029','21546',70,'2018-07-03 12:17:12'),('S201800465','W201800064','10743',84,'2018-07-13 17:57:12'),('S201800465','W201800188','14747',56,'2018-07-26 03:57:12'),('S201800465','W201800194','31408',72,'2018-07-24 02:57:12'),('S201800466','W201800038','27672',83,'2018-07-25 18:37:12'),('S201800466','W201800051','6442',72,'2018-07-16 13:20:32'),('S201800466','W201800115','14573',67,'2018-07-20 23:10:32'),('S201800467','W201800107','17474',14,'2018-07-25 20:20:32'),('S201800468','W201800081','19194',85,'2018-07-22 05:30:32'),('S201800468','W201800151','6095',78,'2018-07-17 17:47:12'),('S201800469','W201800181','30528',83,'2018-08-09 14:30:32'),('S201800469','W201800191','30151',92,'2018-07-06 23:20:32'),('S201800470','W201800051','19422',71,'2018-07-23 08:13:52'),('S201800470','W201800055','20789',20,'2018-07-01 21:13:52'),('S201800470','W201800082','16015',88,'2018-08-20 22:50:32'),('S201800470','W201800102','1640',38,'2018-08-26 17:30:32'),('S201800471','W201800021','20113',17,'2018-06-24 07:13:52'),('S201800471','W201800113','3090',63,'2018-07-12 00:07:12'),('S201800471','W201800185','9234',28,'2018-08-23 20:43:52'),('S201800472','W201800044','17859',62,'2018-07-11 00:27:12'),('S201800472','W201800054','7366',67,'2018-08-18 23:20:32'),('S201800472','W201800177','27741',36,'2018-06-27 20:43:52'),('S201800473','W201800121','21546',40,'2018-08-31 18:40:32'),('S201800474','W201800144','23238',72,'2018-07-16 04:33:52'),('S201800475','W201800024','18076',83,'2018-07-12 21:00:32'),('S201800475','W201800150','27611',17,'2018-07-15 13:30:32'),('S201800475','W201800153','8722',63,'2018-08-26 05:30:32'),('S201800476','W201800052','25088',76,'2018-07-24 11:20:32'),('S201800476','W201800149','17004',55,'2018-08-30 01:30:32'),('S201800477','W201800041','27049',95,'2018-07-01 20:20:32'),('S201800477','W201800052','23865',85,'2018-07-01 16:40:32'),('S201800477','W201800136','2622',95,'2018-06-29 00:10:32'),('S201800477','W201800143','24919',88,'2018-08-24 06:03:52'),('S201800478','W201800190','15035',64,'2018-07-08 00:50:32'),('S201800478','W201800191','10379',17,'2018-08-02 12:17:12'),('S201800479','W201800003','712',91,'2018-07-29 09:17:12'),('S201800479','W201800029','12754',57,'2018-06-23 20:13:52'),('S201800479','W201800065','24024',59,'2018-08-23 15:33:52'),('S201800480','W201800057','1467',41,'2018-08-18 03:27:12'),('S201800480','W201800071','31169',95,'2018-06-25 14:27:12'),('S201800480','W201800108','8304',33,'2018-08-01 10:47:12'),('S201800480','W201800170','11007',71,'2018-07-09 03:53:52'),('S201800481','W201800069','28182',74,'2018-08-11 03:20:32'),('S201800481','W201800087','642',10,'2018-06-24 08:57:12'),('S201800482','W201800028','4443',53,'2018-07-30 15:30:32'),('S201800482','W201800069','22175',90,'2018-07-16 23:13:52'),('S201800482','W201800187','27539',60,'2018-07-16 07:53:52'),('S201800483','W201800114','11191',78,'2018-07-31 21:53:52'),('S201800484','W201800132','25007',60,'2018-08-22 23:30:32'),('S201800485','W201800117','15884',86,'2018-07-11 14:27:12'),('S201800485','W201800167','13799',62,'2018-08-28 05:57:12'),('S201800485','W201800195','20008',22,'2018-07-04 07:53:52'),('S201800486','W201800107','23047',78,'2018-06-21 10:30:32'),('S201800486','W201800131','5577',70,'2018-06-28 16:43:52'),('S201800486','W201800160','22219',73,'2018-07-12 19:33:52'),('S201800486','W201800175','22593',88,'2018-07-16 17:47:12'),('S201800487','W201800072','32580',28,'2018-08-23 06:33:52'),('S201800487','W201800158','13671',65,'2018-07-20 08:33:52'),('S201800487','W201800166','27126',88,'2018-08-13 04:50:32'),('S201800487','W201800196','15831',58,'2018-07-16 13:43:52'),('S201800488','W201800046','16516',56,'2018-08-14 14:23:52'),('S201800488','W201800133','3819',98,'2018-07-26 16:23:52'),('S201800489','W201800065','9961',92,'2018-08-07 17:00:32'),('S201800490','W201800021','25417',67,'2018-08-06 11:10:32'),('S201800490','W201800063','26658',100,'2018-06-27 23:23:52'),('S201800490','W201800143','1810',60,'2018-07-05 17:23:52'),('S201800491','W201800107','15811',47,'2018-07-14 02:37:12'),('S201800491','W201800109','424',77,'2018-08-04 10:30:32'),('S201800491','W201800162','28144',84,'2018-06-26 21:27:12'),('S201800492','W201800022','29480',91,'2018-08-29 15:07:12'),('S201800492','W201800098','30511',82,'2018-06-26 13:50:32'),('S201800492','W201800167','389',40,'2018-08-17 11:00:32'),('S201800493','W201800187','13479',68,'2018-07-07 09:33:53'),('S201800494','W201800042','12817',42,'2018-07-13 15:33:53'),('S201800495','W201800110','26495',87,'2018-07-22 03:23:53'),('S201800496','W201800162','26436',63,'2018-08-11 23:03:53'),('S201800496','W201800183','15596',91,'2018-07-19 01:17:13'),('S201800497','W201800050','13400',53,'2018-07-12 23:17:13'),('S201800497','W201800072','21999',76,'2018-07-17 18:00:33'),('S201800497','W201800123','16204',55,'2018-07-27 14:53:53'),('S201800497','W201800166','11756',44,'2018-08-01 15:53:53'),('S201800498','W201800103','31128',76,'2018-08-27 23:57:13'),('S201800498','W201800166','25578',48,'2018-07-21 02:53:53'),('S201800498','W201800186','32260',41,'2018-08-27 10:13:53'),('S201800499','W201800079','28267',77,'2018-06-24 23:23:53'),('S201800499','W201800135','12061',72,'2018-08-15 21:40:33'),('S201800499','W201800166','24230',88,'2018-08-22 03:40:33'),('S201800500','W201800071','14883',86,'2018-06-23 19:07:13'),('S201800501','W201800011','5569',53,'2018-06-25 16:07:13'),('S201800501','W201800195','3332',81,'2018-08-14 11:50:33'),('S201800502','W201800086','16216',54,'2018-08-22 12:40:33'),('S201800502','W201800105','15999',67,'2018-08-12 09:30:33'),('S201800502','W201800112','1801',83,'2018-07-12 16:23:53'),('S201800502','W201800128','32136',53,'2018-07-08 20:27:13'),('S201800503','W201800041','31574',96,'2018-07-28 21:33:53'),('S201800503','W201800122','1060',60,'2018-07-14 04:50:33'),('S201800503','W201800136','27644',92,'2018-08-20 06:33:53'),('S201800503','W201800154','16550',47,'2018-06-19 04:20:33'),('S201800504','W201800003','29756',61,'2018-06-28 06:57:13'),('S201800504','W201800100','13375',93,'2018-08-01 15:33:53'),('S201800505','W201800022','28558',97,'2018-07-12 08:13:53'),('S201800506','W201800070','16330',86,'2018-08-22 12:17:13'),('S201800506','W201800096','12661',96,'2018-07-05 06:57:13'),('S201800507','W201800027','15187',38,'2018-06-22 12:53:53'),('S201800508','W201800055','25588',56,'2018-08-06 10:33:53'),('S201800508','W201800117','21264',94,'2018-08-02 10:30:33'),('S201800508','W201800132','22421',88,'2018-08-02 01:57:13'),('S201800508','W201800143','29411',72,'2018-07-23 09:00:33'),('S201800509','W201800028','14363',72,'2018-08-30 12:17:13'),('S201800509','W201800067','11648',92,'2018-07-17 06:47:13'),('S201800509','W201800155','10177',64,'2018-08-28 03:03:53'),('S201800509','W201800192','29364',86,'2018-06-27 18:00:33'),('S201800510','W201800108','1839',59,'2018-08-06 05:20:33'),('S201800511','W201800123','2042',53,'2018-08-15 08:03:53'),('S201800512','W201800030','3681',17,'2018-07-14 06:43:53'),('S201800512','W201800076','20352',84,'2018-07-12 19:50:33'),('S201800513','W201800097','25059',22,'2018-07-27 12:13:53'),('S201800513','W201800115','16557',53,'2018-07-30 18:10:33'),('S201800514','W201800136','23769',88,'2018-07-28 01:50:33'),('S201800514','W201800143','12538',48,'2018-07-31 01:30:33'),('S201800515','W201800022','23571',70,'2018-06-30 15:27:13'),('S201800515','W201800050','25938',94,'2018-08-17 07:47:13'),('S201800515','W201800091','32370',86,'2018-08-26 20:57:13'),('S201800515','W201800111','24081',81,'2018-06-30 11:03:53'),('S201800516','W201800023','12458',17,'2018-06-20 20:20:33'),('S201800516','W201800139','30927',58,'2018-08-22 04:53:53'),('S201800517','W201800095','31823',40,'2018-07-03 07:10:33'),('S201800517','W201800179','6786',87,'2018-07-14 11:27:13'),('S201800518','W201800097','5906',47,'2018-08-28 14:37:13'),('S201800518','W201800141','14369',72,'2018-07-09 21:40:33'),('S201800518','W201800154','8060',76,'2018-08-14 20:27:13'),('S201800518','W201800198','19798',53,'2018-07-07 02:40:33'),('S201800519','W201800039','16125',60,'2018-07-29 21:37:13'),('S201800519','W201800123','9209',76,'2018-08-11 22:17:13'),('S201800519','W201800149','18861',14,'2018-06-27 05:13:53'),('S201800520','W201800096','11230',17,'2018-07-08 14:50:33'),('S201800521','W201800053','3750',92,'2018-06-26 22:20:33'),('S201800521','W201800101','29591',55,'2018-09-01 18:10:33'),('S201800521','W201800144','32654',10,'2018-07-27 12:23:53'),('S201800522','W201800028','3177',38,'2018-08-31 16:13:53'),('S201800522','W201800035','16705',96,'2018-08-20 22:50:33'),('S201800522','W201800059','25892',88,'2018-06-22 21:53:53'),('S201800523','W201800094','30355',55,'2018-06-21 02:40:33'),('S201800523','W201800172','8370',87,'2018-06-27 20:40:33'),('S201800523','W201800179','10089',92,'2018-08-05 14:53:53'),('S201800524','W201800157','16512',30,'2018-07-10 18:17:13'),('S201800524','W201800193','5880',97,'2018-07-18 15:27:13'),('S201800524','W201800199','14371',84,'2018-08-31 14:53:53'),('S201800525','W201800061','31633',50,'2018-06-30 07:33:53'),('S201800525','W201800098','26854',70,'2018-07-01 07:20:33'),('S201800525','W201800136','11471',59,'2018-08-13 19:07:13'),('S201800525','W201800146','20719',69,'2018-08-10 16:23:53'),('S201800526','W201800034','14688',52,'2018-07-24 05:30:33'),('S201800526','W201800058','19230',87,'2018-08-28 03:20:33'),('S201800526','W201800070','24348',54,'2018-07-01 16:17:13'),('S201800526','W201800127','3107',84,'2018-07-12 05:40:33'),('S201800527','W201800062','9305',53,'2018-08-24 09:27:13'),('S201800527','W201800172','7867',83,'2018-08-04 15:53:53'),('S201800527','W201800187','13719',96,'2018-07-22 05:53:53'),('S201800527','W201800198','8454',52,'2018-06-27 01:37:13'),('S201800528','W201800073','17091',56,'2018-07-31 19:50:33'),('S201800528','W201800176','2044',38,'2018-06-28 14:43:53'),('S201800529','W201800159','15613',88,'2018-07-08 01:53:53'),('S201800529','W201800160','32603',42,'2018-07-19 17:03:53'),('S201800530','W201800053','1493',81,'2018-08-07 13:57:13'),('S201800530','W201800116','737',44,'2018-08-26 05:10:33'),('S201800530','W201800151','3860',42,'2018-08-25 08:27:13'),('S201800530','W201800169','8895',33,'2018-06-26 09:23:53'),('S201800531','W201800030','12830',51,'2018-08-22 06:20:33'),('S201800531','W201800181','22909',14,'2018-08-21 17:27:13'),('S201800532','W201800027','8310',86,'2018-07-29 13:13:53'),('S201800532','W201800143','31786',86,'2018-07-25 21:03:53'),('S201800533','W201800095','16889',41,'2018-08-12 03:47:13'),('S201800533','W201800135','2123',41,'2018-08-10 03:37:13'),('S201800534','W201800050','16405',95,'2018-07-29 01:10:33'),('S201800534','W201800063','6129',95,'2018-06-19 00:27:13'),('S201800534','W201800130','25507',72,'2018-08-14 09:40:33'),('S201800534','W201800176','7931',83,'2018-08-16 09:50:33'),('S201800535','W201800035','10282',71,'2018-07-01 10:50:33'),('S201800535','W201800090','31158',67,'2018-07-14 00:50:33'),('S201800536','W201800048','27634',71,'2018-06-28 02:27:13'),('S201800537','W201800014','25334',99,'2018-07-10 08:53:53'),('S201800537','W201800083','11217',17,'2018-07-05 20:27:13'),('S201800538','W201800033','19880',52,'2018-08-19 02:30:33'),('S201800538','W201800051','12338',50,'2018-08-12 11:50:33'),('S201800538','W201800065','29091',31,'2018-07-02 02:33:53'),('S201800539','W201800028','20806',22,'2018-08-27 20:10:33'),('S201800540','W201800023','30524',93,'2018-08-20 09:13:53'),('S201800540','W201800111','2468',70,'2018-06-28 16:47:13'),('S201800540','W201800193','28167',81,'2018-08-27 05:10:33'),('S201800540','W201800196','6771',99,'2018-06-27 05:20:33'),('S201800541','W201800053','22008',38,'2018-06-20 06:50:33'),('S201800541','W201800063','13492',94,'2018-07-14 16:07:13'),('S201800541','W201800086','20940',94,'2018-08-07 09:50:33'),('S201800542','W201800132','12498',59,'2018-09-01 03:03:53'),('S201800542','W201800155','27578',54,'2018-08-09 11:03:53'),('S201800543','W201800029','31353',47,'2018-07-03 02:27:13'),('S201800543','W201800188','8641',60,'2018-07-01 19:30:33'),('S201800544','W201800153','24358',83,'2018-07-26 09:40:33'),('S201800545','W201800074','23921',87,'2018-09-01 20:47:13'),('S201800545','W201800081','24161',67,'2018-06-22 05:47:13'),('S201800546','W201800068','19744',17,'2018-08-15 06:50:33'),('S201800547','W201800035','13466',90,'2018-07-18 05:07:13'),('S201800548','W201800108','10568',57,'2018-07-23 08:20:33'),('S201800548','W201800147','5724',52,'2018-08-23 23:47:13'),('S201800548','W201800150','7799',94,'2018-08-02 10:13:53'),('S201800549','W201800114','23051',75,'2018-06-27 10:00:33'),('S201800550','W201800103','31495',28,'2018-06-23 10:17:13'),('S201800551','W201800005','7036',68,'2018-06-26 23:23:53'),('S201800551','W201800102','3764',20,'2018-07-23 22:00:33'),('S201800551','W201800141','26243',67,'2018-07-09 22:00:33'),('S201800551','W201800176','15612',88,'2018-07-20 10:50:33'),('S201800552','W201800053','29091',37,'2018-08-23 17:20:33'),('S201800552','W201800065','24599',97,'2018-07-16 21:17:13'),('S201800552','W201800105','12861',68,'2018-08-26 21:33:53'),('S201800552','W201800133','1412',67,'2018-07-11 08:57:13'),('S201800553','W201800118','8283',50,'2018-06-28 03:27:13'),('S201800553','W201800180','29478',72,'2018-07-13 12:53:53'),('S201800554','W201800030','13702',98,'2018-08-31 12:57:13'),('S201800554','W201800041','16539',54,'2018-08-17 01:33:53'),('S201800555','W201800006','13362',95,'2018-07-17 23:50:33'),('S201800555','W201800060','5254',70,'2018-06-24 19:17:13'),('S201800555','W201800126','22662',90,'2018-07-10 17:00:33'),('S201800555','W201800176','19818',86,'2018-06-20 21:00:33'),('S201800556','W201800066','9467',97,'2018-07-12 23:40:33'),('S201800556','W201800085','7819',41,'2018-08-17 14:17:13'),('S201800556','W201800119','6838',93,'2018-07-18 11:47:13'),('S201800556','W201800172','28741',31,'2018-07-08 14:27:13'),('S201800557','W201800045','17545',74,'2018-08-29 20:53:53'),('S201800558','W201800025','26437',80,'2018-08-12 04:40:33'),('S201800558','W201800084','3019',82,'2018-09-01 13:23:53'),('S201800559','W201800193','15183',83,'2018-06-20 01:30:33'),('S201800560','W201800018','15790',50,'2018-08-27 19:17:13'),('S201800561','W201800070','25806',73,'2018-08-04 13:50:33'),('S201800561','W201800076','3079',87,'2018-07-24 00:57:13'),('S201800561','W201800173','26103',92,'2018-07-07 02:00:33'),('S201800562','W201800007','13745',40,'2018-06-25 08:50:33'),('S201800562','W201800039','8425',91,'2018-07-02 17:10:33'),('S201800562','W201800086','23341',62,'2018-08-12 14:10:33'),('S201800562','W201800196','3663',61,'2018-06-25 18:37:13'),('S201800563','W201800041','12881',72,'2018-07-07 12:43:53'),('S201800563','W201800182','21283',24,'2018-07-14 12:43:53'),('S201800564','W201800009','11230',77,'2018-08-19 07:20:33'),('S201800564','W201800104','4542',36,'2018-07-18 10:13:53'),('S201800564','W201800132','28574',67,'2018-08-09 19:57:13'),('S201800564','W201800160','29714',71,'2018-07-23 02:27:13'),('S201800565','W201800063','14939',48,'2018-07-11 04:47:13'),('S201800565','W201800093','6777',28,'2018-08-02 11:47:13'),('S201800565','W201800159','8137',94,'2018-08-26 08:47:13'),('S201800565','W201800199','11226',30,'2018-08-11 23:20:33'),('S201800566','W201800188','9700',92,'2018-08-05 04:43:53'),('S201800567','W201800014','12135',60,'2018-07-19 07:03:53'),('S201800567','W201800033','14816',42,'2018-07-08 16:47:13'),('S201800567','W201800039','32058',94,'2018-07-16 12:20:33'),('S201800567','W201800111','10985',72,'2018-06-25 22:23:53'),('S201800568','W201800065','4285',81,'2018-08-24 00:57:13'),('S201800569','W201800083','8526',50,'2018-08-24 15:23:53'),('S201800569','W201800128','28483',48,'2018-08-24 21:43:53'),('S201800570','W201800063','8796',14,'2018-08-04 21:30:33'),('S201800570','W201800088','18526',92,'2018-07-05 20:00:33'),('S201800570','W201800099','16126',45,'2018-07-30 21:13:53'),('S201800570','W201800169','28895',51,'2018-08-27 23:43:53'),('S201800571','W201800029','16341',89,'2018-09-01 17:40:33'),('S201800572','W201800008','21725',84,'2018-08-27 22:30:33'),('S201800572','W201800069','24937',90,'2018-07-26 19:03:53'),('S201800572','W201800192','7878',68,'2018-07-07 19:57:13'),('S201800573','W201800033','22353',96,'2018-08-20 23:20:33'),('S201800573','W201800082','25104',80,'2018-08-09 10:27:13'),('S201800573','W201800106','14442',83,'2018-07-24 17:33:53'),('S201800573','W201800179','19824',84,'2018-07-22 01:03:53'),('S201800574','W201800120','3764',38,'2018-06-29 02:40:33'),('S201800574','W201800144','21949',67,'2018-08-16 04:33:53'),('S201800574','W201800160','4830',97,'2018-09-01 23:33:53'),('S201800575','W201800141','27316',88,'2018-07-05 14:13:53'),('S201800575','W201800180','17390',50,'2018-08-10 20:00:33'),('S201800575','W201800187','22414',96,'2018-08-13 02:10:33'),('S201800576','W201800033','1796',43,'2018-07-09 20:50:33'),('S201800576','W201800063','20671',41,'2018-06-19 08:27:13'),('S201800577','W201800029','2812',50,'2018-07-30 00:53:53'),('S201800577','W201800078','5315',22,'2018-08-29 02:00:33'),('S201800578','W201800093','27741',71,'2018-08-30 23:43:53'),('S201800578','W201800108','23408',95,'2018-08-30 17:13:53'),('S201800578','W201800128','22173',42,'2018-06-23 13:30:33'),('S201800579','W201800017','27682',97,'2018-08-31 01:27:13'),('S201800579','W201800050','32092',45,'2018-06-23 21:03:53'),('S201800579','W201800198','14773',87,'2018-06-20 19:03:53'),('S201800580','W201800083','1103',40,'2018-08-09 19:57:13'),('S201800580','W201800097','14917',34,'2018-07-20 02:57:13'),('S201800581','W201800087','13946',31,'2018-07-12 03:40:34'),('S201800581','W201800129','6202',97,'2018-07-26 08:40:33'),('S201800581','W201800190','31201',38,'2018-07-02 10:53:53'),('S201800582','W201800049','22158',58,'2018-08-27 08:57:14'),('S201800582','W201800151','4364',26,'2018-08-14 15:53:54'),('S201800583','W201800075','19559',50,'2018-07-10 18:37:14'),('S201800583','W201800154','27990',99,'2018-06-22 19:00:34'),('S201800583','W201800184','13336',81,'2018-07-11 16:03:54'),('S201800584','W201800032','5517',53,'2018-07-21 12:33:54'),('S201800584','W201800051','4939',77,'2018-07-20 21:37:14'),('S201800584','W201800070','6454',72,'2018-06-18 13:00:34'),('S201800584','W201800199','1237',64,'2018-06-30 15:37:14'),('S201800585','W201800024','4715',62,'2018-07-26 04:33:54'),('S201800585','W201800036','14285',74,'2018-07-24 20:47:14'),('S201800585','W201800173','5034',60,'2018-09-01 15:23:54'),('S201800586','W201800063','28784',96,'2018-07-07 05:03:54'),('S201800586','W201800181','10870',41,'2018-08-27 15:13:54'),('S201800587','W201800091','24410',89,'2018-08-08 00:07:14'),('S201800588','W201800105','26027',45,'2018-08-11 22:13:54'),('S201800589','W201800044','29754',14,'2018-07-07 16:20:34'),('S201800590','W201800074','15560',98,'2018-07-31 09:07:14'),('S201800590','W201800079','32386',31,'2018-07-04 21:27:14'),('S201800591','W201800029','29251',48,'2018-07-06 00:17:14'),('S201800592','W201800077','23695',91,'2018-08-02 04:07:14'),('S201800592','W201800141','28321',87,'2018-06-19 18:40:34'),('S201800593','W201800198','9421',20,'2018-08-06 10:23:54'),('S201800594','W201800029','32042',79,'2018-07-20 00:47:14'),('S201800594','W201800058','6503',87,'2018-06-29 13:00:34'),('S201800594','W201800169','5699',46,'2018-07-25 13:27:14'),('S201800595','W201800085','14438',65,'2018-07-05 21:03:54'),('S201800595','W201800142','29980',97,'2018-07-22 20:37:14'),('S201800595','W201800178','31461',76,'2018-08-09 08:37:14'),('S201800596','W201800009','27216',94,'2018-07-31 10:13:54'),('S201800596','W201800030','31639',93,'2018-07-11 13:13:54'),('S201800596','W201800130','4460',81,'2018-08-03 22:27:14'),('S201800596','W201800190','31252',97,'2018-07-24 14:10:34'),('S201800597','W201800070','22272',83,'2018-07-30 06:40:34'),('S201800597','W201800094','28931',46,'2018-06-27 07:10:34'),('S201800597','W201800118','7302',92,'2018-06-25 20:13:54'),('S201800598','W201800035','403',22,'2018-07-09 11:20:34'),('S201800598','W201800085','15722',81,'2018-07-15 22:03:54'),('S201800598','W201800090','9162',93,'2018-07-11 07:43:54'),('S201800599','W201800076','9208',100,'2018-07-26 03:23:54'),('S201800599','W201800109','10833',66,'2018-08-04 03:20:34'),('S201800599','W201800141','15940',91,'2018-08-01 03:37:14'),('S201800599','W201800195','1496',99,'2018-07-18 09:27:14'),('S201800600','W201800001','31744',98,'2018-07-04 02:50:34'),('S201800600','W201800048','29419',10,'2018-07-10 09:37:14'),('S201800600','W201800058','4093',41,'2018-07-06 16:43:54'),('S201800600','W201800127','17034',86,'2018-08-22 03:00:34'),('S201800601','W201800067','4753',99,'2018-07-04 22:53:54'),('S201800601','W201800118','18246',72,'2018-06-27 07:20:34'),('S201800601','W201800138','5678',61,'2018-06-26 17:37:14'),('S201800602','W201800006','8399',98,'2018-08-26 07:27:14'),('S201800602','W201800192','25010',50,'2018-06-30 05:00:34'),('S201800603','W201800083','31373',69,'2018-07-01 20:40:34'),('S201800603','W201800164','10723',54,'2018-08-08 18:27:14'),('S201800604','W201800002','13844',69,'2018-06-19 19:20:34'),('S201800604','W201800093','23915',66,'2018-08-27 22:03:54'),('S201800604','W201800115','13460',84,'2018-06-27 05:03:54'),('S201800604','W201800175','27361',67,'2018-07-01 04:13:54'),('S201800605','W201800117','18536',90,'2018-08-24 22:30:34'),('S201800605','W201800174','9641',66,'2018-07-05 22:50:34'),('S201800605','W201800195','22146',97,'2018-07-07 06:57:14'),('S201800606','W201800148','3311',60,'2018-08-15 18:30:34'),('S201800606','W201800196','17547',46,'2018-07-04 08:47:14'),('S201800607','W201800012','14100',76,'2018-06-30 12:37:14'),('S201800607','W201800024','13521',45,'2018-08-05 12:57:14'),('S201800607','W201800031','11699',26,'2018-08-13 17:37:14'),('S201800607','W201800106','8855',47,'2018-07-16 08:33:54'),('S201800608','W201800075','25159',98,'2018-08-19 08:27:14'),('S201800608','W201800105','9064',75,'2018-06-27 10:17:14'),('S201800609','W201800170','23065',81,'2018-07-26 00:33:54'),('S201800610','W201800086','3578',80,'2018-06-19 11:13:54'),('S201800610','W201800092','22601',50,'2018-07-30 16:07:14'),('S201800611','W201800009','16647',31,'2018-08-25 08:30:34'),('S201800611','W201800108','13463',42,'2018-08-16 01:00:34'),('S201800611','W201800133','30669',45,'2018-07-23 02:40:34'),('S201800611','W201800179','19225',31,'2018-07-15 11:53:54'),('S201800612','W201800081','562',85,'2018-07-17 03:33:54'),('S201800612','W201800135','24274',60,'2018-07-09 03:47:14'),('S201800612','W201800160','87',79,'2018-07-13 14:03:54'),('S201800613','W201800059','13567',77,'2018-07-29 23:40:34'),('S201800613','W201800172','4206',97,'2018-06-27 01:43:54'),('S201800613','W201800177','6771',61,'2018-07-27 00:00:34'),('S201800613','W201800191','26819',78,'2018-08-03 12:33:54'),('S201800614','W201800176','3245',24,'2018-07-12 20:53:54'),('S201800615','W201800015','13649',40,'2018-08-30 14:30:34'),('S201800615','W201800035','25769',36,'2018-08-25 18:10:34'),('S201800615','W201800125','30931',44,'2018-06-26 15:13:54'),('S201800615','W201800193','698',89,'2018-07-06 19:20:34'),('S201800616','W201800182','31547',87,'2018-08-11 18:10:34'),('S201800617','W201800016','13317',95,'2018-07-16 08:13:54'),('S201800617','W201800032','12587',81,'2018-08-05 20:33:54'),('S201800617','W201800171','17318',52,'2018-07-29 20:07:14'),('S201800618','W201800040','7688',75,'2018-07-02 15:47:14'),('S201800619','W201800154','11155',84,'2018-08-11 22:27:14'),('S201800620','W201800107','4838',44,'2018-08-09 20:03:54'),('S201800621','W201800031','7192',95,'2018-08-07 22:40:34'),('S201800621','W201800033','6127',41,'2018-06-29 06:30:34'),('S201800621','W201800038','21769',87,'2018-07-26 02:03:54'),('S201800621','W201800194','20501',81,'2018-06-19 18:13:54'),('S201800622','W201800030','10273',66,'2018-08-20 01:03:54'),('S201800622','W201800198','27715',96,'2018-07-31 05:57:14'),('S201800623','W201800196','31463',86,'2018-06-19 00:47:14'),('S201800624','W201800087','32499',24,'2018-08-26 20:43:54'),('S201800624','W201800147','32078',51,'2018-08-23 15:23:54'),('S201800624','W201800149','23803',50,'2018-07-31 00:27:14'),('S201800625','W201800001','32394',31,'2018-07-30 12:50:34'),('S201800625','W201800149','13232',82,'2018-07-22 11:57:14'),('S201800625','W201800179','18091',56,'2018-06-19 23:33:54'),('S201800626','W201800078','11566',48,'2018-08-31 11:23:54'),('S201800626','W201800081','20871',94,'2018-07-30 00:23:54'),('S201800627','W201800177','12576',48,'2018-08-28 23:57:14'),('S201800628','W201800053','16649',88,'2018-08-12 00:30:34'),('S201800629','W201800075','24463',80,'2018-08-05 01:43:54'),('S201800629','W201800093','5662',52,'2018-07-22 04:50:34'),('S201800629','W201800105','6153',93,'2018-07-19 04:23:54'),('S201800629','W201800118','4076',33,'2018-08-15 11:27:14'),('S201800630','W201800113','32564',79,'2018-07-03 04:43:54'),('S201800631','W201800046','1692',67,'2018-08-18 16:20:34'),('S201800632','W201800023','18545',26,'2018-07-27 07:13:54'),('S201800632','W201800113','13621',100,'2018-07-11 12:53:54'),('S201800632','W201800127','2319',44,'2018-07-11 16:23:54'),('S201800632','W201800187','6315',76,'2018-08-08 15:10:34'),('S201800633','W201800142','1219',95,'2018-07-02 07:30:34'),('S201800633','W201800145','11408',77,'2018-08-27 04:10:34'),('S201800633','W201800148','3510',62,'2018-07-23 06:47:14'),('S201800633','W201800187','29970',92,'2018-07-03 15:37:14'),('S201800634','W201800019','24798',67,'2018-07-27 23:27:14'),('S201800634','W201800088','29463',96,'2018-08-16 19:20:34'),('S201800634','W201800120','30662',14,'2018-07-25 03:20:34'),('S201800634','W201800122','28105',81,'2018-07-05 11:13:54'),('S201800635','W201800176','14773',30,'2018-06-20 10:27:14'),('S201800636','W201800058','8905',83,'2018-08-06 01:43:54'),('S201800636','W201800156','20548',58,'2018-07-15 14:17:14'),('S201800637','W201800013','2146',73,'2018-06-29 09:40:34'),('S201800638','W201800098','21113',90,'2018-06-18 21:43:54'),('S201800638','W201800114','25276',98,'2018-07-04 22:20:34'),('S201800638','W201800197','6862',78,'2018-08-25 16:40:34'),('S201800639','W201800035','16116',100,'2018-06-21 11:33:54'),('S201800639','W201800143','14611',90,'2018-08-28 09:03:54'),('S201800639','W201800200','28470',58,'2018-08-08 11:37:14'),('S201800640','W201800037','27262',84,'2018-06-30 17:43:54'),('S201800640','W201800044','2207',67,'2018-08-20 18:10:34'),('S201800640','W201800087','17960',64,'2018-07-25 08:07:14'),('S201800640','W201800181','680',55,'2018-07-10 11:43:54'),('S201800641','W201800105','12069',63,'2018-06-23 14:13:54'),('S201800642','W201800010','23330',55,'2018-06-20 10:30:34'),('S201800642','W201800099','3642',91,'2018-08-31 11:43:54'),('S201800642','W201800115','21446',83,'2018-08-01 10:13:54'),('S201800642','W201800197','22673',24,'2018-07-21 14:37:14'),('S201800643','W201800046','18925',50,'2018-06-19 13:13:54'),('S201800643','W201800090','1990',86,'2018-08-15 12:10:34'),('S201800643','W201800134','27690',51,'2018-08-18 18:53:54'),('S201800643','W201800159','4528',28,'2018-06-21 15:00:34'),('S201800644','W201800002','2599',66,'2018-07-03 18:13:54'),('S201800644','W201800080','3020',76,'2018-06-22 15:07:14'),('S201800644','W201800103','18992',43,'2018-08-28 23:30:34'),('S201800644','W201800121','29870',17,'2018-06-28 08:03:54'),('S201800645','W201800023','19876',94,'2018-08-04 12:27:14'),('S201800645','W201800171','1899',33,'2018-08-01 04:10:34'),('S201800646','W201800083','8196',78,'2018-07-24 02:40:34'),('S201800646','W201800086','18480',30,'2018-07-30 08:10:34'),('S201800646','W201800107','6753',74,'2018-07-15 20:53:54'),('S201800646','W201800175','832',97,'2018-06-20 01:33:54'),('S201800647','W201800092','28063',91,'2018-08-02 14:00:34'),('S201800648','W201800026','29849',73,'2018-08-31 03:37:14'),('S201800648','W201800112','4057',71,'2018-07-31 05:23:54'),('S201800648','W201800129','20225',24,'2018-06-22 17:53:54'),('S201800649','W201800042','19633',24,'2018-08-07 16:23:54'),('S201800649','W201800198','14765',80,'2018-07-17 23:23:54'),('S201800649','W201800200','15400',75,'2018-07-30 11:47:14'),('S201800650','W201800075','30570',91,'2018-09-01 12:23:54'),('S201800650','W201800096','3575',14,'2018-08-11 19:37:14'),('S201800651','W201800038','20282',63,'2018-06-30 06:53:54'),('S201800652','W201800064','17151',47,'2018-08-25 22:17:14'),('S201800653','W201800014','17408',96,'2018-08-27 01:37:14'),('S201800653','W201800124','17422',86,'2018-08-27 23:57:14'),('S201800654','W201800004','6943',38,'2018-07-27 01:23:54'),('S201800654','W201800015','4460',78,'2018-07-27 10:00:34'),('S201800654','W201800153','351',67,'2018-08-06 12:30:34'),('S201800655','W201800041','4194',71,'2018-08-18 02:53:54'),('S201800656','W201800071','27643',66,'2018-07-07 04:40:34'),('S201800657','W201800043','25442',63,'2018-08-31 18:30:34'),('S201800657','W201800063','31747',81,'2018-08-06 20:20:34'),('S201800657','W201800192','8000',87,'2018-07-28 03:23:54'),('S201800658','W201800010','822',55,'2018-07-11 19:13:54'),('S201800658','W201800162','13367',24,'2018-09-02 02:30:34'),('S201800658','W201800194','6920',46,'2018-07-04 20:20:34'),('S201800659','W201800138','2188',48,'2018-07-07 16:23:54'),('S201800660','W201800061','31804',96,'2018-06-25 05:30:34'),('S201800660','W201800110','13075',42,'2018-07-04 03:20:34'),('S201800660','W201800126','6194',73,'2018-08-14 16:07:14'),('S201800661','W201800059','31905',93,'2018-07-09 19:00:34'),('S201800661','W201800083','28402',95,'2018-08-01 00:03:54'),('S201800661','W201800152','23836',79,'2018-07-20 04:53:54'),('S201800661','W201800155','6652',70,'2018-08-11 08:50:34'),('S201800662','W201800076','11541',97,'2018-07-31 01:37:14'),('S201800663','W201800051','26402',41,'2018-08-24 20:27:14'),('S201800663','W201800123','7167',26,'2018-06-18 22:17:14'),('S201800663','W201800145','17658',71,'2018-08-03 21:53:54'),('S201800663','W201800194','27198',83,'2018-06-29 16:20:34'),('S201800664','W201800081','24510',70,'2018-08-11 11:27:14'),('S201800664','W201800121','12851',84,'2018-07-04 19:57:14'),('S201800665','W201800043','9297',52,'2018-08-11 22:17:14'),('S201800666','W201800011','6929',88,'2018-07-27 17:57:14'),('S201800666','W201800137','3622',83,'2018-08-06 14:07:14'),('S201800667','W201800008','29180',90,'2018-06-22 20:23:54'),('S201800667','W201800180','25109',34,'2018-08-29 18:07:14'),('S201800667','W201800186','14080',14,'2018-07-18 02:20:34'),('S201800668','W201800187','15187',94,'2018-07-17 14:33:54'),('S201800668','W201800198','15804',90,'2018-06-30 14:43:54'),('S201800669','W201800122','21349',71,'2018-06-29 14:10:34'),('S201800670','W201800055','7131',37,'2018-07-08 21:37:14'),('S201800670','W201800077','16831',24,'2018-06-28 11:03:54'),('S201800670','W201800105','23639',62,'2018-08-24 09:17:14'),('S201800671','W201800047','11032',96,'2018-07-29 05:17:14'),('S201800671','W201800065','21466',40,'2018-06-19 10:30:35'),('S201800671','W201800095','29543',97,'2018-08-14 21:33:54'),('S201800671','W201800139','17617',41,'2018-08-21 13:47:14'),('S201800672','W201800178','32162',70,'2018-06-26 17:07:15'),('S201800673','W201800121','11530',10,'2018-07-10 00:13:55'),('S201800673','W201800199','1284',48,'2018-07-01 15:57:15'),('S201800674','W201800037','9493',78,'2018-07-21 02:20:35'),('S201800674','W201800038','10627',53,'2018-08-15 06:23:55'),('S201800674','W201800128','12257',60,'2018-08-30 06:17:15'),('S201800674','W201800199','22122',92,'2018-07-23 19:43:55'),('S201800675','W201800049','16493',54,'2018-07-07 03:37:15'),('S201800675','W201800106','24229',96,'2018-09-01 19:50:35'),('S201800675','W201800110','7729',50,'2018-07-07 22:00:35'),('S201800675','W201800126','13190',91,'2018-07-02 06:50:35'),('S201800676','W201800084','14600',48,'2018-08-22 13:47:15'),('S201800676','W201800097','3084',98,'2018-08-15 15:10:35'),('S201800676','W201800156','19302',77,'2018-07-17 07:07:15'),('S201800676','W201800174','19028',91,'2018-06-27 09:40:35'),('S201800677','W201800073','28593',91,'2018-07-08 22:37:15'),('S201800677','W201800114','20628',34,'2018-07-28 20:03:55'),('S201800678','W201800024','25268',91,'2018-07-01 11:33:55'),('S201800678','W201800027','319',57,'2018-08-03 16:30:35'),('S201800679','W201800019','28258',94,'2018-06-20 12:17:15'),('S201800679','W201800103','20341',72,'2018-08-16 15:27:15'),('S201800679','W201800166','32579',26,'2018-06-25 16:47:15'),('S201800679','W201800174','22037',76,'2018-07-02 09:03:55'),('S201800680','W201800011','21489',53,'2018-07-02 06:53:55'),('S201800680','W201800053','15496',95,'2018-08-28 18:40:35'),('S201800680','W201800162','24383',76,'2018-08-19 02:27:15'),('S201800681','W201800105','14191',58,'2018-06-26 12:33:55'),('S201800681','W201800119','26737',74,'2018-07-23 05:47:15'),('S201800681','W201800125','26819',92,'2018-08-18 04:53:55'),('S201800681','W201800188','29306',98,'2018-07-28 14:13:55'),('S201800682','W201800106','18380',41,'2018-08-15 07:27:15'),('S201800683','W201800023','29651',47,'2018-08-30 12:23:55'),('S201800683','W201800072','2169',42,'2018-07-30 07:53:55'),('S201800683','W201800079','4271',79,'2018-08-10 18:27:15'),('S201800683','W201800123','12156',60,'2018-08-14 09:00:35'),('S201800684','W201800143','11599',76,'2018-07-25 22:50:35'),('S201800684','W201800149','3182',98,'2018-08-06 11:47:15'),('S201800684','W201800165','19925',63,'2018-07-15 18:50:35'),('S201800685','W201800175','8859',97,'2018-06-29 10:40:35'),('S201800686','W201800001','8483',100,'2018-08-07 23:10:35'),('S201800686','W201800096','21222',80,'2018-07-28 03:30:35'),('S201800687','W201800032','6304',67,'2018-07-30 19:33:55'),('S201800687','W201800106','28356',71,'2018-07-11 04:50:35'),('S201800687','W201800107','5882',87,'2018-07-03 12:23:55'),('S201800687','W201800179','7292',92,'2018-08-04 04:57:15'),('S201800688','W201800183','6121',17,'2018-06-24 23:27:15'),('S201800689','W201800020','22254',89,'2018-07-05 09:47:15'),('S201800689','W201800113','17602',26,'2018-07-29 09:53:55'),('S201800689','W201800136','7051',63,'2018-08-12 18:50:35'),('S201800689','W201800153','21755',36,'2018-08-05 16:37:15'),('S201800690','W201800003','4843',57,'2018-07-04 03:00:35'),('S201800690','W201800180','7936',65,'2018-06-20 17:27:15'),('S201800691','W201800002','20082',47,'2018-06-24 20:00:35'),('S201800691','W201800027','2265',76,'2018-07-03 12:00:35'),('S201800691','W201800181','21926',83,'2018-07-24 13:57:15'),('S201800692','W201800038','17738',89,'2018-08-26 23:10:35'),('S201800692','W201800080','7056',22,'2018-07-13 03:50:35'),('S201800692','W201800193','29652',88,'2018-07-05 21:33:55'),('S201800693','W201800125','25764',61,'2018-07-13 15:50:35'),('S201800693','W201800166','31741',33,'2018-08-27 00:20:35'),('S201800693','W201800199','8535',50,'2018-07-20 11:10:35'),('S201800694','W201800030','3630',50,'2018-08-28 17:50:35'),('S201800694','W201800144','15229',63,'2018-06-30 19:27:15'),('S201800695','W201800114','504',97,'2018-08-12 08:40:35'),('S201800695','W201800151','15743',57,'2018-08-04 11:30:35'),('S201800696','W201800030','28456',72,'2018-06-18 11:00:35'),('S201800697','W201800132','14704',72,'2018-07-02 14:07:15'),('S201800697','W201800168','23010',70,'2018-08-08 05:23:55'),('S201800698','W201800030','11233',40,'2018-08-06 18:23:55'),('S201800698','W201800190','14977',14,'2018-06-19 00:30:35'),('S201800699','W201800018','19356',83,'2018-07-18 00:43:55'),('S201800700','W201800062','9222',51,'2018-08-16 13:47:15'),('S201800700','W201800107','1123',65,'2018-08-14 22:13:55'),('S201800700','W201800173','19003',63,'2018-08-22 11:13:55'),('S201800701','W201800016','9778',77,'2018-08-10 07:20:35'),('S201800701','W201800026','31366',84,'2018-07-28 21:17:15'),('S201800701','W201800027','17043',36,'2018-07-03 00:03:55'),('S201800701','W201800051','3786',53,'2018-08-19 16:07:15'),('S201800702','W201800025','31192',81,'2018-08-25 08:53:55'),('S201800702','W201800076','32484',54,'2018-08-11 21:53:55'),('S201800702','W201800128','19476',64,'2018-08-24 09:33:55'),('S201800702','W201800156','27963',61,'2018-08-13 14:20:35'),('S201800703','W201800014','23121',50,'2018-07-01 06:07:15'),('S201800703','W201800058','8458',98,'2018-08-20 20:40:35'),('S201800703','W201800061','14924',51,'2018-07-23 16:13:55'),('S201800703','W201800157','16595',76,'2018-08-20 16:30:35'),('S201800704','W201800017','28370',97,'2018-08-16 18:07:15'),('S201800704','W201800151','3479',84,'2018-08-24 12:57:15'),('S201800705','W201800035','6044',91,'2018-07-04 14:33:55'),('S201800705','W201800058','28282',50,'2018-09-01 07:50:35'),('S201800705','W201800151','2746',85,'2018-07-22 09:03:55'),('S201800705','W201800188','2611',67,'2018-07-26 17:17:15'),('S201800706','W201800116','4930',22,'2018-06-26 20:50:35'),('S201800706','W201800156','16198',44,'2018-07-21 15:13:55'),('S201800707','W201800016','26758',79,'2018-08-04 13:23:55'),('S201800707','W201800040','25904',71,'2018-06-28 12:30:35'),('S201800707','W201800044','10906',93,'2018-06-26 08:13:55'),('S201800707','W201800173','4976',17,'2018-07-24 20:03:55'),('S201800708','W201800025','6867',54,'2018-08-29 19:20:35'),('S201800708','W201800078','2597',67,'2018-08-23 14:53:55'),('S201800708','W201800114','16806',87,'2018-07-13 10:43:55'),('S201800708','W201800143','11771',89,'2018-07-13 09:43:55'),('S201800709','W201800169','23401',33,'2018-08-03 03:07:15'),('S201800709','W201800183','992',59,'2018-06-21 02:17:15'),('S201800710','W201800079','26778',50,'2018-06-30 00:13:55'),('S201800710','W201800108','30929',94,'2018-06-22 10:20:35'),('S201800711','W201800005','32283',90,'2018-08-03 09:37:15'),('S201800711','W201800120','21596',95,'2018-06-23 04:33:55'),('S201800711','W201800137','21183',69,'2018-06-23 04:17:15'),('S201800712','W201800004','16117',63,'2018-07-04 17:17:15'),('S201800712','W201800107','14045',90,'2018-07-15 04:20:35'),('S201800712','W201800190','30603',91,'2018-07-03 01:43:55'),('S201800713','W201800010','25127',33,'2018-07-18 11:53:55'),('S201800713','W201800034','14220',67,'2018-08-16 06:50:35'),('S201800713','W201800082','9178',52,'2018-07-12 09:47:15'),('S201800713','W201800115','2025',20,'2018-07-27 14:27:15'),('S201800714','W201800029','23306',44,'2018-06-21 19:50:35'),('S201800714','W201800074','3585',55,'2018-07-23 15:53:55'),('S201800714','W201800124','25984',86,'2018-07-12 02:30:35'),('S201800715','W201800180','8227',85,'2018-08-22 17:07:15'),('S201800715','W201800188','991',42,'2018-07-29 19:20:35'),('S201800716','W201800042','12908',85,'2018-07-09 15:43:55'),('S201800717','W201800171','15093',46,'2018-08-24 20:17:15'),('S201800717','W201800199','4630',87,'2018-08-21 04:07:15'),('S201800718','W201800091','11468',98,'2018-06-30 00:53:55'),('S201800719','W201800041','1726',76,'2018-07-22 06:47:15'),('S201800719','W201800195','30183',46,'2018-07-11 22:03:55'),('S201800720','W201800040','7913',10,'2018-07-01 19:40:35'),('S201800720','W201800048','19193',50,'2018-08-08 20:40:35'),('S201800721','W201800012','12398',54,'2018-07-27 23:33:55'),('S201800721','W201800052','5744',73,'2018-08-09 15:53:55'),('S201800721','W201800077','12419',82,'2018-07-22 12:47:15'),('S201800721','W201800143','20805',59,'2018-07-14 14:00:35'),('S201800722','W201800159','24745',86,'2018-08-06 11:13:55'),('S201800723','W201800196','5284',10,'2018-06-22 11:30:35'),('S201800723','W201800200','868',79,'2018-08-01 03:03:55'),('S201800724','W201800097','27700',61,'2018-06-25 17:00:35'),('S201800725','W201800029','7819',55,'2018-07-20 11:00:35'),('S201800725','W201800057','2035',74,'2018-06-21 16:47:15'),('S201800725','W201800153','30549',22,'2018-07-02 22:30:35'),('S201800726','W201800039','26738',10,'2018-07-10 13:27:15'),('S201800726','W201800090','3432',54,'2018-06-28 04:33:55'),('S201800726','W201800103','24536',67,'2018-07-07 16:07:15'),('S201800726','W201800129','21949',74,'2018-08-14 16:43:55'),('S201800727','W201800022','26915',59,'2018-06-27 01:40:35'),('S201800727','W201800159','30957',31,'2018-07-04 22:53:55'),('S201800727','W201800184','13011',72,'2018-07-16 19:13:55'),('S201800727','W201800193','20881',74,'2018-08-21 17:13:55'),('S201800728','W201800020','10997',73,'2018-08-21 11:23:55'),('S201800728','W201800055','543',76,'2018-07-04 14:40:35'),('S201800728','W201800153','4439',42,'2018-06-25 04:43:55'),('S201800728','W201800170','10901',99,'2018-06-24 15:43:55'),('S201800729','W201800111','5283',65,'2018-08-11 18:40:35'),('S201800730','W201800049','5844',84,'2018-09-01 00:13:55'),('S201800730','W201800063','17951',69,'2018-07-18 14:33:55'),('S201800731','W201800157','11284',28,'2018-08-16 22:43:55'),('S201800732','W201800175','30332',34,'2018-07-11 17:20:35'),('S201800733','W201800069','29864',73,'2018-07-02 21:30:35'),('S201800734','W201800023','18903',66,'2018-08-11 03:03:55'),('S201800734','W201800088','5240',69,'2018-07-07 15:00:35'),('S201800734','W201800156','15337',44,'2018-06-19 03:17:15'),('S201800735','W201800085','3864',72,'2018-07-27 23:03:55'),('S201800735','W201800095','11361',58,'2018-07-28 01:50:35'),('S201800736','W201800030','13845',70,'2018-07-15 11:13:55'),('S201800736','W201800076','570',84,'2018-07-06 18:30:35'),('S201800736','W201800121','28331',50,'2018-08-19 00:17:15'),('S201800737','W201800012','25055',98,'2018-07-08 05:03:55'),('S201800738','W201800090','28887',41,'2018-07-05 18:43:55'),('S201800738','W201800127','25668',40,'2018-07-31 03:27:15'),('S201800738','W201800160','27194',80,'2018-08-30 13:07:15'),('S201800738','W201800195','12177',72,'2018-07-26 22:00:35'),('S201800739','W201800066','16821',89,'2018-08-02 21:37:15'),('S201800739','W201800098','14420',40,'2018-06-23 11:07:15'),('S201800739','W201800170','13781',70,'2018-08-28 23:57:15'),('S201800740','W201800007','22025',92,'2018-08-27 21:47:15'),('S201800740','W201800067','16005',72,'2018-08-18 23:57:15'),('S201800740','W201800073','264',33,'2018-07-11 18:20:35'),('S201800740','W201800074','17799',94,'2018-08-13 16:43:55'),('S201800741','W201800113','12671',97,'2018-08-17 17:10:35'),('S201800741','W201800150','26412',34,'2018-08-12 16:43:55'),('S201800741','W201800170','6029',42,'2018-07-28 04:50:35'),('S201800742','W201800035','32082',24,'2018-07-06 00:50:35'),('S201800742','W201800044','32614',77,'2018-07-22 15:13:55'),('S201800742','W201800132','25569',70,'2018-07-11 12:07:15'),('S201800742','W201800192','14609',98,'2018-06-20 19:07:15'),('S201800743','W201800055','9392',88,'2018-07-28 13:27:15'),('S201800743','W201800127','11328',91,'2018-07-02 04:50:35'),('S201800744','W201800197','17055',88,'2018-08-10 08:30:35'),('S201800745','W201800176','21494',73,'2018-07-04 19:23:55'),('S201800746','W201800049','19028',44,'2018-07-09 04:43:55'),('S201800746','W201800100','21953',30,'2018-08-03 08:17:15'),('S201800746','W201800156','28470',22,'2018-07-09 07:03:55'),('S201800747','W201800090','23872',70,'2018-08-09 20:27:15'),('S201800747','W201800149','14449',92,'2018-08-26 00:23:55'),('S201800747','W201800179','9494',17,'2018-07-15 08:17:15'),('S201800748','W201800098','20623',40,'2018-07-19 01:17:15'),('S201800748','W201800150','3554',70,'2018-06-18 14:00:35'),('S201800749','W201800006','7567',72,'2018-08-27 17:13:55'),('S201800749','W201800154','26474',100,'2018-08-18 21:03:55'),('S201800749','W201800174','3589',22,'2018-07-06 00:37:15'),('S201800750','W201800175','4186',33,'2018-06-22 16:33:55'),('S201800751','W201800018','25508',53,'2018-06-20 15:10:35'),('S201800751','W201800073','31029',60,'2018-08-27 23:03:55'),('S201800751','W201800122','17150',70,'2018-08-30 13:50:35'),('S201800752','W201800088','28706',83,'2018-09-01 08:03:55'),('S201800753','W201800003','7933',96,'2018-07-06 06:17:15'),('S201800753','W201800125','20089',65,'2018-08-28 09:03:55'),('S201800754','W201800054','13870',22,'2018-09-01 15:30:35'),('S201800755','W201800049','8883',94,'2018-08-17 15:13:55'),('S201800755','W201800159','32201',20,'2018-07-25 04:23:55'),('S201800755','W201800191','21251',100,'2018-07-10 03:17:15'),('S201800756','W201800028','8743',95,'2018-08-06 18:03:55'),('S201800756','W201800053','351',41,'2018-07-04 11:27:15'),('S201800757','W201800126','22721',72,'2018-08-14 00:50:35'),('S201800757','W201800129','12685',44,'2018-08-31 02:07:15'),('S201800758','W201800023','23232',67,'2018-07-21 21:47:16'),('S201800758','W201800147','2086',80,'2018-06-21 09:20:35'),('S201800758','W201800172','2399',84,'2018-07-06 17:53:56'),('S201800759','W201800046','16645',93,'2018-08-07 20:23:56'),('S201800759','W201800071','27121',76,'2018-07-26 20:33:56'),('S201800759','W201800075','17607',95,'2018-08-19 18:20:36'),('S201800759','W201800188','6463',84,'2018-08-23 02:37:16'),('S201800760','W201800007','31346',91,'2018-07-31 16:53:56'),('S201800760','W201800099','14080',57,'2018-07-17 15:53:56'),('S201800761','W201800057','7645',60,'2018-09-02 02:07:16'),('S201800762','W201800121','18789',38,'2018-06-26 01:47:16'),('S201800762','W201800193','21421',92,'2018-08-22 08:53:56'),('S201800763','W201800101','4318',37,'2018-08-08 01:23:56'),('S201800763','W201800119','5481',67,'2018-07-14 12:40:36'),('S201800763','W201800120','20321',94,'2018-07-03 10:43:56'),('S201800763','W201800166','16285',93,'2018-08-23 15:30:36'),('S201800764','W201800068','9582',85,'2018-08-20 05:57:16'),('S201800764','W201800166','19607',71,'2018-06-18 12:03:56'),('S201800765','W201800021','1462',79,'2018-07-19 17:40:36'),('S201800765','W201800045','14160',47,'2018-07-24 14:00:36'),('S201800765','W201800099','5310',100,'2018-08-15 10:00:36'),('S201800765','W201800165','13271',83,'2018-07-07 16:40:36'),('S201800766','W201800004','1111',85,'2018-08-05 06:57:16'),('S201800766','W201800092','31082',65,'2018-06-30 00:17:16'),('S201800766','W201800097','1810',92,'2018-08-20 19:00:36'),('S201800766','W201800186','5595',78,'2018-06-25 11:23:56'),('S201800767','W201800004','15401',60,'2018-08-26 09:27:16'),('S201800767','W201800007','23399',60,'2018-07-16 11:33:56'),('S201800767','W201800041','15071',94,'2018-06-30 10:37:16'),('S201800767','W201800112','7240',42,'2018-08-23 12:57:16'),('S201800768','W201800039','1469',81,'2018-09-01 20:13:56'),('S201800768','W201800136','32410',50,'2018-08-14 00:17:16'),('S201800768','W201800165','37',65,'2018-08-30 08:20:36'),('S201800768','W201800197','7433',93,'2018-07-16 12:47:16'),('S201800769','W201800014','22664',50,'2018-07-14 09:57:16'),('S201800769','W201800157','17502',71,'2018-07-24 01:27:16'),('S201800770','W201800053','14367',64,'2018-07-14 05:23:56'),('S201800770','W201800140','18820',84,'2018-07-23 18:37:16'),('S201800771','W201800060','28160',36,'2018-06-19 13:50:36'),('S201800771','W201800080','9780',96,'2018-06-28 22:37:16'),('S201800771','W201800085','25570',36,'2018-07-23 21:30:36'),('S201800771','W201800126','31592',60,'2018-08-25 05:43:56'),('S201800772','W201800100','25548',10,'2018-07-03 01:50:36'),('S201800772','W201800119','25002',54,'2018-06-27 03:40:36'),('S201800772','W201800168','19047',41,'2018-08-06 09:30:36'),('S201800773','W201800021','3249',46,'2018-08-05 22:10:36'),('S201800774','W201800140','21782',73,'2018-08-17 11:43:56'),('S201800774','W201800199','6422',93,'2018-07-12 21:43:56'),('S201800775','W201800018','7109',34,'2018-06-21 04:53:56'),('S201800775','W201800046','12029',83,'2018-08-08 05:33:56'),('S201800775','W201800102','32392',75,'2018-08-11 14:17:16'),('S201800775','W201800138','13916',33,'2018-08-26 04:00:36'),('S201800776','W201800026','18385',82,'2018-08-08 14:17:16'),('S201800777','W201800077','10703',81,'2018-08-30 17:40:36'),('S201800778','W201800009','8993',53,'2018-08-10 19:47:16'),('S201800778','W201800094','25807',50,'2018-07-12 17:37:16'),('S201800778','W201800115','23180',81,'2018-08-06 12:43:56'),('S201800778','W201800151','5097',64,'2018-07-05 21:43:56'),('S201800779','W201800087','29527',36,'2018-08-31 10:33:56'),('S201800780','W201800052','23672',93,'2018-08-05 04:47:16'),('S201800780','W201800084','21288',65,'2018-07-06 06:03:56'),('S201800781','W201800090','2269',88,'2018-06-19 18:10:36'),('S201800781','W201800101','2566',84,'2018-06-28 06:13:56'),('S201800781','W201800174','21280',74,'2018-07-18 01:20:36'),('S201800782','W201800055','14029',53,'2018-06-30 16:00:36'),('S201800782','W201800124','10790',10,'2018-07-11 09:37:16'),('S201800782','W201800136','5183',14,'2018-08-05 06:53:56'),('S201800783','W201800064','7631',84,'2018-07-06 02:00:36'),('S201800783','W201800094','9483',20,'2018-06-22 15:53:56'),('S201800783','W201800128','23207',44,'2018-08-06 17:27:16'),('S201800783','W201800141','8968',99,'2018-06-28 03:37:16'),('S201800784','W201800037','22005',94,'2018-08-07 01:40:36'),('S201800784','W201800038','9543',91,'2018-07-22 05:50:36'),('S201800784','W201800087','7198',88,'2018-08-15 12:17:16'),('S201800784','W201800127','12013',72,'2018-08-07 01:23:56'),('S201800785','W201800148','12432',98,'2018-08-06 19:57:16'),('S201800785','W201800198','5133',41,'2018-08-14 14:57:16'),('S201800786','W201800035','11254',61,'2018-08-24 01:13:56'),('S201800786','W201800145','32492',38,'2018-07-13 21:03:56'),('S201800787','W201800091','11686',41,'2018-08-13 14:03:56'),('S201800787','W201800123','14338',17,'2018-08-16 13:00:36'),('S201800788','W201800170','27066',93,'2018-08-20 08:33:56'),('S201800789','W201800003','3910',95,'2018-08-04 05:30:36'),('S201800790','W201800049','595',80,'2018-07-23 01:10:36'),('S201800791','W201800061','20500',57,'2018-06-19 20:50:36'),('S201800791','W201800084','19260',89,'2018-07-10 15:27:16'),('S201800791','W201800132','24890',47,'2018-07-13 03:43:56'),('S201800792','W201800026','26152',64,'2018-08-13 06:00:36'),('S201800792','W201800089','19619',83,'2018-06-29 12:13:56'),('S201800792','W201800193','24238',47,'2018-07-21 17:13:56'),('S201800793','W201800079','18527',94,'2018-08-16 21:17:16'),('S201800793','W201800115','31263',51,'2018-08-12 00:57:16'),('S201800793','W201800188','29937',42,'2018-07-04 21:13:56'),('S201800794','W201800103','29554',57,'2018-08-04 09:57:16'),('S201800794','W201800131','23758',67,'2018-08-07 11:57:16'),('S201800794','W201800172','15167',40,'2018-07-26 08:53:56'),('S201800794','W201800198','6872',95,'2018-07-23 20:10:36'),('S201800795','W201800025','7385',88,'2018-07-14 04:00:36'),('S201800795','W201800151','13688',50,'2018-08-13 16:37:16'),('S201800795','W201800170','1775',95,'2018-06-25 14:37:16'),('S201800795','W201800178','22526',10,'2018-06-27 19:23:56'),('S201800796','W201800028','8681',79,'2018-08-16 21:13:56'),('S201800796','W201800117','22696',65,'2018-07-23 08:33:56'),('S201800796','W201800128','7281',72,'2018-07-01 04:40:36'),('S201800796','W201800187','13719',94,'2018-08-29 10:50:36'),('S201800797','W201800011','28059',33,'2018-08-05 05:27:16'),('S201800797','W201800072','32729',38,'2018-09-01 05:40:36'),('S201800797','W201800178','16654',77,'2018-08-12 23:07:16'),('S201800797','W201800183','9612',67,'2018-08-02 18:20:36'),('S201800798','W201800048','578',22,'2018-08-12 15:07:16'),('S201800798','W201800057','559',42,'2018-07-07 14:43:56'),('S201800799','W201800003','906',62,'2018-07-25 09:57:16'),('S201800799','W201800099','4923',40,'2018-08-18 17:07:16'),('S201800799','W201800150','14093',37,'2018-07-16 10:57:16'),('S201800800','W201800023','4297',72,'2018-08-09 14:53:56'),('S201800801','W201800039','5100',74,'2018-08-13 16:43:56'),('S201800802','W201800164','24701',45,'2018-07-07 08:30:36'),('S201800802','W201800172','27555',91,'2018-07-02 05:30:36'),('S201800803','W201800063','2380',40,'2018-08-25 09:43:56'),('S201800803','W201800095','3209',60,'2018-08-02 01:13:56'),('S201800804','W201800042','8491',89,'2018-06-18 22:27:16'),('S201800804','W201800097','1522',93,'2018-07-13 19:03:56'),('S201800804','W201800121','20363',57,'2018-08-30 23:10:36'),('S201800804','W201800167','15565',81,'2018-07-11 03:57:16'),('S201800805','W201800163','2986',81,'2018-07-19 21:43:56'),('S201800806','W201800032','19495',96,'2018-06-18 17:33:56'),('S201800806','W201800079','31469',20,'2018-07-07 12:13:56'),('S201800806','W201800157','27134',90,'2018-07-02 22:40:36'),('S201800806','W201800169','23302',77,'2018-08-02 19:17:16'),('S201800807','W201800058','4191',66,'2018-07-12 11:57:16'),('S201800807','W201800140','9056',33,'2018-07-24 04:47:16'),('S201800807','W201800180','29997',53,'2018-08-03 09:30:36'),('S201800808','W201800016','6546',88,'2018-08-14 10:50:36'),('S201800808','W201800086','4516',92,'2018-06-20 04:50:36'),('S201800809','W201800041','10363',61,'2018-06-20 12:03:56'),('S201800809','W201800089','12999',97,'2018-06-20 01:13:56'),('S201800809','W201800143','17905',78,'2018-08-18 15:57:16'),('S201800809','W201800150','6807',100,'2018-07-29 01:17:16'),('S201800810','W201800012','17785',50,'2018-08-09 12:47:16'),('S201800811','W201800057','29768',63,'2018-07-27 09:50:36'),('S201800811','W201800160','29522',42,'2018-07-12 17:37:16'),('S201800811','W201800180','15857',79,'2018-06-20 03:47:16'),('S201800812','W201800007','30485',44,'2018-08-28 10:37:16'),('S201800812','W201800012','9245',83,'2018-07-03 00:53:56'),('S201800812','W201800124','26602',70,'2018-08-19 17:40:36'),('S201800812','W201800125','27019',51,'2018-07-13 02:23:56'),('S201800813','W201800114','15189',95,'2018-07-30 01:03:56'),('S201800813','W201800167','19454',38,'2018-07-10 01:17:16'),('S201800814','W201800135','23869',90,'2018-07-29 23:30:36'),('S201800815','W201800103','28456',90,'2018-08-01 10:33:56'),('S201800815','W201800126','9627',84,'2018-09-02 02:53:56'),('S201800815','W201800146','18056',59,'2018-07-14 09:43:56'),('S201800816','W201800017','20025',65,'2018-08-11 14:30:36'),('S201800816','W201800022','23276',95,'2018-08-28 00:00:36'),('S201800817','W201800055','3792',53,'2018-06-27 15:00:36'),('S201800817','W201800107','3269',36,'2018-08-01 08:43:56'),('S201800817','W201800156','32709',85,'2018-07-01 14:10:36'),('S201800818','W201800068','917',22,'2018-06-24 16:40:36'),('S201800818','W201800072','4263',77,'2018-08-31 22:13:56'),('S201800818','W201800138','23965',26,'2018-07-24 03:57:16'),('S201800819','W201800029','17690',59,'2018-06-26 11:27:16'),('S201800819','W201800033','32030',67,'2018-08-11 22:17:16'),('S201800819','W201800065','6876',90,'2018-07-15 18:30:36'),('S201800819','W201800111','27006',94,'2018-07-03 15:37:16'),('S201800820','W201800019','12635',85,'2018-07-17 06:10:36'),('S201800820','W201800165','8685',96,'2018-06-18 15:33:56'),('S201800820','W201800168','10682',97,'2018-06-23 03:17:16'),('S201800821','W201800089','12988',100,'2018-06-26 14:13:56'),('S201800821','W201800138','18623',81,'2018-08-27 07:27:16'),('S201800821','W201800195','1555',50,'2018-07-25 10:57:16'),('S201800822','W201800052','25661',64,'2018-08-16 01:37:16'),('S201800822','W201800122','11012',78,'2018-08-29 04:00:36'),('S201800823','W201800113','26982',81,'2018-08-01 18:43:56'),('S201800823','W201800159','19784',42,'2018-08-23 11:57:16'),('S201800823','W201800191','20971',93,'2018-08-25 03:17:16'),('S201800824','W201800037','32763',46,'2018-06-29 03:43:56'),('S201800824','W201800097','24202',50,'2018-08-09 13:27:16'),('S201800824','W201800135','10047',95,'2018-08-17 00:50:36'),('S201800824','W201800152','12949',74,'2018-07-07 17:50:36'),('S201800825','W201800076','17469',93,'2018-07-03 11:10:36'),('S201800826','W201800023','25998',80,'2018-07-13 04:27:16'),('S201800826','W201800058','27249',60,'2018-08-27 00:20:36'),('S201800826','W201800178','16959',62,'2018-07-27 04:27:16'),('S201800827','W201800044','21320',65,'2018-07-04 22:20:36'),('S201800827','W201800185','29949',20,'2018-07-01 01:43:56'),('S201800828','W201800064','31249',75,'2018-06-27 16:23:56'),('S201800828','W201800076','6959',64,'2018-08-28 17:00:36'),('S201800828','W201800134','5899',80,'2018-08-10 11:10:36'),('S201800828','W201800181','10517',67,'2018-08-02 11:40:36'),('S201800829','W201800007','304',100,'2018-07-04 21:20:36'),('S201800829','W201800052','783',94,'2018-06-27 08:03:56'),('S201800829','W201800134','31950',54,'2018-08-15 21:03:56'),('S201800829','W201800148','8834',64,'2018-07-15 13:30:36'),('S201800830','W201800056','4937',98,'2018-07-14 03:40:36'),('S201800830','W201800128','6595',85,'2018-07-06 06:30:36'),('S201800831','W201800038','5818',100,'2018-07-26 10:50:36'),('S201800831','W201800053','31506',22,'2018-07-24 15:47:16'),('S201800831','W201800155','20423',44,'2018-08-07 03:40:36'),('S201800831','W201800200','23147',10,'2018-07-13 01:17:16'),('S201800832','W201800029','10127',92,'2018-08-23 18:37:16'),('S201800832','W201800141','30616',87,'2018-08-28 23:33:56'),('S201800832','W201800185','10229',97,'2018-07-02 14:07:16'),('S201800833','W201800076','852',65,'2018-07-08 15:40:36'),('S201800834','W201800136','7732',99,'2018-07-13 19:17:16'),('S201800835','W201800021','12750',89,'2018-07-16 10:40:36'),('S201800835','W201800158','12455',45,'2018-07-22 12:47:16'),('S201800836','W201800081','10618',78,'2018-07-25 17:57:16'),('S201800836','W201800138','23108',90,'2018-07-06 19:00:36'),('S201800836','W201800168','19088',67,'2018-08-23 02:17:16'),('S201800837','W201800120','20829',28,'2018-08-08 01:23:56'),('S201800837','W201800180','1573',28,'2018-06-30 12:10:36'),('S201800837','W201800183','21371',88,'2018-07-21 19:00:36'),('S201800837','W201800191','26317',94,'2018-08-02 21:30:36'),('S201800838','W201800087','3451',76,'2018-07-09 23:27:16'),('S201800838','W201800135','16872',66,'2018-08-15 10:03:56'),('S201800838','W201800175','14249',33,'2018-07-20 21:53:56'),('S201800839','W201800049','21373',99,'2018-07-22 12:27:16'),('S201800839','W201800085','18559',89,'2018-07-11 02:07:16'),('S201800839','W201800104','6694',78,'2018-07-18 23:17:16'),('S201800839','W201800119','88',92,'2018-09-01 14:03:56'),('S201800840','W201800003','19110',95,'2018-06-30 21:13:57'),('S201800841','W201800018','12314',87,'2018-07-19 08:50:37'),('S201800841','W201800049','24435',86,'2018-07-13 03:40:37'),('S201800841','W201800101','23507',43,'2018-07-30 19:23:57'),('S201800841','W201800149','10236',80,'2018-08-20 09:20:37'),('S201800842','W201800021','27268',93,'2018-08-21 13:23:57'),('S201800842','W201800066','24996',87,'2018-08-25 22:47:17'),('S201800842','W201800080','6726',95,'2018-07-21 17:27:17'),('S201800842','W201800165','32183',36,'2018-06-24 06:17:17'),('S201800843','W201800071','8849',72,'2018-06-25 18:13:57'),('S201800843','W201800128','5932',64,'2018-06-23 09:00:37'),('S201800843','W201800198','17140',62,'2018-08-22 20:53:57'),('S201800844','W201800048','20812',72,'2018-07-15 23:33:57'),('S201800845','W201800003','14872',85,'2018-08-07 06:03:57'),('S201800845','W201800113','30334',80,'2018-07-21 16:30:37'),('S201800845','W201800124','5389',94,'2018-08-23 02:00:37'),('S201800845','W201800181','3299',98,'2018-07-22 10:33:57'),('S201800846','W201800055','17920',91,'2018-06-29 13:47:17'),('S201800847','W201800035','12239',84,'2018-08-11 23:23:57'),('S201800847','W201800067','27111',47,'2018-06-20 14:13:57'),('S201800847','W201800091','31023',34,'2018-07-28 02:40:37'),('S201800848','W201800035','10142',72,'2018-08-26 08:03:57'),('S201800848','W201800121','15131',20,'2018-07-05 07:47:17'),('S201800849','W201800005','16136',72,'2018-07-10 00:30:37'),('S201800849','W201800036','22396',87,'2018-08-02 11:20:37'),('S201800849','W201800158','31251',37,'2018-07-04 00:00:37'),('S201800849','W201800180','17836',30,'2018-07-12 09:43:57'),('S201800850','W201800072','14492',72,'2018-06-24 19:10:37'),('S201800850','W201800103','5824',81,'2018-07-28 15:53:57'),('S201800850','W201800184','7316',75,'2018-07-31 05:43:57'),('S201800851','W201800019','30202',68,'2018-06-23 22:40:37'),('S201800851','W201800066','13382',50,'2018-08-26 13:33:57'),('S201800851','W201800081','31412',95,'2018-08-08 23:53:57'),('S201800851','W201800199','18889',74,'2018-07-24 06:00:37'),('S201800852','W201800066','12882',48,'2018-08-11 09:10:37'),('S201800853','W201800024','4998',65,'2018-08-04 19:33:57'),('S201800853','W201800032','12527',58,'2018-07-28 07:00:37'),('S201800853','W201800035','31591',40,'2018-07-27 16:37:17'),('S201800854','W201800174','12256',86,'2018-09-01 10:57:17'),('S201800855','W201800004','15089',83,'2018-08-11 12:30:37'),('S201800855','W201800102','12459',96,'2018-06-20 11:30:37'),('S201800855','W201800121','6949',10,'2018-08-16 07:13:57'),('S201800856','W201800056','16797',80,'2018-08-12 22:03:57'),('S201800856','W201800125','16601',95,'2018-06-29 23:17:17'),('S201800857','W201800022','7096',17,'2018-08-14 07:50:37'),('S201800857','W201800061','14185',96,'2018-07-30 16:30:37'),('S201800857','W201800062','10501',87,'2018-08-08 09:40:37'),('S201800857','W201800170','21820',100,'2018-07-07 11:57:17'),('S201800858','W201800005','32187',41,'2018-08-04 01:33:57'),('S201800858','W201800014','23196',14,'2018-07-27 10:40:37'),('S201800858','W201800026','2544',54,'2018-08-03 01:37:17'),('S201800859','W201800104','8905',37,'2018-07-24 16:57:17'),('S201800859','W201800175','4858',99,'2018-07-29 16:10:37'),('S201800859','W201800180','27775',76,'2018-07-14 01:03:57'),('S201800859','W201800194','24428',91,'2018-06-23 08:03:57'),('S201800860','W201800049','31107',22,'2018-07-25 04:33:57'),('S201800860','W201800119','26199',84,'2018-07-25 09:40:37'),('S201800861','W201800117','5291',46,'2018-07-12 22:03:57'),('S201800861','W201800145','13427',38,'2018-07-05 06:27:17'),('S201800861','W201800156','6258',73,'2018-06-22 03:10:37'),('S201800861','W201800179','22306',10,'2018-06-29 05:20:37'),('S201800862','W201800038','22698',72,'2018-08-19 04:10:37'),('S201800862','W201800133','2923',65,'2018-08-23 09:37:17'),('S201800863','W201800191','15179',82,'2018-07-05 14:40:37'),('S201800864','W201800017','29319',36,'2018-06-20 04:03:57'),('S201800864','W201800120','30903',51,'2018-08-28 04:27:17'),('S201800864','W201800185','12901',75,'2018-06-27 06:23:57'),('S201800865','W201800030','24390',70,'2018-07-29 09:23:57'),('S201800865','W201800073','23679',77,'2018-06-19 02:23:57'),('S201800866','W201800077','4710',87,'2018-07-13 20:33:57'),('S201800866','W201800087','5171',71,'2018-08-27 01:33:57'),('S201800866','W201800133','26222',86,'2018-07-27 18:07:17'),('S201800866','W201800140','7886',82,'2018-07-25 10:33:57'),('S201800867','W201800122','4878',60,'2018-06-30 01:30:37'),('S201800867','W201800130','24607',93,'2018-07-13 09:03:57'),('S201800867','W201800167','26839',54,'2018-08-23 16:23:57'),('S201800867','W201800182','28773',42,'2018-08-05 07:30:37'),('S201800868','W201800163','16391',83,'2018-07-29 09:27:17'),('S201800869','W201800045','28757',45,'2018-07-12 01:33:57'),('S201800869','W201800121','25624',88,'2018-08-13 21:10:37'),('S201800870','W201800148','30088',80,'2018-08-30 14:23:57'),('S201800870','W201800164','27521',74,'2018-06-25 07:23:57'),('S201800870','W201800187','28406',58,'2018-08-16 01:23:57'),('S201800871','W201800031','10583',81,'2018-08-27 14:23:57'),('S201800872','W201800040','11037',73,'2018-07-29 03:10:37'),('S201800872','W201800078','10264',59,'2018-08-09 06:43:57'),('S201800873','W201800132','19225',87,'2018-07-29 08:20:37'),('S201800873','W201800163','16139',97,'2018-08-28 00:47:17'),('S201800874','W201800005','4349',91,'2018-07-29 01:00:37'),('S201800874','W201800019','16468',94,'2018-08-29 16:27:17'),('S201800875','W201800091','21881',66,'2018-08-23 23:30:37'),('S201800876','W201800026','19386',75,'2018-06-22 21:20:37'),('S201800876','W201800039','8260',46,'2018-08-22 06:53:57'),('S201800876','W201800112','10452',63,'2018-08-06 10:57:17'),('S201800877','W201800018','3883',74,'2018-08-06 13:40:37'),('S201800877','W201800055','22335',51,'2018-07-16 23:53:57'),('S201800877','W201800131','7688',96,'2018-07-12 10:07:17'),('S201800877','W201800172','24411',54,'2018-07-06 08:13:57'),('S201800878','W201800081','14474',30,'2018-07-07 19:50:37'),('S201800878','W201800115','11446',41,'2018-07-21 01:03:57'),('S201800878','W201800119','22850',45,'2018-07-02 07:03:57'),('S201800879','W201800052','24890',37,'2018-08-05 17:23:57'),('S201800879','W201800056','17837',91,'2018-06-20 17:20:37'),('S201800879','W201800082','8193',87,'2018-06-23 10:00:37'),('S201800879','W201800128','13997',81,'2018-07-09 13:23:57'),('S201800880','W201800059','28177',90,'2018-06-27 14:40:37'),('S201800880','W201800100','31730',97,'2018-08-09 00:37:17'),('S201800880','W201800139','24446',85,'2018-08-09 20:37:17'),('S201800880','W201800199','4345',40,'2018-08-23 21:03:57'),('S201800881','W201800051','15317',43,'2018-07-01 17:53:57'),('S201800881','W201800084','2051',10,'2018-07-16 23:23:57'),('S201800882','W201800045','27332',48,'2018-07-08 01:40:37'),('S201800882','W201800098','4419',80,'2018-07-03 16:17:17'),('S201800882','W201800189','23744',96,'2018-06-18 10:30:37'),('S201800883','W201800011','16658',88,'2018-06-19 13:17:17'),('S201800883','W201800059','31864',37,'2018-08-09 12:27:17'),('S201800883','W201800078','13759',38,'2018-08-09 19:03:57'),('S201800884','W201800038','10497',68,'2018-07-08 20:57:17'),('S201800884','W201800087','22823',99,'2018-07-27 18:10:37'),('S201800884','W201800101','27901',94,'2018-07-16 22:23:57'),('S201800884','W201800132','16048',73,'2018-08-14 14:33:57'),('S201800885','W201800059','18764',66,'2018-08-21 17:03:57'),('S201800885','W201800082','4773',51,'2018-07-19 21:43:57'),('S201800885','W201800152','9333',66,'2018-07-30 22:57:17'),('S201800886','W201800161','2622',85,'2018-07-05 07:40:37'),('S201800886','W201800170','9949',54,'2018-08-16 22:17:17'),('S201800887','W201800008','942',78,'2018-08-13 01:17:17'),('S201800888','W201800046','29271',41,'2018-07-30 15:23:57'),('S201800888','W201800102','26248',47,'2018-07-13 17:10:37'),('S201800888','W201800147','29481',91,'2018-07-13 02:43:57'),('S201800889','W201800026','18237',63,'2018-07-31 21:03:57'),('S201800889','W201800030','11037',31,'2018-07-25 18:40:37'),('S201800889','W201800174','5721',33,'2018-07-12 18:27:17'),('S201800890','W201800076','9797',22,'2018-08-06 23:17:17'),('S201800890','W201800174','3021',87,'2018-07-02 09:50:37'),('S201800891','W201800062','3266',57,'2018-07-09 20:27:17'),('S201800891','W201800120','19147',64,'2018-08-09 02:10:37'),('S201800892','W201800047','14867',31,'2018-07-03 08:40:37'),('S201800892','W201800186','24968',94,'2018-06-26 02:23:57'),('S201800893','W201800169','6094',65,'2018-07-06 05:00:37'),('S201800894','W201800015','32526',83,'2018-07-17 13:17:17'),('S201800894','W201800172','28679',38,'2018-07-11 23:43:57'),('S201800895','W201800077','17034',46,'2018-08-03 17:43:57'),('S201800895','W201800132','10917',91,'2018-07-06 17:17:17'),('S201800895','W201800147','28905',34,'2018-08-12 17:07:17'),('S201800895','W201800174','25330',55,'2018-08-18 15:17:17'),('S201800896','W201800198','30846',66,'2018-07-16 22:10:37'),('S201800897','W201800097','11205',89,'2018-08-14 06:10:37'),('S201800897','W201800106','31248',51,'2018-07-18 23:10:37'),('S201800897','W201800111','4584',38,'2018-08-30 02:07:17'),('S201800897','W201800122','17364',40,'2018-08-17 13:17:17'),('S201800898','W201800100','2356',94,'2018-08-03 14:07:17'),('S201800899','W201800043','10604',81,'2018-07-06 07:33:57'),('S201800900','W201800009','17971',42,'2018-07-21 16:53:57'),('S201800900','W201800100','4716',99,'2018-08-04 08:43:57'),('S201800900','W201800192','9639',60,'2018-07-21 08:47:17'),('S201800901','W201800028','22066',70,'2018-09-02 01:20:37'),('S201800901','W201800064','4288',98,'2018-06-28 15:43:57'),('S201800901','W201800085','3844',62,'2018-09-02 02:27:17'),('S201800901','W201800089','22866',59,'2018-06-30 20:00:37'),('S201800902','W201800197','11728',57,'2018-07-16 22:20:37'),('S201800903','W201800185','29890',33,'2018-07-15 00:10:37'),('S201800904','W201800030','24407',79,'2018-08-11 09:07:17'),('S201800904','W201800087','5699',94,'2018-08-10 10:20:37'),('S201800904','W201800100','30749',83,'2018-07-05 05:17:17'),('S201800904','W201800107','13599',30,'2018-08-10 13:17:17'),('S201800905','W201800029','8303',64,'2018-08-14 02:10:37'),('S201800906','W201800150','2956',94,'2018-08-30 20:07:17'),('S201800907','W201800059','26575',55,'2018-09-01 14:07:17'),('S201800907','W201800064','28251',36,'2018-08-14 14:30:37'),('S201800907','W201800077','17459',47,'2018-08-05 15:30:37'),('S201800907','W201800091','24175',92,'2018-08-20 10:20:37'),('S201800908','W201800002','29521',94,'2018-08-20 12:30:37'),('S201800908','W201800051','31231',95,'2018-06-24 02:37:17'),('S201800908','W201800097','4949',80,'2018-07-01 15:13:57'),('S201800908','W201800197','27792',50,'2018-06-28 01:47:17'),('S201800909','W201800088','11502',70,'2018-06-21 21:43:57'),('S201800909','W201800103','3422',42,'2018-07-15 09:27:17'),('S201800909','W201800114','31564',78,'2018-08-06 13:20:37'),('S201800909','W201800187','5113',93,'2018-07-26 22:20:37'),('S201800910','W201800021','11664',34,'2018-08-27 15:23:57'),('S201800910','W201800038','26510',62,'2018-07-17 11:13:57'),('S201800910','W201800137','19660',99,'2018-08-14 02:00:37'),('S201800910','W201800152','6914',22,'2018-08-11 01:03:57'),('S201800911','W201800053','18514',73,'2018-07-08 01:20:37'),('S201800911','W201800066','21231',98,'2018-08-26 01:30:37'),('S201800911','W201800075','26923',82,'2018-07-24 20:20:37'),('S201800911','W201800089','21883',91,'2018-08-09 06:30:37'),('S201800912','W201800050','17934',30,'2018-08-17 10:43:57'),('S201800912','W201800167','28138',88,'2018-07-24 21:33:57'),('S201800913','W201800058','23752',74,'2018-06-20 05:23:57'),('S201800913','W201800070','3324',81,'2018-07-24 09:33:57'),('S201800913','W201800111','2861',78,'2018-06-22 05:33:57'),('S201800914','W201800111','27028',47,'2018-07-12 00:47:17'),('S201800915','W201800059','3090',42,'2018-08-25 12:10:37'),('S201800915','W201800088','31812',36,'2018-07-17 00:43:57'),('S201800916','W201800018','1415',98,'2018-06-22 16:27:17'),('S201800916','W201800027','8653',56,'2018-07-29 01:07:17'),('S201800916','W201800132','10003',56,'2018-08-11 04:23:57'),('S201800917','W201800008','7180',40,'2018-08-16 05:07:17'),('S201800917','W201800143','13918',98,'2018-07-02 15:57:17'),('S201800917','W201800161','20580',95,'2018-08-12 12:13:57'),('S201800917','W201800170','1200',34,'2018-08-20 04:17:17'),('S201800918','W201800012','4070',97,'2018-08-12 01:20:37'),('S201800918','W201800102','24721',80,'2018-07-31 21:37:17'),('S201800919','W201800030','9721',26,'2018-07-22 20:33:57'),('S201800919','W201800127','11459',41,'2018-08-01 08:23:57'),('S201800920','W201800191','1245',91,'2018-08-13 22:03:57'),('S201800921','W201800003','25702',47,'2018-07-13 08:17:17'),('S201800921','W201800033','436',40,'2018-08-17 18:13:57'),('S201800921','W201800055','19023',44,'2018-06-19 05:50:37'),('S201800921','W201800104','15357',76,'2018-07-22 13:33:57'),('S201800922','W201800130','10479',65,'2018-07-06 11:03:57'),('S201800922','W201800139','21527',84,'2018-08-30 10:00:37'),('S201800922','W201800150','16013',95,'2018-08-05 12:23:57'),('S201800922','W201800194','9219',61,'2018-08-20 01:23:57'),('S201800923','W201800030','24828',84,'2018-07-13 09:57:17'),('S201800923','W201800189','1697',100,'2018-07-27 10:13:57'),('S201800924','W201800043','19328',76,'2018-08-11 01:13:57'),('S201800924','W201800112','19083',40,'2018-08-23 15:23:57'),('S201800924','W201800182','17709',81,'2018-07-19 18:13:58'),('S201800925','W201800061','14234',63,'2018-07-30 15:10:38'),('S201800926','W201800067','9906',38,'2018-06-28 22:40:38'),('S201800926','W201800157','4527',89,'2018-08-04 19:50:38'),('S201800927','W201800043','719',88,'2018-06-25 15:13:58'),('S201800928','W201800052','26875',64,'2018-07-12 19:00:38'),('S201800929','W201800014','31393',98,'2018-08-02 00:57:18'),('S201800929','W201800045','10373',90,'2018-06-25 19:27:18'),('S201800930','W201800048','5948',77,'2018-07-27 23:53:58'),('S201800930','W201800128','30143',36,'2018-06-23 22:27:18'),('S201800931','W201800072','13170',53,'2018-07-01 07:00:38'),('S201800932','W201800074','6306',93,'2018-08-16 18:47:18'),('S201800933','W201800067','27748',81,'2018-08-24 13:50:38'),('S201800933','W201800189','16762',63,'2018-08-22 07:27:18'),('S201800934','W201800050','13010',52,'2018-07-01 23:30:38'),('S201800934','W201800053','29551',22,'2018-07-08 08:40:38'),('S201800934','W201800161','15814',66,'2018-07-11 20:50:38'),('S201800934','W201800165','13948',59,'2018-08-09 23:10:38'),('S201800935','W201800035','24186',48,'2018-08-22 10:17:18'),('S201800935','W201800053','11047',31,'2018-08-17 15:33:58'),('S201800936','W201800037','24621',92,'2018-08-31 23:47:18'),('S201800936','W201800105','29115',58,'2018-08-27 14:13:58'),('S201800936','W201800117','8395',50,'2018-08-09 22:57:18'),('S201800936','W201800152','13374',89,'2018-07-06 19:13:58'),('S201800937','W201800030','8059',62,'2018-08-14 00:03:58'),('S201800937','W201800078','13191',95,'2018-08-03 02:03:58'),('S201800937','W201800189','32309',67,'2018-08-18 09:27:18'),('S201800938','W201800151','7247',77,'2018-07-24 18:50:38'),('S201800939','W201800090','22258',72,'2018-06-29 10:40:38'),('S201800940','W201800076','12662',97,'2018-07-05 01:40:38'),('S201800940','W201800196','6121',83,'2018-06-23 06:30:38'),('S201800940','W201800199','9860',76,'2018-06-26 08:30:38'),('S201800941','W201800047','17817',94,'2018-08-26 21:27:18'),('S201800941','W201800108','22583',86,'2018-07-07 16:37:18'),('S201800942','W201800039','8975',70,'2018-06-21 20:30:38'),('S201800942','W201800087','25483',52,'2018-08-16 13:40:38'),('S201800942','W201800123','24507',73,'2018-08-28 13:30:38'),('S201800942','W201800141','14706',81,'2018-07-27 03:40:38'),('S201800943','W201800133','22376',64,'2018-07-12 18:30:38'),('S201800944','W201800013','32369',34,'2018-07-02 11:17:18'),('S201800944','W201800052','32625',60,'2018-07-03 17:53:58'),('S201800944','W201800110','14026',75,'2018-08-02 04:03:58'),('S201800944','W201800162','16193',43,'2018-07-16 18:00:38'),('S201800945','W201800156','4598',84,'2018-08-07 09:13:58'),('S201800946','W201800075','16284',60,'2018-06-22 00:27:18'),('S201800946','W201800111','27787',98,'2018-07-03 17:17:18'),('S201800947','W201800164','915',30,'2018-08-28 18:57:18'),('S201800948','W201800009','26082',93,'2018-07-19 18:33:58'),('S201800948','W201800015','21757',54,'2018-08-04 15:47:18'),('S201800948','W201800113','23482',79,'2018-07-19 13:27:18'),('S201800948','W201800145','25938',82,'2018-08-19 11:03:58'),('S201800949','W201800062','29724',86,'2018-08-03 22:53:58'),('S201800949','W201800093','5649',60,'2018-08-09 15:57:18'),('S201800949','W201800094','23516',93,'2018-08-18 12:37:18'),('S201800949','W201800100','21496',40,'2018-08-17 04:30:38'),('S201800950','W201800011','30895',72,'2018-08-18 23:50:38'),('S201800950','W201800168','10521',66,'2018-08-19 13:33:58'),('S201800951','W201800032','25165',33,'2018-08-10 10:57:18'),('S201800951','W201800039','7581',74,'2018-07-27 23:03:58'),('S201800951','W201800061','25609',80,'2018-08-30 00:30:38'),('S201800951','W201800133','5509',60,'2018-09-01 13:13:58'),('S201800952','W201800028','12597',51,'2018-06-26 13:47:18'),('S201800952','W201800110','18416',53,'2018-06-28 05:20:38'),('S201800952','W201800173','9338',92,'2018-07-05 17:53:58'),('S201800953','W201800042','17170',56,'2018-08-12 20:00:38'),('S201800953','W201800076','7267',86,'2018-08-01 16:27:18'),('S201800953','W201800154','7626',64,'2018-07-08 11:40:38'),('S201800953','W201800180','21321',66,'2018-08-31 05:23:58'),('S201800954','W201800042','19809',69,'2018-07-18 13:57:18'),('S201800954','W201800055','1604',46,'2018-08-06 06:50:38'),('S201800954','W201800108','22622',92,'2018-07-02 14:30:38'),('S201800954','W201800200','2771',59,'2018-08-23 01:50:38'),('S201800955','W201800146','30562',50,'2018-07-23 19:30:38'),('S201800956','W201800154','26250',81,'2018-08-08 09:47:18'),('S201800957','W201800017','27771',77,'2018-08-09 07:17:18'),('S201800957','W201800053','4229',96,'2018-08-03 20:03:58'),('S201800957','W201800111','7919',50,'2018-07-11 05:43:58'),('S201800957','W201800123','20940',78,'2018-08-20 08:47:18'),('S201800958','W201800006','12744',20,'2018-07-06 06:30:38'),('S201800958','W201800084','20051',93,'2018-07-07 05:17:18'),('S201800958','W201800131','5706',80,'2018-07-26 04:50:38'),('S201800959','W201800046','9560',56,'2018-07-31 16:37:18'),('S201800960','W201800022','8654',62,'2018-06-19 20:07:18'),('S201800961','W201800004','30682',68,'2018-07-06 04:03:58'),('S201800962','W201800192','22552',67,'2018-07-09 21:13:58'),('S201800963','W201800034','10634',56,'2018-06-23 07:13:58'),('S201800963','W201800158','2889',75,'2018-07-24 14:03:58'),('S201800963','W201800159','6370',63,'2018-07-06 14:27:18'),('S201800963','W201800196','175',80,'2018-07-24 00:20:38'),('S201800964','W201800012','20308',55,'2018-07-15 06:23:58'),('S201800964','W201800124','26365',59,'2018-08-25 13:37:18'),('S201800965','W201800075','14942',84,'2018-07-15 10:03:58'),('S201800965','W201800097','9773',83,'2018-08-25 07:07:18'),('S201800965','W201800158','9576',70,'2018-06-30 01:30:38'),('S201800966','W201800014','19206',74,'2018-08-17 03:57:18'),('S201800966','W201800021','25466',28,'2018-08-11 21:33:58'),('S201800966','W201800113','27995',64,'2018-07-12 18:07:18'),('S201800966','W201800162','32356',55,'2018-07-11 18:57:18'),('S201800967','W201800112','23156',70,'2018-08-24 12:07:18'),('S201800968','W201800092','9201',76,'2018-07-06 13:43:58'),('S201800968','W201800160','9003',51,'2018-07-05 11:37:18'),('S201800968','W201800164','26603',26,'2018-08-12 13:37:18'),('S201800969','W201800007','27825',80,'2018-07-13 05:00:38'),('S201800969','W201800046','17781',60,'2018-07-19 10:37:18'),('S201800969','W201800200','4571',71,'2018-08-17 05:53:58'),('S201800970','W201800192','31516',86,'2018-07-28 04:50:38'),('S201800971','W201800103','11639',66,'2018-08-17 11:13:58'),('S201800971','W201800112','3258',76,'2018-08-25 21:40:38'),('S201800971','W201800182','17106',81,'2018-08-07 23:13:58'),('S201800972','W201800091','21196',84,'2018-07-01 17:47:18'),('S201800972','W201800093','21957',67,'2018-07-10 20:20:38'),('S201800972','W201800151','25790',94,'2018-06-19 00:33:58'),('S201800972','W201800195','13256',91,'2018-08-11 11:47:18'),('S201800973','W201800010','31124',14,'2018-07-10 16:13:58'),('S201800973','W201800025','10007',77,'2018-07-15 22:17:18'),('S201800973','W201800050','19660',96,'2018-07-06 13:57:18'),('S201800973','W201800124','543',89,'2018-07-04 16:10:38'),('S201800974','W201800034','24935',86,'2018-07-30 22:37:18'),('S201800974','W201800078','23248',26,'2018-08-23 12:30:38'),('S201800974','W201800128','3761',31,'2018-07-09 04:30:38'),('S201800975','W201800096','22380',50,'2018-07-28 01:10:38'),('S201800975','W201800178','25604',99,'2018-08-01 12:53:58'),('S201800976','W201800080','4045',20,'2018-08-13 14:50:38'),('S201800976','W201800096','25918',89,'2018-07-07 23:33:58'),('S201800976','W201800113','4348',60,'2018-08-09 03:33:58'),('S201800976','W201800123','22843',38,'2018-07-21 20:20:38'),('S201800977','W201800074','13368',22,'2018-08-29 16:00:38'),('S201800977','W201800121','19164',20,'2018-08-19 10:30:38'),('S201800977','W201800186','30283',45,'2018-08-12 08:27:18'),('S201800978','W201800078','21212',82,'2018-07-09 01:07:18'),('S201800978','W201800085','2759',28,'2018-08-20 12:13:58'),('S201800978','W201800150','13042',50,'2018-06-22 15:27:18'),('S201800978','W201800179','17357',90,'2018-08-01 11:57:18'),('S201800979','W201800005','17376',55,'2018-07-17 22:50:38'),('S201800979','W201800108','2984',59,'2018-06-28 06:30:38'),('S201800979','W201800148','346',57,'2018-08-19 09:50:38'),('S201800980','W201800022','31096',61,'2018-08-01 09:07:18'),('S201800981','W201800023','4975',88,'2018-07-22 16:47:18'),('S201800981','W201800166','30277',73,'2018-08-16 10:07:18'),('S201800981','W201800192','20291',44,'2018-07-24 18:07:18'),('S201800982','W201800001','16913',78,'2018-07-29 22:10:38'),('S201800982','W201800057','16473',22,'2018-07-31 00:00:38'),('S201800982','W201800141','21436',100,'2018-07-09 05:53:58'),('S201800982','W201800151','23836',76,'2018-07-04 23:17:18'),('S201800983','W201800085','25428',41,'2018-07-07 20:57:18'),('S201800983','W201800086','10710',42,'2018-07-01 11:53:58'),('S201800983','W201800116','4265',44,'2018-06-21 03:10:38'),('S201800983','W201800194','11637',68,'2018-07-17 10:50:38'),('S201800984','W201800118','22206',72,'2018-06-20 13:30:38'),('S201800984','W201800191','6862',44,'2018-08-13 19:47:18'),('S201800985','W201800089','22413',78,'2018-06-21 09:30:38'),('S201800985','W201800139','26526',88,'2018-07-11 10:20:38'),('S201800986','W201800003','9681',77,'2018-08-10 05:00:38'),('S201800986','W201800094','9192',51,'2018-08-14 19:00:38'),('S201800986','W201800098','13310',92,'2018-07-20 18:17:18'),('S201800986','W201800129','25774',99,'2018-08-11 02:10:38'),('S201800987','W201800001','19571',83,'2018-07-16 17:47:18'),('S201800988','W201800077','16400',53,'2018-08-25 22:20:38'),('S201800988','W201800147','30760',45,'2018-08-09 18:57:18'),('S201800988','W201800157','13731',100,'2018-08-17 19:10:38'),('S201800989','W201800120','30586',84,'2018-08-22 19:57:18'),('S201800989','W201800136','18780',42,'2018-08-13 08:23:58'),('S201800989','W201800141','22179',30,'2018-06-30 07:27:18'),('S201800989','W201800146','24364',93,'2018-08-31 13:07:18'),('S201800990','W201800082','21236',88,'2018-06-19 17:57:18'),('S201800990','W201800125','11496',81,'2018-07-31 23:13:58'),('S201800991','W201800022','13572',90,'2018-07-19 22:33:58'),('S201800991','W201800082','16555',64,'2018-07-03 04:27:18'),('S201800991','W201800163','19357',60,'2018-08-10 12:43:58'),('S201800992','W201800104','901',86,'2018-07-04 14:00:38'),('S201800992','W201800147','5716',72,'2018-07-27 07:53:58'),('S201800992','W201800157','13411',70,'2018-07-22 07:37:18'),('S201800992','W201800197','13644',90,'2018-08-11 06:23:58'),('S201800993','W201800010','4231',67,'2018-07-21 03:40:38'),('S201800993','W201800056','22469',97,'2018-07-04 08:03:58'),('S201800993','W201800121','4926',91,'2018-06-28 20:53:58'),('S201800993','W201800132','28708',87,'2018-07-30 21:30:38'),('S201800994','W201800164','12374',40,'2018-08-28 02:07:18'),('S201800994','W201800170','12435',64,'2018-08-12 15:13:58'),('S201800994','W201800182','16059',75,'2018-06-30 12:03:58'),('S201800995','W201800052','17605',72,'2018-07-17 10:00:38'),('S201800996','W201800002','18403',92,'2018-07-23 17:17:18'),('S201800996','W201800018','17009',97,'2018-06-22 10:23:58'),('S201800996','W201800026','5908',70,'2018-08-19 19:50:38'),('S201800996','W201800068','32276',95,'2018-08-05 03:47:18'),('S201800997','W201800029','30862',31,'2018-07-05 08:53:58'),('S201800997','W201800067','21001',61,'2018-07-03 05:57:18'),('S201800997','W201800108','28219',90,'2018-06-20 18:27:18'),('S201800997','W201800139','14268',61,'2018-08-09 03:30:38'),('S201800998','W201800039','30362',77,'2018-07-05 12:00:38'),('S201800998','W201800142','11030',82,'2018-08-03 19:50:38'),('S201800999','W201800080','20553',75,'2018-08-05 03:50:38'),('S201800999','W201800163','10088',96,'2018-08-06 15:27:18'),('S201801000','W201800105','9038',92,'2018-07-15 19:37:18'),('S201801000','W201800152','32746',57,'2018-06-30 11:57:18');
/*!40000 ALTER TABLE `StudentTask` ENABLE KEYS */;
UNLOCK TABLES;

--
-- Table structure for table `Task`
--

DROP TABLE IF EXISTS `Task`;
/*!40101 SET @saved_cs_client     = @@character_set_client */;
/*!40101 SET character_set_client = utf8 */;
CREATE TABLE `Task` (
  `id` char(10) COLLATE utf8mb4_unicode_ci NOT NULL,
  `courseId` char(10) COLLATE utf8mb4_unicode_ci DEFAULT NULL,
  `teacherId` char(10) COLLATE utf8mb4_unicode_ci DEFAULT NULL,
  `question` text COLLATE utf8mb4_unicode_ci,
  `start` timestamp NOT NULL DEFAULT CURRENT_TIMESTAMP ON UPDATE CURRENT_TIMESTAMP,
  `end` timestamp NOT NULL DEFAULT '0000-00-00 00:00:00',
  `type` char(10) COLLATE utf8mb4_unicode_ci DEFAULT NULL,
  PRIMARY KEY (`id`),
  KEY `teacherId` (`teacherId`),
  KEY `courseId` (`courseId`,`teacherId`),
  CONSTRAINT `Task_ibfk_1` FOREIGN KEY (`courseId`, `teacherId`) REFERENCES `TeacherCourse` (`courseId`, `teacherId`) ON DELETE SET NULL ON UPDATE CASCADE
) ENGINE=InnoDB DEFAULT CHARSET=utf8mb4 COLLATE=utf8mb4_unicode_ci;
/*!40101 SET character_set_client = @saved_cs_client */;

--
-- Dumping data for table `Task`
--

LOCK TABLES `Task` WRITE;
/*!40000 ALTER TABLE `Task` DISABLE KEYS */;
INSERT INTO `Task` VALUES ('W201800001','C201800034','T201800057','8558 - 32277 - 20424 = ?   ','2018-05-30 19:29:11','2018-08-18 05:05:33','exam'),('W201800002','C201800017','T201800021','19522 - 12509 - 13439 = ?  ','2018-06-10 00:22:08','2018-07-19 11:55:33','exam'),('W201800003','C201800012','T201800096','21456 / 15405 / 10941 = ?  ','2018-04-09 14:08:34','2018-08-31 05:58:53','exam'),('W201800004','C201800001','T201800088','10066 * 3897 % 3634 = ?    ','2018-05-22 07:27:42','2018-08-22 13:58:53','exam'),('W201800005','C201800026','T201800013','22996 - 29268 + 26089 = ?  ','2018-05-18 22:27:02','2018-08-12 00:25:33','task'),('W201800006','C201800042','T201800036','25205 % 22272 + 14448 = ?  ','2018-05-19 12:05:57','2018-08-27 00:45:33','task'),('W201800007','C201800049','T201800080','16907 + 8691 * 23039 = ?   ','2018-05-06 22:56:57','2018-08-14 04:02:13','task'),('W201800008','C201800032','T201800032','18556 - 12383 % 3453 = ?   ','2018-03-15 12:59:15','2018-08-05 09:22:13','task'),('W201800009','C201800033','T201800045','29978 + 27103 / 31389 = ?  ','2018-03-16 20:41:15','2018-06-22 12:32:13','exam'),('W201800010','C201800022','T201800008','19014 * 10509 % 21174 = ?  ','2018-05-17 15:27:18','2018-08-18 13:38:53','exam'),('W201800011','C201800016','T201800024','21689 / 11648 * 32734 = ?  ','2018-05-19 03:12:20','2018-07-08 20:12:13','task'),('W201800012','C201800038','T201800063','12239 - 28582 / 22570 = ?  ','2018-04-12 02:59:21','2018-07-24 17:25:33','task'),('W201800013','C201800029','T201800005','23702 / 15488 - 5016 = ?   ','2018-03-27 08:05:10','2018-07-03 15:48:53','exam'),('W201800014','C201800006','T201800052','27128 + 16018 + 26250 = ?  ','2018-06-15 19:13:57','2018-07-02 21:42:13','task'),('W201800015','C201800003','T201800065','704 + 3387 + 23336 = ?     ','2018-02-25 19:46:02','2018-07-09 00:18:53','task'),('W201800016','C201800048','T201800081','12412 * 8287 + 17592 = ?   ','2018-05-28 01:58:23','2018-08-31 18:52:13','exam'),('W201800017','C201800011','T201800076','14385 % 21722 * 9908 = ?   ','2018-04-04 20:06:39','2018-08-02 12:02:13','exam'),('W201800018','C201800010','T201800003','3173 % 732 + 17775 = ?     ','2018-03-04 12:49:15','2018-08-17 17:22:13','exam'),('W201800019','C201800020','T201800049','20107 - 6041 + 17319 = ?   ','2018-04-07 07:48:45','2018-07-04 02:32:13','exam'),('W201800020','C201800006','T201800048','22886 + 26376 - 25336 = ?  ','2018-05-15 15:59:35','2018-06-19 03:28:53','exam'),('W201800021','C201800008','T201800025','24201 * 15943 * 29123 = ?  ','2018-02-18 12:53:20','2018-07-11 20:02:13','task'),('W201800022','C201800031','T201800004','22868 - 31760 / 26064 = ?  ','2018-06-02 00:03:20','2018-07-19 20:48:53','task'),('W201800023','C201800005','T201800043','1780 % 20108 + 25328 = ?   ','2018-03-15 01:32:25','2018-08-01 10:08:53','task'),('W201800024','C201800045','T201800029','23726 / 19176 % 21309 = ?  ','2018-03-16 07:49:53','2018-08-23 19:18:53','exam'),('W201800025','C201800028','T201800035','369 / 32499 / 4076 = ?     ','2018-06-16 12:24:12','2018-08-06 01:42:13','task'),('W201800026','C201800025','T201800040','31551 % 9441 + 18935 = ?   ','2018-04-15 16:18:54','2018-07-22 01:05:33','exam'),('W201800027','C201800041','T201800083','21090 % 15968 - 19683 = ?  ','2018-02-26 09:19:40','2018-06-24 15:42:13','exam'),('W201800028','C201800012','T201800096','20206 - 12412 % 10476 = ?  ','2018-03-26 02:35:15','2018-08-09 05:32:13','exam'),('W201800029','C201800036','T201800018','18549 / 10486 / 17239 = ?  ','2018-04-24 03:38:07','2018-07-23 23:12:14','exam'),('W201800030','C201800045','T201800029','21204 / 32069 * 2383 = ?   ','2018-05-11 05:10:54','2018-07-11 10:15:34','exam'),('W201800031','C201800024','T201800068','26345 / 5405 / 6707 = ?    ','2018-03-31 08:51:33','2018-07-19 13:42:13','task'),('W201800032','C201800038','T201800089','27373 - 30380 / 25976 = ?  ','2018-05-15 09:33:54','2018-08-24 23:25:34','task'),('W201800033','C201800018','T201800031','5389 % 22479 % 25600 = ?   ','2018-06-05 05:27:23','2018-07-07 15:58:53','task'),('W201800034','C201800042','T201800073','3359 * 11618 * 8039 = ?    ','2018-03-08 13:35:38','2018-07-14 14:05:34','task'),('W201800035','C201800028','T201800085','7115 * 13645 * 30621 = ?   ','2018-04-22 19:19:08','2018-07-25 03:22:13','task'),('W201800036','C201800036','T201800018','27295 * 31247 - 7279 = ?   ','2018-06-17 03:06:31','2018-08-30 14:22:13','exam'),('W201800037','C201800042','T201800036','23373 + 13768 % 30325 = ?  ','2018-02-23 22:09:16','2018-07-04 09:02:14','exam'),('W201800038','C201800004','T201800074','26452 * 26434 % 9703 = ?   ','2018-04-11 09:22:41','2018-08-22 16:02:13','exam'),('W201800039','C201800004','T201800074','29352 + 20568 + 15401 = ?  ','2018-03-26 14:23:13','2018-06-26 13:52:13','task'),('W201800040','C201800002','T201800014','20068 * 23979 % 20943 = ?  ','2018-03-29 15:49:31','2018-07-29 05:12:13','task'),('W201800041','C201800040','T201800075','11011 * 544 * 30072 = ?    ','2018-06-08 12:47:40','2018-06-24 16:25:34','task'),('W201800042','C201800023','T201800059','7787 % 28116 % 8335 = ?    ','2018-03-09 07:01:44','2018-08-06 00:08:53','task'),('W201800043','C201800034','T201800023','23308 * 19974 / 6875 = ?   ','2018-04-17 00:16:45','2018-08-30 12:48:53','exam'),('W201800044','C201800010','T201800003','29149 + 18517 % 10699 = ?  ','2018-05-23 11:11:57','2018-08-07 21:55:33','exam'),('W201800045','C201800045','T201800062','22414 * 13591 % 11907 = ?  ','2018-03-05 12:09:20','2018-08-11 11:45:33','exam'),('W201800046','C201800047','T201800028','1125 + 16268 * 5684 = ?    ','2018-05-20 14:46:48','2018-08-13 04:38:54','exam'),('W201800047','C201800035','T201800064','20798 / 14062 % 9840 = ?   ','2018-03-24 09:27:56','2018-07-11 15:22:14','task'),('W201800048','C201800015','T201800077','22245 - 5333 / 2154 = ?    ','2018-03-01 23:10:55','2018-06-25 16:35:33','exam'),('W201800049','C201800002','T201800014','6908 % 13026 % 9397 = ?    ','2018-02-27 08:29:11','2018-06-24 04:22:13','exam'),('W201800050','C201800030','T201800072','14818 - 8754 + 15574 = ?   ','2018-06-09 21:27:47','2018-08-29 07:15:33','exam'),('W201800051','C201800009','T201800084','5732 + 11586 - 20592 = ?   ','2018-03-25 14:20:52','2018-07-08 07:22:13','task'),('W201800052','C201800047','T201800011','6192 % 12560 % 12662 = ?   ','2018-02-24 01:40:36','2018-08-11 16:38:54','exam'),('W201800053','C201800015','T201800077','11930 % 21731 * 22159 = ?  ','2018-02-28 17:46:17','2018-06-28 23:22:13','exam'),('W201800054','C201800035','T201800082','6681 + 11044 / 14907 = ?   ','2018-03-04 16:36:26','2018-07-12 09:48:53','task'),('W201800055','C201800001','T201800088','28923 - 26961 % 3957 = ?   ','2018-04-14 15:50:08','2018-07-23 20:12:13','exam'),('W201800056','C201800046','T201800026','30276 % 11450 / 32372 = ?  ','2018-02-20 07:14:37','2018-07-20 15:18:54','exam'),('W201800057','C201800049','T201800016','9000 * 26206 - 23414 = ?   ','2018-04-06 18:25:41','2018-07-18 15:22:13','task'),('W201800058','C201800003','T201800054','18902 * 15670 * 22354 = ?  ','2018-05-25 17:31:46','2018-08-26 09:42:13','task'),('W201800059','C201800008','T201800033','21912 / 28546 - 28896 = ?  ','2018-06-08 11:49:33','2018-08-23 22:58:53','task'),('W201800060','C201800009','T201800050','4808 % 9654 + 32584 = ?    ','2018-03-02 17:50:59','2018-08-12 03:22:13','exam'),('W201800061','C201800018','T201800031','30051 / 185 % 1059 = ?     ','2018-04-30 22:16:26','2018-08-24 14:35:33','task'),('W201800062','C201800008','T201800025','13155 % 29021 % 3954 = ?   ','2018-05-05 02:55:17','2018-08-25 08:25:33','exam'),('W201800063','C201800006','T201800048','3807 + 1570 / 1811 = ?     ','2018-04-03 11:31:49','2018-07-12 23:02:13','task'),('W201800064','C201800029','T201800091','31560 + 28990 % 30945 = ?  ','2018-05-20 01:34:18','2018-07-09 20:38:53','exam'),('W201800065','C201800037','T201800002','9995 % 30591 % 28266 = ?   ','2018-06-10 18:41:04','2018-08-10 14:25:34','exam'),('W201800066','C201800033','T201800045','14916 % 30375 - 1211 = ?   ','2018-03-02 13:00:24','2018-07-03 06:18:53','task'),('W201800067','C201800044','T201800099','24497 + 11084 / 19849 = ?  ','2018-05-24 12:22:59','2018-07-18 23:35:34','task'),('W201800068','C201800039','T201800006','23744 / 31343 * 9697 = ?   ','2018-02-19 18:23:15','2018-07-01 05:52:13','exam'),('W201800069','C201800043','T201800069','18437 % 26734 - 5931 = ?   ','2018-05-02 09:35:03','2018-08-25 16:58:54','task'),('W201800070','C201800013','T201800030','12374 + 3992 - 14140 = ?   ','2018-02-23 03:02:47','2018-08-11 04:48:53','exam'),('W201800071','C201800047','T201800011','13784 / 9001 % 10227 = ?   ','2018-03-24 16:25:19','2018-08-07 16:32:13','exam'),('W201800072','C201800040','T201800075','17814 + 26897 / 4623 = ?   ','2018-05-06 08:19:55','2018-07-19 21:08:53','task'),('W201800073','C201800040','T201800038','27071 - 6196 - 23450 = ?   ','2018-04-21 20:20:11','2018-08-21 07:15:34','exam'),('W201800074','C201800022','T201800095','2022 + 11099 / 9802 = ?    ','2018-03-19 14:01:29','2018-08-14 16:45:33','exam'),('W201800075','C201800049','T201800080','16050 % 1689 / 24189 = ?   ','2018-04-04 10:25:29','2018-08-09 22:22:14','exam'),('W201800076','C201800011','T201800076','27203 % 16266 / 29321 = ?  ','2018-05-14 19:49:42','2018-08-08 16:25:33','exam'),('W201800077','C201800018','T201800098','28800 / 8918 + 21303 = ?   ','2018-04-04 10:14:55','2018-08-18 23:25:33','exam'),('W201800078','C201800039','T201800046','26623 % 21517 + 4974 = ?   ','2018-05-16 11:16:38','2018-08-30 12:22:14','task'),('W201800079','C201800048','T201800093','30925 - 10373 * 20346 = ?  ','2018-06-11 19:25:41','2018-06-22 02:32:14','task'),('W201800080','C201800041','T201800083','15174 - 5253 + 31660 = ?   ','2018-03-31 11:45:54','2018-06-28 19:45:34','task'),('W201800081','C201800013','T201800009','939 + 22418 % 11832 = ?    ','2018-06-06 06:17:17','2018-08-18 08:32:13','task'),('W201800082','C201800024','T201800097','5513 - 3127 - 22301 = ?    ','2018-03-06 19:24:55','2018-08-14 02:32:13','exam'),('W201800083','C201800025','T201800100','17863 * 22685 % 30645 = ?  ','2018-03-02 04:22:38','2018-08-18 09:22:13','exam'),('W201800084','C201800015','T201800086','6199 - 7170 - 12143 = ?    ','2018-05-01 14:39:08','2018-07-18 17:55:33','task'),('W201800085','C201800032','T201800037','1877 / 668 * 22394 = ?     ','2018-06-08 15:47:18','2018-08-09 10:38:53','task'),('W201800086','C201800002','T201800056','16960 + 18413 / 15989 = ?  ','2018-04-28 14:21:31','2018-08-05 19:08:53','exam'),('W201800087','C201800048','T201800093','22293 * 26568 / 29904 = ?  ','2018-03-14 15:40:41','2018-07-11 19:35:33','exam'),('W201800088','C201800016','T201800070','29824 + 22692 * 32312 = ?  ','2018-04-25 06:50:40','2018-07-20 17:45:33','exam'),('W201800089','C201800019','T201800027','13353 / 1271 - 6165 = ?    ','2018-06-01 05:07:25','2018-07-23 22:18:53','task'),('W201800090','C201800001','T201800061','9956 / 3117 * 4769 = ?     ','2018-03-18 12:02:54','2018-08-06 22:22:13','task'),('W201800091','C201800020','T201800049','29954 / 6618 * 9626 = ?    ','2018-02-18 15:15:59','2018-08-01 01:15:33','task'),('W201800092','C201800032','T201800032','4648 % 8342 + 17238 = ?    ','2018-03-15 09:54:20','2018-07-13 04:55:33','task'),('W201800093','C201800038','T201800089','25289 / 1169 - 2320 = ?    ','2018-02-18 10:04:16','2018-08-02 12:55:33','task'),('W201800094','C201800046','T201800067','29655 / 12986 + 11369 = ?  ','2018-06-05 07:39:28','2018-08-22 05:42:14','exam'),('W201800095','C201800022','T201800095','18700 * 10341 + 5492 = ?   ','2018-04-16 07:38:12','2018-07-07 22:08:53','exam'),('W201800096','C201800036','T201800012','13163 * 14910 / 7758 = ?   ','2018-02-20 22:39:12','2018-08-08 20:12:14','exam'),('W201800097','C201800044','T201800099','8396 * 15434 - 21965 = ?   ','2018-04-05 13:27:28','2018-07-31 06:08:53','exam'),('W201800098','C201800017','T201800071','4388 % 18887 - 14038 = ?   ','2018-05-20 02:32:25','2018-07-16 13:32:13','task'),('W201800099','C201800012','T201800060','8464 * 21750 + 20152 = ?   ','2018-04-28 11:16:36','2018-08-11 08:35:33','exam'),('W201800100','C201800014','T201800041','14750 + 14078 / 13363 = ?  ','2018-03-07 22:26:54','2018-08-19 17:12:13','task'),('W201800101','C201800026','T201800079','21181 - 25698 / 1740 = ?   ','2018-05-30 21:41:16','2018-07-06 06:12:13','exam'),('W201800102','C201800025','T201800040','22414 / 30252 % 12344 = ?  ','2018-04-19 22:48:42','2018-07-10 17:58:53','exam'),('W201800103','C201800026','T201800013','13823 - 10112 + 27693 = ?  ','2018-03-21 16:49:58','2018-08-07 10:45:33','exam'),('W201800104','C201800035','T201800082','31154 + 16773 - 1511 = ?   ','2018-04-17 05:49:36','2018-07-04 06:12:13','exam'),('W201800105','C201800028','T201800085','26293 / 11184 % 13556 = ?  ','2018-04-20 13:46:52','2018-06-18 07:02:13','exam'),('W201800106','C201800014','T201800053','10534 + 14989 % 4252 = ?   ','2018-05-06 17:02:58','2018-08-16 00:38:53','exam'),('W201800107','C201800005','T201800047','2595 - 29346 % 19766 = ?   ','2018-04-10 21:08:18','2018-08-28 04:38:53','task'),('W201800108','C201800023','T201800039','31584 + 27401 - 17537 = ?  ','2018-05-23 00:22:06','2018-08-14 06:22:13','exam'),('W201800109','C201800032','T201800037','24604 % 30513 - 11964 = ?  ','2018-05-15 18:27:31','2018-06-19 00:02:13','exam'),('W201800110','C201800050','T201800007','20251 - 10288 - 14760 = ?  ','2018-05-15 23:49:48','2018-07-29 04:32:13','exam'),('W201800111','C201800013','T201800030','3969 / 21892 + 1485 = ?    ','2018-04-30 23:09:16','2018-07-10 11:45:33','exam'),('W201800112','C201800019','T201800027','13103 / 15471 % 17846 = ?  ','2018-06-07 08:52:51','2018-07-31 12:58:53','task'),('W201800113','C201800016','T201800024','23757 * 19528 - 14855 = ?  ','2018-06-11 00:19:12','2018-07-27 10:35:33','task'),('W201800114','C201800033','T201800001','24972 % 32101 / 2278 = ?   ','2018-05-01 10:04:24','2018-06-22 02:18:53','exam'),('W201800115','C201800005','T201800047','13857 + 32760 + 7990 = ?   ','2018-03-27 09:40:16','2018-06-18 09:32:13','task'),('W201800116','C201800043','T201800069','2773 + 14681 - 31000 = ?   ','2018-03-25 20:04:17','2018-06-20 09:08:53','task'),('W201800117','C201800037','T201800022','13246 % 258 % 32692 = ?    ','2018-02-19 21:59:52','2018-08-08 19:15:33','exam'),('W201800118','C201800031','T201800004','21200 / 29566 - 11166 = ?  ','2018-03-15 18:32:06','2018-06-29 02:48:53','exam'),('W201800119','C201800028','T201800035','20764 % 26616 / 24928 = ?  ','2018-02-26 06:35:53','2018-06-24 13:12:13','task'),('W201800120','C201800046','T201800026','8316 + 31867 % 12682 = ?   ','2018-04-03 18:13:21','2018-08-07 15:22:13','exam'),('W201800121','C201800042','T201800073','17407 * 5926 % 30096 = ?   ','2018-04-26 12:20:35','2018-08-08 10:38:53','task'),('W201800122','C201800011','T201800010','674 / 24419 % 8870 = ?     ','2018-04-08 17:53:24','2018-08-09 21:48:53','exam'),('W201800123','C201800039','T201800006','30937 / 23689 - 17300 = ?  ','2018-03-06 07:47:31','2018-07-16 18:48:54','task'),('W201800124','C201800033','T201800001','11738 / 28515 - 225 = ?    ','2018-04-25 12:55:13','2018-07-01 13:42:13','task'),('W201800125','C201800005','T201800043','1603 + 14016 % 27591 = ?   ','2018-05-22 19:57:56','2018-07-25 17:05:33','task'),('W201800126','C201800014','T201800041','13383 + 8243 - 29644 = ?   ','2018-04-16 19:52:35','2018-07-03 01:42:13','task'),('W201800127','C201800029','T201800005','18785 * 26934 % 16946 = ?  ','2018-02-24 06:41:45','2018-08-20 16:48:53','task'),('W201800128','C201800019','T201800055','31849 - 21595 / 4324 = ?   ','2018-03-02 16:26:27','2018-07-27 02:48:53','exam'),('W201800129','C201800015','T201800086','4817 - 23766 / 26288 = ?   ','2018-03-21 10:34:51','2018-06-28 05:48:53','exam'),('W201800130','C201800039','T201800046','7108 + 29285 / 28450 = ?   ','2018-06-05 05:11:32','2018-07-11 17:12:13','exam'),('W201800131','C201800016','T201800070','28459 % 21518 * 14666 = ?  ','2018-03-20 11:04:12','2018-06-19 22:55:33','task'),('W201800132','C201800041','T201800051','29519 % 25897 * 16416 = ?  ','2018-03-18 02:32:18','2018-07-23 03:48:53','task'),('W201800133','C201800009','T201800050','6810 % 5321 + 27688 = ?    ','2018-05-05 18:41:00','2018-07-01 22:45:33','exam'),('W201800134','C201800050','T201800066','16559 / 1740 % 21047 = ?   ','2018-02-23 10:10:44','2018-06-22 08:58:53','exam'),('W201800135','C201800021','T201800017','14178 * 10735 + 10636 = ?  ','2018-03-21 22:54:31','2018-07-22 17:38:53','exam'),('W201800136','C201800027','T201800092','9233 + 20741 - 10082 = ?   ','2018-05-28 11:02:34','2018-08-15 06:25:33','exam'),('W201800137','C201800009','T201800084','16906 / 2677 / 19701 = ?   ','2018-05-28 19:35:03','2018-07-11 00:08:53','exam'),('W201800138','C201800043','T201800034','7615 - 23614 / 25391 = ?   ','2018-03-23 15:35:25','2018-08-06 05:08:54','exam'),('W201800139','C201800044','T201800058','19313 % 32580 - 6285 = ?   ','2018-03-08 16:45:50','2018-07-19 09:28:53','exam'),('W201800140','C201800044','T201800058','20396 / 10981 / 21219 = ?  ','2018-03-08 20:48:52','2018-07-06 14:55:34','task'),('W201800141','C201800030','T201800078','27713 - 9391 + 8757 = ?    ','2018-05-30 01:47:14','2018-08-06 10:52:13','task'),('W201800142','C201800037','T201800002','14973 % 15423 - 25425 = ?  ','2018-04-05 05:05:33','2018-07-21 15:45:33','exam'),('W201800143','C201800020','T201800042','26093 + 29140 * 27697 = ?  ','2018-03-26 12:37:33','2018-06-25 14:45:33','task'),('W201800144','C201800021','T201800087','22140 - 29186 - 32679 = ?  ','2018-05-07 18:03:26','2018-07-18 18:55:33','task'),('W201800145','C201800038','T201800063','9408 % 13076 / 28503 = ?   ','2018-04-06 22:39:17','2018-06-20 19:15:34','task'),('W201800146','C201800017','T201800021','6182 % 6310 % 2616 = ?     ','2018-05-30 21:09:34','2018-08-30 18:48:53','task'),('W201800147','C201800034','T201800023','2274 - 5976 + 22949 = ?    ','2018-03-05 22:16:55','2018-09-01 14:35:33','task'),('W201800148','C201800004','T201800015','27751 + 27960 % 9650 = ?   ','2018-04-20 19:40:51','2018-08-07 09:35:33','exam'),('W201800149','C201800025','T201800100','22001 % 28684 * 19189 = ?  ','2018-03-09 22:42:10','2018-08-21 16:45:33','exam'),('W201800150','C201800029','T201800091','2286 - 10652 * 20322 = ?   ','2018-02-25 16:14:42','2018-07-21 18:25:33','task'),('W201800151','C201800012','T201800060','30631 + 804 * 30621 = ?    ','2018-05-31 04:06:57','2018-08-25 03:22:13','task'),('W201800152','C201800049','T201800016','7181 * 2435 * 12846 = ?    ','2018-02-19 12:39:50','2018-08-19 05:58:54','exam'),('W201800153','C201800027','T201800019','17486 + 24474 + 3646 = ?   ','2018-05-03 07:41:10','2018-07-20 17:15:33','exam'),('W201800154','C201800007','T201800094','6265 % 30856 - 2264 = ?    ','2018-04-08 09:20:55','2018-08-21 23:32:13','task'),('W201800155','C201800001','T201800061','12871 / 19659 - 10381 = ?  ','2018-02-25 15:21:52','2018-07-26 06:42:13','exam'),('W201800156','C201800050','T201800007','451 - 25717 * 8583 = ?     ','2018-05-31 11:14:54','2018-08-15 17:38:54','exam'),('W201800157','C201800023','T201800039','24654 + 26630 + 8285 = ?   ','2018-03-28 08:18:05','2018-08-03 02:12:13','exam'),('W201800158','C201800017','T201800071','13802 * 18119 / 25380 = ?  ','2018-04-15 08:23:24','2018-08-30 19:12:13','task'),('W201800159','C201800013','T201800009','8988 + 14086 % 9629 = ?    ','2018-06-07 09:40:24','2018-07-11 06:55:33','task'),('W201800160','C201800011','T201800010','1916 % 30172 % 16391 = ?   ','2018-02-24 04:08:32','2018-07-29 16:02:13','exam'),('W201800161','C201800002','T201800056','16286 / 7331 + 27777 = ?   ','2018-06-10 10:24:26','2018-08-20 05:12:13','exam'),('W201800162','C201800030','T201800072','2828 + 10953 + 3227 = ?    ','2018-03-03 05:38:57','2018-07-30 05:58:53','exam'),('W201800163','C201800014','T201800053','31398 / 12649 - 9704 = ?   ','2018-05-02 02:11:15','2018-06-23 17:28:53','task'),('W201800164','C201800024','T201800068','18811 * 2277 - 19546 = ?   ','2018-04-13 23:32:43','2018-07-22 03:25:33','task'),('W201800165','C201800031','T201800020','5724 + 10444 + 29198 = ?   ','2018-03-24 09:01:31','2018-07-23 16:52:13','exam'),('W201800166','C201800003','T201800054','32560 * 3534 - 1483 = ?    ','2018-03-08 23:48:30','2018-08-12 07:45:33','task'),('W201800167','C201800035','T201800064','22572 + 2104 % 32576 = ?   ','2018-04-17 18:25:07','2018-08-07 03:48:53','exam'),('W201800168','C201800040','T201800038','30671 * 32266 - 17290 = ?  ','2018-04-05 05:58:23','2018-08-19 20:52:13','task'),('W201800169','C201800010','T201800044','22495 + 28126 - 27538 = ?  ','2018-04-09 21:32:22','2018-08-22 01:32:13','exam'),('W201800170','C201800050','T201800066','10137 - 5775 / 9377 = ?    ','2018-05-20 19:37:23','2018-08-31 03:22:14','task'),('W201800171','C201800047','T201800028','30417 / 8237 % 2804 = ?    ','2018-03-09 03:46:15','2018-08-15 06:35:33','exam'),('W201800172','C201800027','T201800019','233 % 10388 % 19986 = ?    ','2018-05-29 23:08:44','2018-07-24 02:02:13','exam'),('W201800173','C201800030','T201800078','19950 % 21465 / 21990 = ?  ','2018-04-20 14:34:25','2018-08-06 09:12:13','exam'),('W201800174','C201800008','T201800033','6126 + 25746 / 1698 = ?    ','2018-04-07 12:44:37','2018-07-27 09:02:13','task'),('W201800175','C201800037','T201800022','20645 % 2762 % 30691 = ?   ','2018-05-15 19:36:12','2018-06-30 00:05:34','task'),('W201800176','C201800026','T201800079','21104 - 31264 * 13710 = ?  ','2018-05-30 05:39:42','2018-08-29 10:08:53','task'),('W201800177','C201800034','T201800057','22777 / 21432 / 27330 = ?  ','2018-06-07 19:32:08','2018-08-04 23:52:13','exam'),('W201800178','C201800003','T201800065','29707 / 8167 / 8745 = ?    ','2018-03-04 12:54:32','2018-07-14 11:35:33','task'),('W201800179','C201800046','T201800067','31035 * 29213 - 18816 = ?  ','2018-04-28 01:03:44','2018-07-26 01:15:33','exam'),('W201800180','C201800004','T201800015','19716 / 21878 % 2666 = ?   ','2018-02-19 07:06:59','2018-07-06 13:08:53','exam'),('W201800181','C201800020','T201800042','26037 * 30552 - 26646 = ?  ','2018-05-26 03:02:22','2018-07-07 20:45:33','task'),('W201800182','C201800010','T201800044','27941 * 29470 * 31851 = ?  ','2018-03-19 10:14:18','2018-06-25 18:08:53','exam'),('W201800183','C201800021','T201800087','112 - 25098 * 25259 = ?    ','2018-03-21 02:23:30','2018-08-15 20:15:33','task'),('W201800184','C201800018','T201800098','8169 / 27165 % 10057 = ?   ','2018-05-03 17:01:12','2018-07-16 11:25:33','task'),('W201800185','C201800006','T201800052','28717 + 9408 + 10934 = ?   ','2018-06-11 00:03:21','2018-07-26 17:15:33','task'),('W201800186','C201800024','T201800097','26439 / 11876 + 4664 = ?   ','2018-02-25 23:49:04','2018-08-14 08:18:53','exam'),('W201800187','C201800045','T201800062','1289 * 26770 * 4611 = ?    ','2018-06-09 02:42:26','2018-08-31 10:45:34','exam'),('W201800188','C201800019','T201800055','29038 - 32080 % 5929 = ?   ','2018-04-17 19:49:39','2018-06-30 00:08:53','exam'),('W201800189','C201800007','T201800090','7385 + 14597 - 26481 = ?   ','2018-05-16 22:01:12','2018-07-18 16:25:33','exam'),('W201800190','C201800036','T201800012','6195 + 19941 / 19918 = ?   ','2018-04-02 10:20:47','2018-08-29 01:58:53','exam'),('W201800191','C201800007','T201800094','24392 * 16289 + 3938 = ?   ','2018-03-04 03:23:56','2018-08-19 22:42:13','task'),('W201800192','C201800023','T201800059','12136 - 11420 - 22426 = ?  ','2018-03-22 18:22:08','2018-06-25 16:45:33','exam'),('W201800193','C201800022','T201800008','27940 / 472 + 9960 = ?     ','2018-05-19 17:33:31','2018-08-16 05:02:13','task'),('W201800194','C201800041','T201800051','31906 / 4870 / 24742 = ?   ','2018-04-03 03:52:10','2018-07-07 22:22:14','task'),('W201800195','C201800027','T201800092','10318 / 6398 % 3671 = ?    ','2018-03-09 13:53:50','2018-06-22 00:38:53','exam'),('W201800196','C201800021','T201800017','21306 - 14330 - 19004 = ?  ','2018-04-25 03:51:02','2018-07-19 04:58:53','task'),('W201800197','C201800048','T201800081','4631 * 11393 - 13252 = ?   ','2018-05-09 02:27:42','2018-08-25 12:55:34','exam'),('W201800198','C201800007','T201800090','22837 + 3638 / 22752 = ?   ','2018-06-17 13:14:06','2018-08-12 19:25:33','exam'),('W201800199','C201800031','T201800020','15984 - 19246 + 25473 = ?  ','2018-06-06 05:56:09','2018-07-17 17:28:53','task'),('W201800200','C201800043','T201800034','28363 * 9089 * 10545 = ?   ','2018-05-09 13:54:32','2018-07-18 01:22:13','exam');
/*!40000 ALTER TABLE `Task` ENABLE KEYS */;
UNLOCK TABLES;

--
-- Table structure for table `Teacher`
--

DROP TABLE IF EXISTS `Teacher`;
/*!40101 SET @saved_cs_client     = @@character_set_client */;
/*!40101 SET character_set_client = utf8 */;
CREATE TABLE `Teacher` (
  `id` char(10) COLLATE utf8mb4_unicode_ci NOT NULL,
  `name` varchar(50) CHARACTER SET utf8 NOT NULL,
  `username` varchar(20) COLLATE utf8mb4_unicode_ci DEFAULT NULL,
  `password` char(64) COLLATE utf8mb4_unicode_ci NOT NULL,
  PRIMARY KEY (`id`),
  UNIQUE KEY `username` (`username`)
) ENGINE=InnoDB DEFAULT CHARSET=utf8mb4 COLLATE=utf8mb4_unicode_ci;
/*!40101 SET character_set_client = @saved_cs_client */;

--
-- Dumping data for table `Teacher`
--

LOCK TABLES `Teacher` WRITE;
/*!40000 ALTER TABLE `Teacher` DISABLE KEYS */;
INSERT INTO `Teacher` VALUES ('T201800001','邓心进','T201800001','d2c944e50d8a70b4f92e9e65ccffd700'),('T201800002','伍民承','T201800002','d4ea16b7be9608290cf36a3e1c610b48'),('T201800003','丘昌以','T201800003','772e83a10ecba7723685c5b23d8b8cd5'),('T201800004','柳文昌','T201800004','7014345b5ed38a35c20c65c5020a5ebc'),('T201800005','凌子之','T201800005','b73ffa5dc8b3b71b46bd1d3eb52bf660'),('T201800006','王伟世','T201800006','ef19b1f07a3d9bb1a3287c6f2f4fbb20'),('T201800007','卞政贵','T201800007','a94de839f75198869476e4bebd860f44'),('T201800008','卓仁之','T201800008','3ff06ec7652732d4af55a6d1c0eedc72'),('T201800009','皮涛超','T201800009','0d30043c527b63c653bfb1d40d2abb12'),('T201800010','莫中泽','T201800010','12442e573c378ae7e82c0f705af6cdff'),('T201800011','文庆承','T201800011','48e9fe60026f6d46625762b1dcbf57d0'),('T201800012','夏庆承','T201800012','7b9ebb1b4854ea7c121f227074e5909e'),('T201800013','金山茂','T201800013','7a8fd0f74379c3e8d1de7a9357b0c1d8'),('T201800014','华轮江','T201800014','563fb34b68489c71e7d04b76bf4373b7'),('T201800015','符厚翰','T201800015','fc76650155c204ab3fa39840f98b0c2e'),('T201800016','姜富世','T201800016','66ba3b02d1c8849009078de6c0cde262'),('T201800017','王以河','T201800017','06dbf108403f2fcda354e7221f7a993b'),('T201800018','骆进明','T201800018','ab9010d415a608e66aa1666442fda419'),('T201800019','翁雄浩','T201800019','cafaae430daa74db2de76b394fead36a'),('T201800020','莫宁浩','T201800020','b572c31c2c32e53d3758513d3a1c5b69'),('T201800021','池以诚','T201800021','9a4c8846f676506ec60baf40891e8b62'),('T201800022','康固哲','T201800022','b3d595bd7de331c48cbf73cdd27e5a09'),('T201800023','黎勇晨','T201800023','1fc100ef7f64a6131df49bab8f5ff773'),('T201800024','霍心建','T201800024','21e715c0b88998e47c66d7c730813fad'),('T201800025','涂固言','T201800025','5b8d31ce5a6e43ece0a4ae59df920043'),('T201800026','柳军文','T201800026','0a6482799bdb62a915215a87b6353e0f'),('T201800027','侯磊致','T201800027','09c172c3410fb7962413003138d63717'),('T201800028','凌元泽','T201800028','fa3f2cc19c1eedacf8465415c2e93cbf'),('T201800029','黄保星','T201800029','c619f56856f6c39d86946253ef3b28a7'),('T201800030','华峰心','T201800030','0f6b8d581442446ed4cf08884707381f'),('T201800031','母绍家','T201800031','90c13ca337f6df4e97f75a6e88d478ef'),('T201800032','吕海才','T201800032','2c2aec13d3519edefb9a7d1149a17dda'),('T201800033','时裕富','T201800033','f945d5cd80d9b7bbbabdef45be229297'),('T201800034','邱仁功','T201800034','00ea05da1b05b4cd71099f2ec1c7f0fc'),('T201800035','鲁峰宏','T201800035','021b5abf762d18e9b8719124a9afbce0'),('T201800036','武腾策','T201800036','32bf763065048cff6efbecf6179705cd'),('T201800037','李祥飞','T201800037','a137b72d91cbeb84a14e892ef504aca3'),('T201800038','朱学腾','T201800038','aea09173a8bcdc4e56d8ef55253200f8'),('T201800039','武涛彬','T201800039','753ca7d6d23988607c03ca1877800efa'),('T201800040','王飞启','T201800040','1087f63c5a88bd36573c920dbe58dd9f'),('T201800041','廖生武','T201800041','9ec4ba6bb32e9fe568e39391220d1965'),('T201800042','侯政义','T201800042','610d2403a9e596f5e8a0d48066a539fe'),('T201800043','姬善民','T201800043','22f35f7d3bd68292df4c85144483b9a6'),('T201800044','叶震友','T201800044','3694c2ece253ff6cc2cbe77765d941e7'),('T201800045','伍广诚','T201800045','7a6fba36cae18074fa813587246e57fa'),('T201800046','卢榕勇','T201800046','7fe017af4348e55425870ce5f6567fd6'),('T201800047','毕炎世','T201800047','cb53b8e9caa6dd356cc9884827ac1b20'),('T201800048','俞海天','T201800048','fe82aba6ce4fc4831683653291b0cb1a'),('T201800049','朱亨江','T201800049','9223708f6062026f28cda5ec2ba0a5e7'),('T201800050','盛以元','T201800050','eaa16617b6ca67dd4bfdd3b6eb281931'),('T201800051','辛震贵','T201800051','40656b11369b60a58326913d99345b70'),('T201800052','郎朗河','T201800052','0fe7972648f8f59d21e67d04baa30efe'),('T201800053','韦心群','T201800053','87f90ace777c522d1c5386a8a4de106f'),('T201800054','侯建有','T201800054','381e6e22b050e780306e34ef39cc6083'),('T201800055','方宁钧','T201800055','dcb893c6b8d79c2e73c0eb1d48d5456f'),('T201800056','霍妍','T201800056','3d92f77b8031fcd9bf8831040c9ccc2c'),('T201800057','苏影翠','T201800057','3c60dfaebc2cbef7f90b045245c966ce'),('T201800058','夏菊姬','T201800058','a1c7b62908aae97cbc8d0c688fa10eaa'),('T201800059','区芬瑞','T201800059','abf49fdff8155fe7cb02278cede69569'),('T201800060','俞月娅','T201800060','73d50aaafc05c6696c365142e430de98'),('T201800061','区嘉萍','T201800061','f86b348339c58d324e22f1132f69095a'),('T201800062','元悦思','T201800062','548e90bc91a4d0cc0cf6cdffdad1265c'),('T201800063','唐素秋','T201800063','90e6dd81ad0fff8bf94dc82536af3d5d'),('T201800064','岳菁霭','T201800064','342b066bc54ec72fcd45de3f0652d563'),('T201800065','古婉勤','T201800065','57782829affafcc4db53c4182b432ef1'),('T201800066','区育昭','T201800066','4929977789936ff70ed51ac8da07543d'),('T201800067','钱凤荣','T201800067','6cd25d335e107c0b9c2801f2b7b9d4b1'),('T201800068','江梦香','T201800068','ed24aedf2510b03bbf1ad0a4710ca6be'),('T201800069','颜滢鱼','T201800069','f9bed9c47de930d43bedb4f77f428490'),('T201800070','王素凡','T201800070','374ed2545af73fc6520986627fd52130'),('T201800071','童贞萍','T201800071','db36eeef61d5b4924cfaf0e88216886d'),('T201800072','虞莲洁','T201800072','1ccdd25e880f4edaf631fce531a927b6'),('T201800073','云莎巧','T201800073','24e4bf6e48bd6e746d54b72ae6d5c6c6'),('T201800074','庄欣影','T201800074','3ea6296ef9c75710c23765b401d0cfb1'),('T201800075','穆英筠','T201800075','767b5cca14526aab647aff06d7fb5591'),('T201800076','霍寒春','T201800076','bbfc258716619a9d4d8ca839cb2b8fae'),('T201800077','周萍妍','T201800077','7af23c0dbf23633816bcc37d74dc1ccb'),('T201800078','于华青','T201800078','517de21d9c6abc8d55cebf3b19d797dd'),('T201800079','黎娜咏','T201800079','f2e75eacb8cceb6eb547449199892772'),('T201800080','汤巧','T201800080','51fa2f3e496669ad7abfd87fa195962e'),('T201800081','刘玉岚','T201800081','7c6a9ff221005fb34fec746995df0e1a'),('T201800082','谭宜筠','T201800082','3fb119f08f2550ba3a32eaec743133b5'),('T201800083','谭云希','T201800083','f5fa8584764514bc6373aba5e3d1fd16'),('T201800084','区雁琬','T201800084','bf41112d8451d841314c41f5af8b5b36'),('T201800085','华纯','T201800085','d7b559b02e3aa649464802c01790018f'),('T201800086','陆艳卿','T201800086','a816e42209952aaadccf0c26fdc98b98'),('T201800087','朱贞雁','T201800087','f1323ca833f0c340102542069493954c'),('T201800088','戚琼莲','T201800088','27c2f50355a5bb24bd274297274f7527'),('T201800089','邢思美','T201800089','7b13b051e003f28a823648c2672fc851'),('T201800090','庄悦琳','T201800090','bd09e3d05fc6dbab277b9929f0e34750'),('T201800091','方叶青','T201800091','80d0a421e2f8539cfb37fa1c4d6bedf7'),('T201800092','史琰岚','T201800092','c4a852be0aa3b25692f4c55f6539917d'),('T201800093','邬芝菊','T201800093','f823e88a0bdfb29c379f272bfd52f1d9'),('T201800094','石茗飘','T201800094','3e508e3b96aa30798ef2480f1d0a7382'),('T201800095','黎琬','T201800095','4b7827f391dac74956ef4760a979013f'),('T201800096','金爱','T201800096','66c868488f3d19df53912d59eac99e64'),('T201800097','汤淑琳','T201800097','acfb08d35ec7293ecf6cf4dda4f60caa'),('T201800098','唐真洁','T201800098','c3ed3a99660ce767f0d20fb3c2aa24d8'),('T201800099','彭娥馨','T201800099','c89af96b0a6b0a6a75cdf7701c2e3482'),('T201800100','岑秀融','T201800100','7a17ccce33270ed516e1acb90287c900');
/*!40000 ALTER TABLE `Teacher` ENABLE KEYS */;
UNLOCK TABLES;

--
-- Table structure for table `TeacherApplication`
--

DROP TABLE IF EXISTS `TeacherApplication`;
/*!40101 SET @saved_cs_client     = @@character_set_client */;
/*!40101 SET character_set_client = utf8 */;
CREATE TABLE `TeacherApplication` (
  `id` char(10) COLLATE utf8mb4_unicode_ci NOT NULL,
  `statement` text COLLATE utf8mb4_unicode_ci,
  `teacherId` char(10) COLLATE utf8mb4_unicode_ci NOT NULL,
  `approved` tinyint(1) DEFAULT NULL,
  `managerId` char(10) COLLATE utf8mb4_unicode_ci DEFAULT NULL,
  PRIMARY KEY (`id`),
  KEY `teacherId` (`teacherId`),
  KEY `managerId` (`managerId`),
  CONSTRAINT `TeacherApplication_ibfk_1` FOREIGN KEY (`teacherId`) REFERENCES `Teacher` (`id`) ON DELETE CASCADE ON UPDATE CASCADE,
  CONSTRAINT `TeacherApplication_ibfk_2` FOREIGN KEY (`managerId`) REFERENCES `Manager` (`id`) ON DELETE SET NULL ON UPDATE CASCADE
) ENGINE=InnoDB DEFAULT CHARSET=utf8mb4 COLLATE=utf8mb4_unicode_ci;
/*!40101 SET character_set_client = @saved_cs_client */;

--
-- Dumping data for table `TeacherApplication`
--

LOCK TABLES `TeacherApplication` WRITE;
/*!40000 ALTER TABLE `TeacherApplication` DISABLE KEYS */;
/*!40000 ALTER TABLE `TeacherApplication` ENABLE KEYS */;
UNLOCK TABLES;

--
-- Table structure for table `TeacherCourse`
--

DROP TABLE IF EXISTS `TeacherCourse`;
/*!40101 SET @saved_cs_client     = @@character_set_client */;
/*!40101 SET character_set_client = utf8 */;
CREATE TABLE `TeacherCourse` (
  `teacherId` char(10) COLLATE utf8mb4_unicode_ci NOT NULL,
  `courseId` char(10) COLLATE utf8mb4_unicode_ci NOT NULL,
  PRIMARY KEY (`courseId`,`teacherId`),
  KEY `teacherId` (`teacherId`),
  CONSTRAINT `TeacherCourse_ibfk_1` FOREIGN KEY (`teacherId`) REFERENCES `Teacher` (`id`) ON DELETE CASCADE ON UPDATE CASCADE,
  CONSTRAINT `TeacherCourse_ibfk_2` FOREIGN KEY (`courseId`) REFERENCES `Course` (`id`) ON DELETE CASCADE ON UPDATE CASCADE
) ENGINE=InnoDB DEFAULT CHARSET=utf8mb4 COLLATE=utf8mb4_unicode_ci;
/*!40101 SET character_set_client = @saved_cs_client */;

--
-- Dumping data for table `TeacherCourse`
--

LOCK TABLES `TeacherCourse` WRITE;
/*!40000 ALTER TABLE `TeacherCourse` DISABLE KEYS */;
INSERT INTO `TeacherCourse` VALUES ('T201800061','C201800001'),('T201800088','C201800001'),('T201800014','C201800002'),('T201800056','C201800002'),('T201800054','C201800003'),('T201800065','C201800003'),('T201800015','C201800004'),('T201800074','C201800004'),('T201800043','C201800005'),('T201800047','C201800005'),('T201800048','C201800006'),('T201800052','C201800006'),('T201800090','C201800007'),('T201800094','C201800007'),('T201800025','C201800008'),('T201800033','C201800008'),('T201800050','C201800009'),('T201800084','C201800009'),('T201800003','C201800010'),('T201800044','C201800010'),('T201800010','C201800011'),('T201800076','C201800011'),('T201800060','C201800012'),('T201800096','C201800012'),('T201800009','C201800013'),('T201800030','C201800013'),('T201800041','C201800014'),('T201800053','C201800014'),('T201800077','C201800015'),('T201800086','C201800015'),('T201800024','C201800016'),('T201800070','C201800016'),('T201800021','C201800017'),('T201800071','C201800017'),('T201800031','C201800018'),('T201800098','C201800018'),('T201800027','C201800019'),('T201800055','C201800019'),('T201800042','C201800020'),('T201800049','C201800020'),('T201800017','C201800021'),('T201800087','C201800021'),('T201800008','C201800022'),('T201800095','C201800022'),('T201800039','C201800023'),('T201800059','C201800023'),('T201800068','C201800024'),('T201800097','C201800024'),('T201800040','C201800025'),('T201800100','C201800025'),('T201800013','C201800026'),('T201800079','C201800026'),('T201800019','C201800027'),('T201800092','C201800027'),('T201800035','C201800028'),('T201800085','C201800028'),('T201800005','C201800029'),('T201800091','C201800029'),('T201800072','C201800030'),('T201800078','C201800030'),('T201800004','C201800031'),('T201800020','C201800031'),('T201800032','C201800032'),('T201800037','C201800032'),('T201800001','C201800033'),('T201800045','C201800033'),('T201800023','C201800034'),('T201800057','C201800034'),('T201800064','C201800035'),('T201800082','C201800035'),('T201800012','C201800036'),('T201800018','C201800036'),('T201800002','C201800037'),('T201800022','C201800037'),('T201800063','C201800038'),('T201800089','C201800038'),('T201800006','C201800039'),('T201800046','C201800039'),('T201800038','C201800040'),('T201800075','C201800040'),('T201800051','C201800041'),('T201800083','C201800041'),('T201800036','C201800042'),('T201800073','C201800042'),('T201800034','C201800043'),('T201800069','C201800043'),('T201800058','C201800044'),('T201800099','C201800044'),('T201800029','C201800045'),('T201800062','C201800045'),('T201800026','C201800046'),('T201800067','C201800046'),('T201800011','C201800047'),('T201800028','C201800047'),('T201800081','C201800048'),('T201800093','C201800048'),('T201800016','C201800049'),('T201800080','C201800049'),('T201800007','C201800050'),('T201800066','C201800050');
/*!40000 ALTER TABLE `TeacherCourse` ENABLE KEYS */;
UNLOCK TABLES;
/*!40103 SET TIME_ZONE=@OLD_TIME_ZONE */;

/*!40101 SET SQL_MODE=@OLD_SQL_MODE */;
/*!40014 SET FOREIGN_KEY_CHECKS=@OLD_FOREIGN_KEY_CHECKS */;
/*!40014 SET UNIQUE_CHECKS=@OLD_UNIQUE_CHECKS */;
/*!40101 SET CHARACTER_SET_CLIENT=@OLD_CHARACTER_SET_CLIENT */;
/*!40101 SET CHARACTER_SET_RESULTS=@OLD_CHARACTER_SET_RESULTS */;
/*!40101 SET COLLATION_CONNECTION=@OLD_COLLATION_CONNECTION */;
/*!40111 SET SQL_NOTES=@OLD_SQL_NOTES */;

-- Dump completed on 2018-06-21 20:33:12
